<instance description="Gabriel Angelos - Elite Captain Unit" template="sbps">
	<list name="extensions">
		<template_reference name="squadexts" value="sbpextensions\squad_blueprint_ext">
		</template_reference>
		<template_reference name="squadexts" value="sbpextensions\squad_ui_ext">
			<list name="race_list">
				<group name="race_data">
					<group name="info">
						<bool name="allow_spawner_production" value="False" />
						<locstring name="extra_text" value="11112663" />
						<locstring name="help_text" value="11106921" />
						<string name="hotkey_name" value="Z" />
						<icon name="icon_name" value="Icons_space_marines_portraits_elite_gabriel" />
						<bool name="minimap_team_only" value="False" />
						<icon name="minimap_texture" value="Icons_common_decorators_space_marines_elite_gabriel_angelos" />
						<instance_reference name="modal_ability" value="" />
						<bool name="reveal_for_decryption" value="True" />
						<locstring name="screen_name" value="11106374" />
						<string name="selection_group" value="spa_gabriel_angelos" />
						<int name="ui_priority" value="0" />
						<bool name="use_random_entity_speaker" value="False" />
						<icon name="portrait_name" value="Icons_space_marines_portraits_elite_gabriel" />
						<float name="minimap_texture_scale" value="0.2" />
						<locstring name="brief_text" value="0" />
						<locstring name="screen_name_short" value="0" />
						<enum name="map_rotation_type_override" value="no_override" />
						<bool name="show_in_build_log" value="True" />
						<icon name="symbol_icon_name" value="Icons_common_decorators_space_marines_elite_gabriel_angelos" />
						<enum name="ui_style" value="reinforcement_purchase" />
						<string name="cover_level_icon_postfix" value="" />
						<bool name="hide_ucs" value="False" />
						<enum name="decorator_visibility" value="visible" />
					</group>
					<instance_reference name="ext_key" value="" />
				</group>
			</list>
		</template_reference>
		<template_reference name="squadexts" value="sbpextensions\squad_combat_stance_ext">
			<enum name="default_stance" value="attack" />
		</template_reference>
		<template_reference name="squadexts" value="sbpextensions\squad_formation_ext">
			<float name="combat_follower_cover_search_radius" value="2" />
			<float name="move_dest_cover_search_radius" value="3" />
			<group name="squad_distribution_table">
				<group name="01_soldiers">
					<float name="units_in_core" value="1" />
					<float name="units_in_left_flank" value="0" />
					<float name="units_in_right_flank" value="0" />
					<float name="units_in_scout" value="0" />
				</group>
				<group name="02_soldiers">
					<float name="units_in_core" value="2" />
					<float name="units_in_left_flank" value="0" />
					<float name="units_in_right_flank" value="0" />
					<float name="units_in_scout" value="0" />
				</group>
				<group name="03_soldiers">
					<float name="units_in_core" value="3" />
					<float name="units_in_left_flank" value="0" />
					<float name="units_in_right_flank" value="0" />
					<float name="units_in_scout" value="0" />
				</group>
				<group name="04_soldiers">
					<float name="units_in_core" value="4" />
					<float name="units_in_left_flank" value="0" />
					<float name="units_in_right_flank" value="0" />
					<float name="units_in_scout" value="0" />
				</group>
				<group name="05_soldiers">
					<float name="units_in_core" value="5" />
					<float name="units_in_left_flank" value="0" />
					<float name="units_in_right_flank" value="0" />
					<float name="units_in_scout" value="0" />
				</group>
				<group name="06_soldiers">
					<float name="units_in_core" value="6" />
					<float name="units_in_left_flank" value="0" />
					<float name="units_in_right_flank" value="0" />
					<float name="units_in_scout" value="0" />
				</group>
				<group name="07_soldiers">
					<float name="units_in_core" value="7" />
					<float name="units_in_left_flank" value="0" />
					<float name="units_in_right_flank" value="0" />
					<float name="units_in_scout" value="0" />
				</group>
				<group name="08_soldiers">
					<float name="units_in_core" value="8" />
					<float name="units_in_left_flank" value="0" />
					<float name="units_in_right_flank" value="0" />
					<float name="units_in_scout" value="0" />
				</group>
				<group name="09_soldiers">
					<float name="units_in_core" value="9" />
					<float name="units_in_left_flank" value="0" />
					<float name="units_in_right_flank" value="0" />
					<float name="units_in_scout" value="0" />
				</group>
				<group name="10_soldiers">
					<float name="units_in_core" value="10" />
					<float name="units_in_left_flank" value="0" />
					<float name="units_in_right_flank" value="0" />
					<float name="units_in_scout" value="0" />
				</group>
			</group>
			<bool name="support_weapons_to_flanks" value="False" />
			<list name="formation_overrides">
				<group name="formation_override_entry">
					<enum name="squad_formation_override" value="forge_idle" />
					<instance_reference name="formation" value="squad_formations\forge\sm_3man_centerrise" />
				</group>
			</list>
			<enum_table name="cover_formation_table">
				<instance_reference name="tp_defcover" value="squad_formations\default" />
				<instance_reference name="tp_defcover_narrow" value="squad_formations\default" />
				<instance_reference name="tp_garrison_cover" value="squad_formations\default" />
				<instance_reference name="tp_garrison_halftrack" value="squad_formations\default" />
				<instance_reference name="tp_heavy" value="squad_formations\default" />
				<instance_reference name="tp_light" value="squad_formations\default" />
				<instance_reference name="tp_negative" value="squad_formations\default" />
				<instance_reference name="tp_open" value="squad_formations\default" />
				<instance_reference name="tp_smoke" value="squad_formations\default" />
				<instance_reference name="tp_trench" value="squad_formations\default" />
				<instance_reference name="tp_water" value="squad_formations\default" />
				<instance_reference name="tp_z_bunker" value="squad_formations\default" />
				<instance_reference name="tp_z_emplacement" value="squad_formations\default" />
				<instance_reference name="tp_z_ice" value="squad_formations\default" />
				<instance_reference name="tp_z_snow" value="squad_formations\default" />
				<instance_reference name="tp_zz_deep_snow" value="squad_formations\default" />
				<instance_reference name="tp_zz_mud" value="squad_formations\default" />
				<instance_reference name="tp_zz_team_weapon_heavy" value="squad_formations\default" />
				<instance_reference name="tp_shot_absorber" value="squad_formations\default" />
			</enum_table>
			<enum_table name="moving_cover_formation_override_table">
				<instance_reference name="tp_defcover" value="" />
				<instance_reference name="tp_defcover_narrow" value="" />
				<instance_reference name="tp_garrison_cover" value="" />
				<instance_reference name="tp_garrison_halftrack" value="" />
				<instance_reference name="tp_heavy" value="" />
				<instance_reference name="tp_light" value="" />
				<instance_reference name="tp_negative" value="" />
				<instance_reference name="tp_open" value="" />
				<instance_reference name="tp_smoke" value="" />
				<instance_reference name="tp_trench" value="" />
				<instance_reference name="tp_water" value="" />
				<instance_reference name="tp_z_bunker" value="" />
				<instance_reference name="tp_z_emplacement" value="" />
				<instance_reference name="tp_z_ice" value="" />
				<instance_reference name="tp_z_snow" value="" />
				<instance_reference name="tp_zz_deep_snow" value="" />
				<instance_reference name="tp_zz_mud" value="" />
				<instance_reference name="tp_zz_team_weapon_heavy" value="" />
				<instance_reference name="tp_shot_absorber" value="" />
			</enum_table>
		</template_reference>
		<template_reference name="squadexts" value="sbpextensions\squad_item_slot_ext">
			<bool name="can_pick_up" value="False" />
			<float name="num_slots" value="1" />
		</template_reference>
		<template_reference name="squadexts" value="sbpextensions\squad_loadout_ext">
			<list name="unit_list">
				<group name="loadout_data">
					<float name="num" value="1" />
					<instance_reference name="type" value="ebps\races\space_marines\line_units\spa_captain_gabriel_angelos" mod="a5fef7c6e07942ffb7483ef8065b8755" />
				</group>
			</list>
			<float name="squad_female_chance" value="0" />
		</template_reference>
		<template_reference name="squadexts" value="sbpextensions\squad_modifier_ext">
		</template_reference>
		<template_reference name="squadexts" value="sbpextensions\squad_requirement_ext">
			<list name="requirement_table">
				<template_reference name="required" value="requirements\required_squad">
					<enum name="reason" value="usage" />
					<locstring name="ui_name" value="11096598" />
					<float name="max_squad_cap" value="1" />
					<instance_reference name="squad_name" value="sbps\races\space_marines\line_units\spa_captain_gabriel_angelos" mod="a5fef7c6e07942ffb7483ef8065b8755" />
				</template_reference>
				<template_reference name="required" value="requirements\required_player_upgrade">
					<enum name="reason" value="usage" />
					<locstring name="ui_name" value="0" />
					<bool name="is_present" value="True" />
					<int name="max_completed" value="100" />
					<int name="min_completed" value="1" />
					<instance_reference name="upgrade_name" value="upgrade\races\space_marines\spa_hq_tier_2" mod="a5fef7c6e07942ffb7483ef8065b8755" />
					<bool name="include_queued" value="False" />
				</template_reference>
			</list>
		</template_reference>
		<template_reference name="squadexts" value="sbpextensions\squad_upgrade_apply_ext">
			<list name="upgrades">
			</list>
		</template_reference>
		<template_reference name="squadexts" value="sbpextensions\squad_upgrade_ext">
			<float name="number_of_slots" value="-1" />
			<list name="upgrades">
			</list>
			<int name="max_queue_size_override" value="-1" />
		</template_reference>
		<template_reference name="squadexts" value="sbpextensions\squad_action_apply_ext">
			<list name="actions">
				<template_reference name="action" value="action\sound_action">
					<sound name="play_event" value="t05mis_spa_captain_gabriel_angelos_squad_spawn" />
					<uniqueid name="id" value="1073742782" />
					<sound name="stop_event" value="" />
					<enum name="visibility_type" value="ExecuterIsOwnOrAlly" />
				</template_reference>
				<template_reference name="action" value="action\sound_action">
					<sound name="play_event" value="t05mis_spa_captain_gabriel_angelos_squad_spawn" />
					<uniqueid name="id" value="1073742783" />
					<sound name="stop_event" value="" />
					<enum name="visibility_type" value="ExecuterIsEnemy" />
				</template_reference>
				<template_reference name="action" value="action\add_shield_action" comment="Standard Shield - Added and then turned off">
					<uniqueid name="id" value="1073742784" />
					<bool name="permanent" value="False" />
					<instance_reference name="shield" value="shield\space_marines\gameplay\spa_standard_temporary_shield" />
				</template_reference>
				<template_reference name="action" value="action\apply_modifiers_action" comment="Turns off the standard shield which is then turned on with an aura">
					<float name="duration" value="0" />
					<bool name="permanent" value="False" />
					<list name="modifiers">
						<template_reference name="modifier" value="modifiers\shield_modifier">
							<enum name="application_type" value="apply_to_shield" />
							<bool name="exclusive" value="False" />
							<string name="modifier_id" value="" />
							<instance_reference name="tooltip" value="" />
							<enum name="usage_type" value="enable" />
							<float name="value" value="-1" />
							<instance_reference name="target_type_name" value="shield\space_marines\gameplay\spa_standard_temporary_shield" />
							<enum name="type" value="shield_enable_modifier" />
						</template_reference>
					</list>
					<uniqueid name="id" value="1073742785" />
				</template_reference>
			</list>
		</template_reference>
		<template_reference name="squadexts" value="sbpextensions\squad_combat_behaviour_ext">
			<float name="heavy_weapon_setup_delay" value="999" />
			<float name="reaction_delay_seconds" value="25" />
			<float name="reveal_self_attacker_time" value="0" />
			<bool name="reveal_self_attacker_time_use" value="False" />
			<file name="squad_ai_file" value="" />
			<file name="squad_ai_pinned_file" value="" />
			<file name="squad_ai_reaction_file" value="" />
			<file name="squad_ai_retaliation_file" value="" />
			<group name="suppression">
				<bool name="can_be_suppressed" value="False" />
				<float name="noncombat_delay" value="7" />
				<float name="noncombat_recover_multiplier" value="50" />
				<float name="pin_down_activate_threshold" value="0.6" />
				<float name="pin_down_recover_threshold" value="0.5" />
				<float name="recover_rate" value="0.008" />
				<float name="suppressed_activate_threshold" value="0.2" />
				<float name="suppressed_recover_threshold" value="0.15" />
				<list name="pin_down_activate_actions">
				</list>
				<list name="suppressed_activate_actions">
				</list>
				<enum_table name="cover_info">
					<template_reference name="tp_defcover" value="suppression_cover_info">
						<float name="recover_multiplier" value="1" />
					</template_reference>
					<template_reference name="tp_defcover_narrow" value="suppression_cover_info">
						<float name="recover_multiplier" value="1" />
					</template_reference>
					<template_reference name="tp_garrison_cover" value="suppression_cover_info">
						<float name="recover_multiplier" value="500" />
					</template_reference>
					<template_reference name="tp_garrison_halftrack" value="suppression_cover_info">
						<float name="recover_multiplier" value="1" />
					</template_reference>
					<template_reference name="tp_heavy" value="suppression_cover_info">
						<float name="recover_multiplier" value="5" />
					</template_reference>
					<template_reference name="tp_light" value="suppression_cover_info">
						<float name="recover_multiplier" value="2.5" />
					</template_reference>
					<template_reference name="tp_negative" value="suppression_cover_info">
						<float name="recover_multiplier" value="0.5" />
					</template_reference>
					<template_reference name="tp_open" value="suppression_cover_info">
						<float name="recover_multiplier" value="0.75" />
					</template_reference>
					<template_reference name="tp_smoke" value="suppression_cover_info">
						<float name="recover_multiplier" value="1" />
					</template_reference>
					<template_reference name="tp_trench" value="suppression_cover_info">
						<float name="recover_multiplier" value="1" />
					</template_reference>
					<template_reference name="tp_water" value="suppression_cover_info">
						<float name="recover_multiplier" value="1" />
					</template_reference>
					<template_reference name="tp_z_bunker" value="suppression_cover_info">
						<float name="recover_multiplier" value="1" />
					</template_reference>
					<template_reference name="tp_z_emplacement" value="suppression_cover_info">
						<float name="recover_multiplier" value="1" />
					</template_reference>
					<template_reference name="tp_z_ice" value="suppression_cover_info">
						<float name="recover_multiplier" value="1" />
					</template_reference>
					<template_reference name="tp_z_snow" value="suppression_cover_info">
						<float name="recover_multiplier" value="1" />
					</template_reference>
					<template_reference name="tp_zz_deep_snow" value="suppression_cover_info">
						<float name="recover_multiplier" value="1" />
					</template_reference>
					<template_reference name="tp_zz_mud" value="suppression_cover_info">
						<float name="recover_multiplier" value="1" />
					</template_reference>
					<template_reference name="tp_zz_team_weapon_heavy" value="suppression_cover_info">
						<float name="recover_multiplier" value="1" />
					</template_reference>
					<template_reference name="tp_shot_absorber" value="suppression_cover_info">
						<float name="recover_multiplier" value="1" />
					</template_reference>
				</enum_table>
			</group>
			<group name="pilfer">
				<bool name="can_pilfer" value="False" />
				<group name="weapon">
					<group name="heading">
						<float name="x" value="0" />
						<float name="y" value="0" />
						<float name="z" value="1" />
					</group>
					<float name="length" value="0" />
					<group name="origin">
						<float name="x" value="0" />
						<float name="y" value="0.5" />
						<float name="z" value="0" />
					</group>
					<enum name="type" value="default" />
					<instance_reference name="weapon" value="" />
				</group>
				<instance_reference name="remove_weapon" value="" />
			</group>
			<float name="reaction_combat_delay_seconds" value="30" />
			<file name="squad_ai_sniped_file" value="" />
			<template_reference name="can_recrew_abandoned_option" value="options\none">
			</template_reference>
			<template_reference name="charge_option" value="options\charge\charge_options">
				<float name="min_trigger_distance" value="2" />
				<float name="max_trigger_distance" value="10" />
				<float name="cooldown_seconds" value="15" />
				<float name="max_duration_seconds" value="5" />
				<list name="on_charge_self_actions">
					<template_reference name="action" value="action\fire_and_forget_action">
						<uniqueid name="id" value="1073742788" />
						<list name="fire_and_forget_actions">
							<template_reference name="action" value="action\apply_modifiers_action">
								<float name="duration" value="5" />
								<bool name="permanent" value="False" />
								<list name="modifiers">
									<template_reference name="modifier" value="modifiers\entity_modifier">
										<enum name="application_type" value="apply_to_squad" />
										<bool name="exclusive" value="True" />
										<string name="modifier_id" value="charge_speed" />
										<enum name="usage_type" value="addition" />
										<float name="value" value="3" />
										<instance_reference name="tooltip" value="" />
										<enum name="type" value="speed_maximum_modifier" />
										<instance_reference name="target_type_name" value="" />
									</template_reference>
								</list>
								<uniqueid name="id" value="1073742789" />
							</template_reference>
						</list>
						<bool name="fire_if_any_can" value="True" />
					</template_reference>
				</list>
				<list name="on_hit_target_actions">
					<template_reference name="action" value="action\requirement_action">
						<bool name="check_self" value="False" />
						<bool name="validation_requires_requirements" value="True" />
						<bool name="validate_all_sub_actions" value="True" />
						<list name="requirement_table">
							<template_reference name="required" value="requirements\required_squad_upgrade">
								<enum name="reason" value="usage" />
								<locstring name="ui_name" value="0" />
								<bool name="include_queued" value="False" />
								<bool name="is_present" value="False" />
								<instance_reference name="upgrade_name" value="upgrade\races\gameplay\melee_charge_slow_immunity" />
								<int name="min_completed" value="1" />
								<int name="max_completed" value="100" />
							</template_reference>
							<template_reference name="required" value="requirements\required_unit_type">
								<enum name="reason" value="usage" />
								<locstring name="ui_name" value="0" />
								<enum name="unit_type" value="infantry" />
								<template_reference name="qualify_option" value="options\none">
								</template_reference>
								<bool name="search_load_out" value="False" />
							</template_reference>
						</list>
						<list name="action_table">
							<template_reference name="action" value="action\timed_action">
								<float name="duration" value="3" />
								<bool name="fire_and_forget" value="True" />
								<list name="subactions">
									<template_reference name="action" value="action\change_target_action">
										<list name="actions">
											<template_reference name="action" value="action\apply_modifiers_action">
												<float name="duration" value="0" />
												<bool name="permanent" value="False" />
												<list name="modifiers">
													<template_reference name="modifier" value="modifiers\entity_modifier">
														<enum name="application_type" value="apply_to_squad" />
														<bool name="exclusive" value="True" />
														<string name="modifier_id" value="melee_charge" />
														<enum name="usage_type" value="multiplication" />
														<float name="value" value="0.5" />
														<instance_reference name="tooltip" value="" />
														<enum name="type" value="speed_maximum_modifier" />
														<instance_reference name="target_type_name" value="" />
													</template_reference>
												</list>
												<uniqueid name="id" value="1073742790" />
											</template_reference>
											<template_reference name="action" value="action\upgrade_add">
												<bool name="apply_to_entities_in_squad" value="False" />
												<bool name="trigger_publish_event" value="False" />
												<instance_reference name="upgrade" value="upgrade\races\gameplay\melee_charge_slow_immunity" />
												<uniqueid name="id" value="1073742791" />
												<bool name="allow_duplicates" value="True" />
											</template_reference>
											<template_reference name="action" value="action\ui_unit_modifier_action">
												<bool name="die_with_creator" value="False" />
												<template_reference name="ui_info" value="tables\ui_info">
													<locstring name="screen_name" value="11129386" />
													<locstring name="help_text" value="11129387" />
													<icon name="icon_name" value="Icons_common_states_slow" />
													<string name="hotkey_name" value="" />
												</template_reference>
												<uniqueid name="id" value="1073742792" />
											</template_reference>
										</list>
										<enum name="change_target_type" value="squad" />
										<uniqueid name="id" value="1073742793" />
										<bool name="validate_sub_actions" value="False" />
									</template_reference>
								</list>
								<uniqueid name="id" value="1073742794" />
							</template_reference>
						</list>
						<uniqueid name="id" value="1073742795" />
						<template_reference name="ui_help_text" value="tables\help_text_phrase">
							<int name="phrase_order" value="0" />
							<locstring name="phrase" value="0" />
						</template_reference>
						<template_reference name="behaviour_type" value="options\action\requirement_action\check_once_to_start_stop_when_requirements_fail">
						</template_reference>
					</template_reference>
				</list>
				<list name="on_charge_target_actions">
				</list>
			</template_reference>
			<bool name="disable_ranged_weapons_when_tied_up" value="True" />
			<int name="melee_tieup_attacking_priority" value="0" />
			<int name="melee_tieup_defending_priority" value="0" />
			<bool name="ranged_weapons_prefer_single_squad_target" value="True" />
			<bool name="accept_move_commands_while_combat" value="False" />
			<float name="reveal_defender_time" value="0" />
			<bool name="reveal_defender_time_use" value="False" />
			<instance_reference name="range_reticule" value="ui_reticule\ability_range_default_marines" />
		</template_reference>
		<template_reference name="squadexts" value="sbpextensions\squad_holdable_ext">
			<list name="modifier_table">
			</list>
		</template_reference>
		<template_reference name="squadexts" value="sbpextensions\squad_ability_ext">
			<list name="abilities">
				<instance_reference name="ability" value="abilities\races\eldar\structures\eld_teleport_webway_portal_ork_tunnel" mod="a5fef7c6e07942ffb7483ef8065b8755" />
				<instance_reference name="ability" value="abilities\races\space_marines\gabriel_angelos\spa_god_splitter_gabriel" />
				<instance_reference name="ability" value="abilities\races\space_marines\gabriel_angelos\spa_retribution_gabriel" />
				<instance_reference name="ability" value="abilities\races\space_marines\gabriel_angelos\spa_critical_strike_0_gabriel" />
				<instance_reference name="ability" value="abilities\races\space_marines\gabriel_angelos\spa_critical_strike_1_gabriel" />
				<instance_reference name="ability" value="abilities\races\space_marines\gabriel_angelos\spa_critical_strike_2_gabriel" />
				<instance_reference name="ability" value="abilities\races\space_marines\gabriel_angelos\spa_critical_strike_3_gabriel" />
				<instance_reference name="ability" value="abilities\races\space_marines\gabriel_angelos\spa_critical_strike_ready_gabriel" />
				<instance_reference name="ability" value="abilities\races\eldar\warp_spiders\eld_warp_rift" />
			</list>
			<bool name="allow_targeted_abilities_whilst_moving" value="False" />
			<int name="ui_combine_priority" value="16" />
		</template_reference>
		<template_reference name="squadexts" value="sbpextensions\squad_capture_strategic_point_ext">
			<float name="capture_distance" value="0" />
			<float name="capture_rate_multiplier" value="0" />
			<float name="revert_rate_multiplier" value="0" />
		</template_reference>
		<template_reference name="squadexts" value="sbpextensions\squad_population_ext">
			<float name="personnel_pop" value="0" />
		</template_reference>
		<template_reference name="squadexts" value="sbpextensions\squad_type_ext">
			<list name="squad_type_list">
			</list>
		</template_reference>
		<template_reference name="squadexts" value="sbpextensions\squad_health_ext">
			<float name="regeneration_per_second" value="3" />
			<list name="shields">
			</list>
			<list name="death_actions">
				<template_reference name="action" value="action\sound_action">
					<sound name="play_event" value="t05mis_spa_captain_gabriel_angelos_squad_death" />
					<uniqueid name="id" value="1073742796" />
					<sound name="stop_event" value="" />
					<enum name="visibility_type" value="ExecuterIsOwnOrAlly" />
				</template_reference>
				<template_reference name="action" value="action\sound_action">
					<sound name="play_event" value="t05mis_spa_captain_gabriel_angelos_squad_death" />
					<uniqueid name="id" value="1073742797" />
					<sound name="stop_event" value="" />
					<enum name="visibility_type" value="ExecuterIsEnemy" />
				</template_reference>
				<template_reference name="action" value="action\speech_action">
					<uniqueid name="id" value="1073742798" />
					<list name="argument_overrides">
						<template_reference name="argument_override" value="speech_argument_override">
							<enum name="argument_name" value="death_type" />
							<string name="value" value="squad" />
						</template_reference>
					</list>
					<template_reference name="speech_event" value="speech_event_squad_name">
						<enum name="speech_event_squad" value="death" />
					</template_reference>
				</template_reference>
			</list>
			<enum name="regenerated_entity_spawn_type_key" value="" />
		</template_reference>
		<template_reference name="squadexts" value="sbpextensions\squad_item_ext">
		</template_reference>
		<template_reference name="squadexts" value="sbpextensions\squad_speech_ext">
			<string name="squad_speaker_code" value="gabriel" />
			<group name="squad_speech_parameters">
				<string name="squad_class_code" value="elite_singular" />
				<string name="squad_name_code" value="unit" />
				<string name="squad_unit_code" value="spa_gabriel" />
			</group>
			<int name="importance" value="100" />
			<bool name="is_idle_battle_chatter_enabled" value="False" />
			<list name="squad_speaker_code_overrides">
				<group name="squad_speaker_code_override">
					<string name="squad_speaker_code" value="gabrielhelmet" />
					<instance_reference name="skin" value="army_skin\space_marines\special\gabriel_tartaros_pattern" />
				</group>
			</list>
		</template_reference>
		<template_reference name="squadexts" value="sbpextensions\squad_resource_ext">
			<enum_table name="initial_resources">
				<float name="action" value="150" />
				<float name="power" value="0" />
				<float name="requisition" value="0" />
				<float name="popcap" value="0" />
				<float name="command" value="0" />
				<float name="drop_pods" value="0" />
				<float name="feat" value="0" />
				<float name="gamma" value="0" />
			</enum_table>
			<enum_table name="max_resources">
				<float name="action" value="150" />
				<float name="power" value="0" />
				<float name="requisition" value="0" />
				<float name="popcap" value="0" />
				<float name="command" value="0" />
				<float name="drop_pods" value="0" />
				<float name="feat" value="0" />
				<float name="gamma" value="0" />
			</enum_table>
			<list name="conditional_incomes">
				<group name="conditional_income">
					<enum_table name="resource_income_per_second">
						<float name="action" value="1.5" />
						<float name="command" value="0" />
						<float name="power" value="0" />
						<float name="requisition" value="0" />
						<float name="popcap" value="0" />
						<float name="drop_pods" value="0" />
						<float name="feat" value="0" />
						<float name="gamma" value="0" />
					</enum_table>
					<list name="resource_income_requirements">
					</list>
				</group>
			</list>
			<group name="resource_bar">
				<enum name="resource_shown" value="" />
				<instance_reference name="bar_style" value="ui_resource_bar_style\rage" />
			</group>
		</template_reference>
		<template_reference name="squadexts" value="sbpextensions\squad_audio_ext">
			<list name="rtpc_events">
				<template_reference name="rtpc_event" value="rtpc_event">
					<uniqueid name="pbgid" value="1073741855" />
					<float name="threshold" value="1" />
					<string name="event" value="t05mis_spa_captain_gabriel_angelos_in_fov_increment" />
					<bool name="trigger_when_increasing" value="True" />
					<bool name="trigger_when_decreasing" value="True" />
					<enum name="rtpc" value="in_fov" />
				</template_reference>
				<template_reference name="rtpc_event" value="rtpc_event">
					<uniqueid name="pbgid" value="1073741856" />
					<float name="threshold" value="0" />
					<string name="event" value="t05mis_spa_captain_gabriel_angelos_in_fov_decrement" />
					<bool name="trigger_when_increasing" value="True" />
					<bool name="trigger_when_decreasing" value="True" />
					<enum name="rtpc" value="in_fov" />
				</template_reference>
			</list>
			<list name="sound_banks">
				<enum name="sound_bank" value="media_memory_sfx_race_spa_elite_00_captain_gabriel_angleos" />
				<enum name="sound_bank" value="structures_speech_gameplay_spa_elite_00_gabriel" />
			</list>
			<template_reference name="kill_streak_option" value="options\sbpextensions\squad_audio_ext\kill_streak_option">
				<float name="max_seconds_between_kills" value="13" />
				<group name="kill_streak_thresholds">
					<int name="low" value="3" />
					<int name="medium" value="5" />
					<int name="high" value="7" />
					<int name="ultra" value="9" />
				</group>
			</template_reference>
			<enum name="death_event_type" value="" />
			<list name="sound_banks_overrides">
				<group name="sound_banks_override">
					<list name="sound_banks">
						<enum name="sound_bank" value="structures_speech_gameplay_spa_elite_00b_gabriel_helmet" />
						<enum name="sound_bank" value="media_memory_sfx_race_spa_elite_00_captain_gabriel_angleos" />
					</list>
					<instance_reference name="skin" value="army_skin\space_marines\special\gabriel_tartaros_pattern" />
				</group>
			</list>
			<bool name="in_fow_distance_to_enemy_rtpc_enabled" value="True" />
			<enum name="initial_spawn_event_type" value="" />
		</template_reference>
	</list>
	<uniqueid name="pbgid" value="1073741857" />
</instance>