<instance override_type="merge" description="" template="sbps">
	<list name="extensions">
		<template_reference name="squadexts" value="sbpextensions\squad_requirement_ext">
			<list name="requirement_table">
				<template_reference name="required" value="requirements\required_ledger">
					<locstring name="ui_name" value="0" />
					<enum name="reason" value="usage_and_display" />
					<string name="key" value="cheat_menu_open" />
					<float name="default_value" value="0" />
					<float name="compare_to_value" value="0" />
					<enum name="comparison" value="equal_to" />
					<enum name="ledger_type" value="player_ledger" />
					<float name="ui_max_value" value="0" />
					<float name="ui_min_value" value="0" />
					<string name="read_key_from_ledger_key" value="" />
				</template_reference>
				<template_reference name="required" value="requirements\required_structure">
					<enum name="reason" value="usage" />
					<locstring name="ui_name" value="0" />
					<instance_reference name="structure_name" value="ebps\races\space_marines\structures\spa_barracks" mod="a5fef7c6e07942ffb7483ef8065b8755" />
					<int name="required_structure_count" value="1" />
					<bool name="check_team" value="False" />
					<bool name="require_construction_complete" value="True" />
				</template_reference>
			</list>
		</template_reference>
		<template_reference name="squadexts" value="sbpextensions\squad_loadout_ext">
			<list name="unit_list">
				<group name="loadout_data">
					<float name="num" value="3" />
					<instance_reference name="type" value="ebps\races\space_marines\line_units\spa_tactical_marine" mod="a5fef7c6e07942ffb7483ef8065b8755" />
				</group>
			</list>
			<float name="squad_female_chance" value="0" />
		</template_reference>
		<template_reference name="squadexts" value="sbpextensions\squad_ability_ext">
			<list name="abilities">
				<instance_reference name="ability" value="abilities\races\eldar\structures\eld_teleport_webway_portal_ork_tunnel" mod="a5fef7c6e07942ffb7483ef8065b8755" />
				<instance_reference name="ability" value="abilities\races\eldar\warp_spiders\eld_warp_rift" />
				<instance_reference name="ability" value="abilities\races\space_marines\tactical_marine\spa_frag_grenade_doctrine_tactical_marine" mod="a5fef7c6e07942ffb7483ef8065b8755" />
			</list>
			<bool name="allow_targeted_abilities_whilst_moving" value="False" />
			<int name="ui_combine_priority" value="16" />
		</template_reference>
		<template_reference name="squadexts" value="sbpextensions\squad_upgrade_ext">
			<float name="number_of_slots" value="-1" />
			<list name="upgrades">
			</list>
			<int name="max_queue_size_override" value="1" />
		</template_reference>
		<template_reference name="squadexts" value="sbpextensions\squad_ui_ext">
			<list name="race_list">
				<group name="race_data">
					<group name="info">
						<bool name="allow_spawner_production" value="False" />
						<locstring name="extra_text" value="11114214" />
						<locstring name="help_text" value="250" mod="a5fef7c6e07942ffb7483ef8065b8755" />
						<string name="hotkey_name" value="Q" />
						<icon name="icon_name" value="Icons_space_marines_portraits_line_tactical_marine" />
						<bool name="minimap_team_only" value="False" />
						<icon name="minimap_texture" value="Icons_common_decorators_minimap_infantry" />
						<instance_reference name="modal_ability" value="" />
						<bool name="reveal_for_decryption" value="True" />
						<locstring name="screen_name" value="11084262" />
						<string name="selection_group" value="spa_tactical_marine" />
						<int name="ui_priority" value="0" />
						<bool name="use_random_entity_speaker" value="False" />
						<icon name="portrait_name" value="Icons_space_marines_portraits_line_tactical_marine" />
						<float name="minimap_texture_scale" value="0.2" />
						<locstring name="brief_text" value="0" />
						<locstring name="screen_name_short" value="0" />
						<enum name="map_rotation_type_override" value="no_override" />
						<bool name="show_in_build_log" value="True" />
						<icon name="symbol_icon_name" value="Icons_common_decorators_space_marines_line_tactical_marines" />
						<enum name="ui_style" value="default" />
						<string name="cover_level_icon_postfix" value="" />
						<bool name="hide_ucs" value="False" />
						<enum name="decorator_visibility" value="visible" />
					</group>
					<instance_reference name="ext_key" value="" />
				</group>
			</list>
		</template_reference>
		<template_reference name="squadexts" value="sbpextensions\squad_health_ext">
			<float name="regeneration_per_second" value="2" />
			<list name="shields">
			</list>
			<list name="death_actions">
				<template_reference name="action" value="action\speech_action">
					<uniqueid name="id" value="1073744024" />
					<list name="argument_overrides">
						<template_reference name="argument_override" value="speech_argument_override">
							<enum name="argument_name" value="death_type" />
							<string name="value" value="squad" />
						</template_reference>
					</list>
					<template_reference name="speech_event" value="speech_event_squad_name">
						<enum name="speech_event_squad" value="death" />
					</template_reference>
				</template_reference>
				<template_reference name="action" value="action\sound_action">
					<sound name="play_event" value="t05mis_spa_tactical_marine_squad_death" />
					<uniqueid name="id" value="1073744025" />
					<sound name="stop_event" value="" />
					<enum name="visibility_type" value="ExecuterIsOwnOrAlly" />
				</template_reference>
				<template_reference name="action" value="action\sound_action">
					<sound name="play_event" value="t05mis_spa_tactical_marine_squad_death" />
					<uniqueid name="id" value="1073744026" />
					<sound name="stop_event" value="" />
					<enum name="visibility_type" value="ExecuterIsEnemy" />
				</template_reference>
			</list>
			<enum name="regenerated_entity_spawn_type_key" value="" />
		</template_reference>
		<template_reference name="squadexts" value="sbpextensions\squad_formation_ext">
			<float name="combat_follower_cover_search_radius" value="2" />
			<float name="move_dest_cover_search_radius" value="3" />
			<group name="squad_distribution_table">
				<group name="01_soldiers">
					<float name="units_in_core" value="1" />
					<float name="units_in_left_flank" value="0" />
					<float name="units_in_right_flank" value="0" />
					<float name="units_in_scout" value="0" />
				</group>
				<group name="02_soldiers">
					<float name="units_in_core" value="2" />
					<float name="units_in_left_flank" value="0" />
					<float name="units_in_right_flank" value="0" />
					<float name="units_in_scout" value="0" />
				</group>
				<group name="03_soldiers">
					<float name="units_in_core" value="3" />
					<float name="units_in_left_flank" value="0" />
					<float name="units_in_right_flank" value="0" />
					<float name="units_in_scout" value="0" />
				</group>
				<group name="04_soldiers">
					<float name="units_in_core" value="4" />
					<float name="units_in_left_flank" value="0" />
					<float name="units_in_right_flank" value="0" />
					<float name="units_in_scout" value="0" />
				</group>
				<group name="05_soldiers">
					<float name="units_in_core" value="5" />
					<float name="units_in_left_flank" value="0" />
					<float name="units_in_right_flank" value="0" />
					<float name="units_in_scout" value="0" />
				</group>
				<group name="06_soldiers">
					<float name="units_in_core" value="6" />
					<float name="units_in_left_flank" value="0" />
					<float name="units_in_right_flank" value="0" />
					<float name="units_in_scout" value="0" />
				</group>
				<group name="07_soldiers">
					<float name="units_in_core" value="7" />
					<float name="units_in_left_flank" value="0" />
					<float name="units_in_right_flank" value="0" />
					<float name="units_in_scout" value="0" />
				</group>
				<group name="08_soldiers">
					<float name="units_in_core" value="8" />
					<float name="units_in_left_flank" value="0" />
					<float name="units_in_right_flank" value="0" />
					<float name="units_in_scout" value="0" />
				</group>
				<group name="09_soldiers">
					<float name="units_in_core" value="9" />
					<float name="units_in_left_flank" value="0" />
					<float name="units_in_right_flank" value="0" />
					<float name="units_in_scout" value="0" />
				</group>
				<group name="10_soldiers">
					<float name="units_in_core" value="10" />
					<float name="units_in_left_flank" value="0" />
					<float name="units_in_right_flank" value="0" />
					<float name="units_in_scout" value="0" />
				</group>
			</group>
			<bool name="support_weapons_to_flanks" value="False" />
			<list name="formation_overrides">
				<group name="formation_override_entry">
					<enum name="squad_formation_override" value="forge_idle" />
					<instance_reference name="formation" value="squad_formations\forge\sm_3man_wedge" />
				</group>
				<group name="formation_override_entry">
					<enum name="squad_formation_override" value="forge_inspect" />
					<instance_reference name="formation" value="squad_formations\forge\sm_3man_wedge_pop" />
				</group>
			</list>
			<enum_table name="cover_formation_table">
				<instance_reference name="tp_defcover" value="squad_formations\races\space_marines\spa_circle" />
				<instance_reference name="tp_defcover_narrow" value="squad_formations\races\space_marines\spa_circle" />
				<instance_reference name="tp_garrison_cover" value="squad_formations\races\space_marines\spa_circle" />
				<instance_reference name="tp_garrison_halftrack" value="squad_formations\races\space_marines\spa_circle" />
				<instance_reference name="tp_heavy" value="squad_formations\races\space_marines\spa_circle" />
				<instance_reference name="tp_light" value="squad_formations\races\space_marines\spa_circle" />
				<instance_reference name="tp_negative" value="squad_formations\races\space_marines\spa_circle" />
				<instance_reference name="tp_open" value="squad_formations\races\space_marines\spa_circle" />
				<instance_reference name="tp_smoke" value="squad_formations\races\space_marines\spa_circle" />
				<instance_reference name="tp_trench" value="squad_formations\races\space_marines\spa_circle" />
				<instance_reference name="tp_water" value="squad_formations\races\space_marines\spa_circle" />
				<instance_reference name="tp_z_bunker" value="squad_formations\races\space_marines\spa_circle" />
				<instance_reference name="tp_z_emplacement" value="squad_formations\races\space_marines\spa_circle" />
				<instance_reference name="tp_z_ice" value="squad_formations\races\space_marines\spa_circle" />
				<instance_reference name="tp_z_snow" value="squad_formations\races\space_marines\spa_circle" />
				<instance_reference name="tp_zz_deep_snow" value="squad_formations\races\space_marines\spa_circle" />
				<instance_reference name="tp_zz_mud" value="squad_formations\races\space_marines\spa_circle" />
				<instance_reference name="tp_zz_team_weapon_heavy" value="squad_formations\races\space_marines\spa_circle" />
				<instance_reference name="tp_shot_absorber" value="squad_formations\races\space_marines\spa_circle" />
			</enum_table>
			<enum_table name="moving_cover_formation_override_table">
				<instance_reference name="tp_defcover" value="squad_formations\races\space_marines\spa_arrow" />
				<instance_reference name="tp_defcover_narrow" value="squad_formations\races\space_marines\spa_arrow" />
				<instance_reference name="tp_garrison_cover" value="squad_formations\races\space_marines\spa_arrow" />
				<instance_reference name="tp_garrison_halftrack" value="squad_formations\races\space_marines\spa_arrow" />
				<instance_reference name="tp_heavy" value="squad_formations\races\space_marines\spa_arrow" />
				<instance_reference name="tp_light" value="squad_formations\races\space_marines\spa_arrow" />
				<instance_reference name="tp_negative" value="squad_formations\races\space_marines\spa_arrow" />
				<instance_reference name="tp_open" value="squad_formations\races\space_marines\spa_arrow" />
				<instance_reference name="tp_smoke" value="squad_formations\races\space_marines\spa_arrow" />
				<instance_reference name="tp_trench" value="squad_formations\races\space_marines\spa_arrow" />
				<instance_reference name="tp_water" value="squad_formations\races\space_marines\spa_arrow" />
				<instance_reference name="tp_z_bunker" value="squad_formations\races\space_marines\spa_arrow" />
				<instance_reference name="tp_z_emplacement" value="squad_formations\races\space_marines\spa_arrow" />
				<instance_reference name="tp_z_ice" value="squad_formations\races\space_marines\spa_arrow" />
				<instance_reference name="tp_z_snow" value="squad_formations\races\space_marines\spa_arrow" />
				<instance_reference name="tp_zz_deep_snow" value="squad_formations\races\space_marines\spa_arrow" />
				<instance_reference name="tp_zz_mud" value="squad_formations\races\space_marines\spa_arrow" />
				<instance_reference name="tp_zz_team_weapon_heavy" value="squad_formations\races\space_marines\spa_arrow" />
				<instance_reference name="tp_shot_absorber" value="squad_formations\races\space_marines\spa_arrow" />
			</enum_table>
		</template_reference>
		<template_reference name="squadexts" value="sbpextensions\squad_population_ext">
			<float name="personnel_pop" value="3" />
		</template_reference>
	</list>
	<uniqueid name="pbgid" value="89541" />
</instance>