<instance override_type="merge" description="" template="sbps">
	<list name="extensions">
		<template_reference name="squadexts" value="sbpextensions\squad_ui_ext">
			<list name="race_list">
				<group name="race_data">
					<group name="info">
						<bool name="allow_spawner_production" value="False" />
						<locstring name="extra_text" value="11114212" />
						<locstring name="help_text" value="11096011" />
						<string name="hotkey_name" value="Q" />
						<icon name="icon_name" value="Icons_space_marines_portraits_line_devastator" />
						<bool name="minimap_team_only" value="False" />
						<icon name="minimap_texture" value="Icons_common_decorators_minimap_infantry" />
						<instance_reference name="modal_ability" value="" />
						<bool name="reveal_for_decryption" value="True" />
						<locstring name="screen_name" value="11084772" />
						<string name="selection_group" value="spa_devastator_marine_heavybolter" />
						<int name="ui_priority" value="0" />
						<bool name="use_random_entity_speaker" value="False" />
						<icon name="portrait_name" value="Icons_space_marines_portraits_line_devastator" />
						<float name="minimap_texture_scale" value="0.2" />
						<locstring name="brief_text" value="0" />
						<locstring name="screen_name_short" value="0" />
						<enum name="map_rotation_type_override" value="no_override" />
						<bool name="show_in_build_log" value="True" />
						<icon name="symbol_icon_name" value="Icons_common_decorators_space_marines_line_devastators" />
						<enum name="ui_style" value="default" />
						<string name="cover_level_icon_postfix" value="" />
						<bool name="hide_ucs" value="False" />
						<enum name="decorator_visibility" value="visible" />
					</group>
					<instance_reference name="ext_key" value="" />
				</group>
			</list>
		</template_reference>
		<template_reference name="squadexts" value="sbpextensions\squad_health_ext">
			<float name="regeneration_per_second" value="2" />
			<list name="shields">
			</list>
			<list name="death_actions">
				<template_reference name="action" value="action\speech_action">
					<uniqueid name="id" value="1073744018" />
					<list name="argument_overrides">
						<template_reference name="argument_override" value="speech_argument_override">
							<enum name="argument_name" value="death_type" />
							<string name="value" value="squad" />
						</template_reference>
					</list>
					<template_reference name="speech_event" value="speech_event_squad_name">
						<enum name="speech_event_squad" value="death" />
					</template_reference>
				</template_reference>
				<template_reference name="action" value="action\sound_action">
					<sound name="play_event" value="t05mis_spa_devastator_marine_heavybolter_squad_death" />
					<uniqueid name="id" value="1073744019" />
					<sound name="stop_event" value="" />
					<enum name="visibility_type" value="ExecuterIsOwnOrAlly" />
				</template_reference>
				<template_reference name="action" value="action\sound_action">
					<sound name="play_event" value="t05mis_spa_devastator_marine_heavybolter_squad_death" />
					<uniqueid name="id" value="1073744020" />
					<sound name="stop_event" value="" />
					<enum name="visibility_type" value="ExecuterIsEnemy" />
				</template_reference>
			</list>
			<enum name="regenerated_entity_spawn_type_key" value="" />
		</template_reference>
		<template_reference name="squadexts" value="sbpextensions\squad_upgrade_ext">
			<float name="number_of_slots" value="-1" />
			<list name="upgrades">
				<instance_reference name="upgrade" value="upgrade\spa_devastator_lascannon_upgrade" mod="a5fef7c6e07942ffb7483ef8065b8755" />
			</list>
			<int name="max_queue_size_override" value="-1" />
		</template_reference>
		<template_reference name="squadexts" value="sbpextensions\squad_resource_ext">
			<enum_table name="initial_resources">
				<float name="action" value="0" />
				<float name="command" value="0" />
				<float name="popcap" value="0" />
				<float name="power" value="0" />
				<float name="requisition" value="0" />
				<float name="drop_pods" value="0" />
				<float name="feat" value="0" />
				<float name="gamma" value="0" />
			</enum_table>
			<enum_table name="max_resources">
				<float name="action" value="105" />
				<float name="command" value="0" />
				<float name="popcap" value="0" />
				<float name="power" value="0" />
				<float name="requisition" value="0" />
				<float name="drop_pods" value="0" />
				<float name="feat" value="0" />
				<float name="gamma" value="0" />
			</enum_table>
			<list name="conditional_incomes">
				<group name="conditional_income">
					<enum_table name="resource_income_per_second">
						<float name="action" value="11" />
						<float name="command" value="0" />
						<float name="popcap" value="0" />
						<float name="power" value="0" />
						<float name="requisition" value="0" />
						<float name="drop_pods" value="0" />
						<float name="feat" value="0" />
						<float name="gamma" value="0" />
					</enum_table>
					<list name="resource_income_requirements">
						<template_reference name="requirement" value="requirements\required_in_state">
							<enum name="reason" value="usage" />
							<locstring name="ui_name" value="0" />
							<float name="was_attacked_within_seconds" value="-1" />
							<list name="check_states">
							</list>
							<float name="was_attacking_within_seconds" value="0.5" />
						</template_reference>
						<template_reference name="requirement" value="requirements\required_not">
							<enum name="reason" value="usage" />
							<locstring name="ui_name" value="0" />
							<list name="requirement_table">
								<template_reference name="required" value="requirements\required_in_state">
									<enum name="reason" value="usage" />
									<locstring name="ui_name" value="0" />
									<float name="was_attacked_within_seconds" value="-1" />
									<list name="check_states">
										<enum name="state_requirement_type" value="in_melee" />
									</list>
									<float name="was_attacking_within_seconds" value="-1" />
								</template_reference>
							</list>
						</template_reference>
						<template_reference name="requirement" value="requirements\required_squad_resources">
							<locstring name="ui_name" value="0" />
							<enum name="reason" value="usage" />
							<enum name="comparison" value="less_than_or_equal_to" />
							<enum name="resource_type" value="action" />
							<float name="target_value" value="100" />
							<float name="ui_min_value" value="0" />
							<float name="ui_max_value" value="0" />
						</template_reference>
						<template_reference name="requirement" value="requirements\required_ledger" comment="Prevents lascannons from charging their beams up on scrap.">
							<locstring name="ui_name" value="0" />
							<enum name="reason" value="usage" />
							<string name="key" value="disable_fury_against_neutral" />
							<float name="default_value" value="0" />
							<float name="compare_to_value" value="0" />
							<enum name="comparison" value="less_than_or_equal_to" />
							<enum name="ledger_type" value="squad_ledger" />
							<float name="ui_max_value" value="0" />
							<float name="ui_min_value" value="0" />
							<string name="read_key_from_ledger_key" value="" />
						</template_reference>
						<template_reference name="requirement" value="requirements\required_ledger" comment="Prevents lascannons from charging their beams up on scrap.">
							<locstring name="ui_name" value="0" />
							<enum name="reason" value="usage" />
							<string name="key" value="reduce_fury_against_normal" />
							<float name="default_value" value="0" />
							<float name="compare_to_value" value="0" />
							<enum name="comparison" value="less_than_or_equal_to" />
							<enum name="ledger_type" value="squad_ledger" />
							<float name="ui_max_value" value="0" />
							<float name="ui_min_value" value="0" />
							<string name="read_key_from_ledger_key" value="" />
						</template_reference>
					</list>
				</group>
				<group name="conditional_income">
					<enum_table name="resource_income_per_second">
						<float name="action" value="-5" />
						<float name="command" value="0" />
						<float name="popcap" value="0" />
						<float name="power" value="0" />
						<float name="requisition" value="0" />
						<float name="drop_pods" value="0" />
						<float name="feat" value="0" />
						<float name="gamma" value="0" />
					</enum_table>
					<list name="resource_income_requirements">
						<template_reference name="requirement" value="requirements\required_any_in_list">
							<enum name="reason" value="usage" />
							<locstring name="ui_name" value="0" />
							<list name="requirements">
								<template_reference name="requirement" value="requirements\required_not">
									<enum name="reason" value="usage" />
									<locstring name="ui_name" value="0" />
									<list name="requirement_table">
										<template_reference name="required" value="requirements\required_in_state">
											<enum name="reason" value="usage" />
											<locstring name="ui_name" value="0" />
											<float name="was_attacked_within_seconds" value="-1" />
											<list name="check_states">
											</list>
											<float name="was_attacking_within_seconds" value="5" />
										</template_reference>
									</list>
								</template_reference>
								<template_reference name="requirement" value="requirements\required_in_state">
									<enum name="reason" value="usage" />
									<locstring name="ui_name" value="0" />
									<float name="was_attacked_within_seconds" value="-1" />
									<list name="check_states">
										<enum name="state_requirement_type" value="in_melee" />
									</list>
									<float name="was_attacking_within_seconds" value="-1" />
								</template_reference>
							</list>
						</template_reference>
					</list>
				</group>
				<group name="conditional_income" comment="Lascannon charges slower against Infantry&#xD;&#xA;">
					<enum_table name="resource_income_per_second">
						<float name="action" value="5.5" />
						<float name="command" value="0" />
						<float name="popcap" value="0" />
						<float name="power" value="0" />
						<float name="requisition" value="0" />
						<float name="drop_pods" value="0" />
						<float name="feat" value="0" />
						<float name="gamma" value="0" />
					</enum_table>
					<list name="resource_income_requirements">
						<template_reference name="requirement" value="requirements\required_in_state">
							<enum name="reason" value="usage" />
							<locstring name="ui_name" value="0" />
							<float name="was_attacked_within_seconds" value="-1" />
							<list name="check_states">
							</list>
							<float name="was_attacking_within_seconds" value="0.5" />
						</template_reference>
						<template_reference name="requirement" value="requirements\required_not">
							<enum name="reason" value="usage" />
							<locstring name="ui_name" value="0" />
							<list name="requirement_table">
								<template_reference name="required" value="requirements\required_in_state">
									<enum name="reason" value="usage" />
									<locstring name="ui_name" value="0" />
									<float name="was_attacked_within_seconds" value="-1" />
									<list name="check_states">
										<enum name="state_requirement_type" value="in_melee" />
									</list>
									<float name="was_attacking_within_seconds" value="-1" />
								</template_reference>
							</list>
						</template_reference>
						<template_reference name="requirement" value="requirements\required_squad_resources">
							<locstring name="ui_name" value="0" />
							<enum name="reason" value="usage" />
							<enum name="comparison" value="less_than_or_equal_to" />
							<enum name="resource_type" value="action" />
							<float name="target_value" value="100" />
							<float name="ui_min_value" value="0" />
							<float name="ui_max_value" value="0" />
						</template_reference>
						<template_reference name="requirement" value="requirements\required_ledger" comment="Reduced charging rate when firing at normal infantry.">
							<locstring name="ui_name" value="0" />
							<enum name="reason" value="usage" />
							<string name="key" value="reduce_fury_against_normal" />
							<float name="default_value" value="0" />
							<float name="compare_to_value" value="1" />
							<enum name="comparison" value="greater_than_or_equal_to" />
							<enum name="ledger_type" value="squad_ledger" />
							<float name="ui_max_value" value="0" />
							<float name="ui_min_value" value="0" />
							<string name="read_key_from_ledger_key" value="" />
						</template_reference>
					</list>
				</group>
			</list>
			<group name="resource_bar">
				<enum name="resource_shown" value="action" />
				<instance_reference name="bar_style" value="ui_resource_bar_style\heat" />
			</group>
		</template_reference>
		<template_reference name="squadexts" value="sbpextensions\squad_item_slot_ext">
			<bool name="can_pick_up" value="False" />
			<float name="num_slots" value="3" />
		</template_reference>
		<template_reference name="squadexts" value="sbpextensions\squad_ability_ext">
			<list name="abilities">
				<instance_reference name="ability" value="abilities\races\eldar\structures\eld_teleport_webway_portal_ork_tunnel" mod="a5fef7c6e07942ffb7483ef8065b8755" />
				<instance_reference name="ability" value="abilities\races\eldar\warp_spiders\eld_warp_rift" />
			</list>
			<bool name="allow_targeted_abilities_whilst_moving" value="False" />
			<int name="ui_combine_priority" value="10" />
		</template_reference>
		<template_reference name="squadexts" value="sbpextensions\squad_population_ext">
			<float name="personnel_pop" value="2" />
		</template_reference>
	</list>
	<uniqueid name="pbgid" value="90493" />
</instance>