<instance override_type="merge" description="" template="sbps">
	<list name="extensions">
		<template_reference name="squadexts" value="sbpextensions\squad_ui_ext">
			<list name="race_list">
				<group name="race_data">
					<group name="info">
						<bool name="allow_spawner_production" value="False" />
						<locstring name="extra_text" value="11114225" />
						<locstring name="help_text" value="268" mod="a5fef7c6e07942ffb7483ef8065b8755" />
						<string name="hotkey_name" value="D" />
						<icon name="icon_name" value="Icons_space_marines_portraits_line_predator_destructor" />
						<bool name="minimap_team_only" value="False" />
						<icon name="minimap_texture" value="Icons_common_decorators_space_marines_line_predator_destructor" />
						<instance_reference name="modal_ability" value="" />
						<bool name="reveal_for_decryption" value="True" />
						<locstring name="screen_name" value="11084407" />
						<string name="selection_group" value="spa_predator_destructor" />
						<int name="ui_priority" value="0" />
						<bool name="use_random_entity_speaker" value="False" />
						<icon name="portrait_name" value="Icons_space_marines_portraits_line_predator_destructor" />
						<float name="minimap_texture_scale" value="0.4" />
						<locstring name="brief_text" value="0" />
						<locstring name="screen_name_short" value="0" />
						<enum name="map_rotation_type_override" value="heading" />
						<bool name="show_in_build_log" value="True" />
						<icon name="symbol_icon_name" value="Icons_common_decorators_space_marines_line_predator_destructor" />
						<enum name="ui_style" value="default" />
						<string name="cover_level_icon_postfix" value="" />
						<bool name="hide_ucs" value="False" />
						<enum name="decorator_visibility" value="visible" />
					</group>
					<instance_reference name="ext_key" value="" />
				</group>
			</list>
		</template_reference>
		<template_reference name="squadexts" value="sbpextensions\squad_requirement_ext">
			<list name="requirement_table">
				<template_reference name="required" value="requirements\required_structure">
					<enum name="reason" value="usage" />
					<locstring name="ui_name" value="0" />
					<instance_reference name="structure_name" value="ebps\races\space_marines\structures\spa_machine_cult" mod="a5fef7c6e07942ffb7483ef8065b8755" />
					<int name="required_structure_count" value="1" />
					<bool name="check_team" value="False" />
					<bool name="require_construction_complete" value="True" />
				</template_reference>
				<template_reference name="required" value="requirements\required_player_upgrade">
					<enum name="reason" value="usage" />
					<locstring name="ui_name" value="0" />
					<bool name="is_present" value="True" />
					<int name="max_completed" value="100" />
					<int name="min_completed" value="1" />
					<instance_reference name="upgrade_name" value="upgrade\spa_heavy_armor_deployment" mod="a5fef7c6e07942ffb7483ef8065b8755" />
					<bool name="include_queued" value="False" />
				</template_reference>
			</list>
		</template_reference>
		<template_reference name="squadexts" value="sbpextensions\squad_capture_strategic_point_ext">
			<float name="capture_distance" value="0" />
			<float name="capture_rate_multiplier" value="0" />
			<float name="revert_rate_multiplier" value="0" />
		</template_reference>
		<template_reference name="squadexts" value="sbpextensions\squad_upgrade_ext">
			<float name="number_of_slots" value="-1" />
			<list name="upgrades">
			</list>
			<int name="max_queue_size_override" value="-1" />
		</template_reference>
		<template_reference name="squadexts" value="sbpextensions\squad_upgrade_apply_ext">
			<list name="upgrades">
			</list>
		</template_reference>
		<template_reference name="squadexts" value="sbpextensions\squad_ability_ext">
			<list name="abilities">
				<instance_reference name="ability" value="abilities\races\eldar\structures\eld_teleport_webway_portal_ork_tunnel" mod="a5fef7c6e07942ffb7483ef8065b8755" />
				<instance_reference name="ability" value="abilities\races\eldar\warp_spiders\eld_warp_rift" />
			</list>
			<bool name="allow_targeted_abilities_whilst_moving" value="False" />
			<int name="ui_combine_priority" value="14" />
		</template_reference>
		<template_reference name="squadexts" value="sbpextensions\squad_population_ext">
			<float name="personnel_pop" value="5" />
		</template_reference>
	</list>
	<uniqueid name="pbgid" value="89827" />
</instance>