<instance description="" template="slot_item">
	<group name="slot_item_bag">
		<bool name="always_pick_up" value="False" />
		<bool name="can_stack" value="False" />
		<float name="can_stack_max" value="1" />
		<instance_reference name="drop_item_entity" value="" />
		<float name="drop_rate" value="0" />
		<float name="hardpoint" value="1" />
		<bool name="is_entity_user" value="False" />
		<float name="item_uses" value="0" />
		<enum name="owner_type" value="squad" />
		<icon name="package_icon" value="" />
		<float name="recharge_time" value="0" />
		<float name="slot_size" value="0" />
		<group name="ui_info">
			<locstring name="extra_text" value="0" />
			<locstring name="help_text" value="0" />
			<string name="hotkey_name" value="" />
			<icon name="icon_name" value="" />
			<string name="overlay_name" value="" />
			<bool name="reveal_for_decryption" value="False" />
			<locstring name="screen_name" value="0" />
		</group>
		<group name="weapon">
			<group name="heading">
				<float name="x" value="0" />
				<float name="y" value="0" />
				<float name="z" value="1" />
			</group>
			<float name="length" value="0" />
			<group name="origin">
				<float name="x" value="0" />
				<float name="y" value="1.5" />
				<float name="z" value="0" />
			</group>
			<enum name="type" value="squad" />
			<instance_reference name="weapon" value="weapon\space_marines\elite_units\ranged\spa_flamer_deathwatch" mod="a5fef7c6e07942ffb7483ef8065b8755" />
		</group>
		<list name="on_add_actions">
		</list>
		<list name="on_drop_actions">
		</list>
		<bool name="drop_item_is_player_owned" value="False" />
		<string name="speech_code" value="" />
	</group>
	<uniqueid name="pbgid" value="106709" />
</instance>