<instance description="" template="ebps">
	<list name="extensions">
		<template_reference name="exts" value="ebpextensions\entity_blueprint_ext">
			<file name="alternate_sua" value="armies\space_marines\structures\space_marine\armour\hq_standard_common\hq_standard_common" />
			<bool name="always_revealed_in_fow" value="False" />
			<file name="animator" value="armies\space_marines\structures\space_marine\archetypes\headquarters\headquarters" />
			<bool name="is_visible_in_game" value="True" />
			<int name="precise_size" value="-1" />
			<list name="additional_animator_blueprints">
				<group name="animator_blueprint">
					<file name="animator" value="armies\space_marines\structures\space_marine\armour\hq_standard_common\hq_standard_common" />
					<list name="animator_overrides">
					</list>
				</group>
				<group name="animator_blueprint">
					<file name="animator" value="armies\space_marines\structures\space_marine\accessories\hq_tier_upgrade\hq_tier_upgrade" />
					<list name="animator_overrides">
					</list>
				</group>
				<group name="animator_blueprint">
					<file name="animator" value="armies\space_marines\structures\space_marine\accessories\drop_pod_barracks_common\drop_pod_barracks_common" />
					<list name="animator_overrides">
					</list>
				</group>
			</list>
			<enum name="default_spawn_type" value="" />
			<list name="scenario_animator_blueprints">
			</list>
			<instance_reference name="unit_badge" value="" />
			<list name="animator_overrides">
			</list>
			<bool name="is_spawned_when_not_in_interactive_area" value="True" />
			<bool name="is_wreck" value="False" />
		</template_reference>
		<template_reference name="exts" value="ebpextensions\sim_entity_ext">
			<float name="rotate_snap" value="360" />
			<bool name="kill_paradrop" value="False" />
			<bool name="share_control_with_allies" value="False" />
			<enum name="transferable" value="None" />
		</template_reference>
		<template_reference name="exts" value="ebpextensions\health_ext">
			<bool name="can_repair" value="True" />
			<bool name="cuttable" value="False" />
			<string name="death_event_name" value="death" />
			<float name="death_seconds" value="2.1" />
			<bool name="delete_when_dead" value="True" />
			<bool name="force_attacker_memory" value="False" />
			<float name="hitpoints" value="3000" />
			<bool name="is_invincible" value="False" />
			<bool name="is_salvagable_wreck" value="False" />
			<instance_reference name="rebuilt_entity" value="" />
			<instance_reference name="rebuilt_squad" value="" />
			<bool name="rebuilt_use_wreck_owner" value="True" />
			<bool name="receive_weapon_cover_modifiers" value="False" />
			<float name="regeneration" value="0" />
			<bool name="regeneration_disabled" value="True" />
			<bool name="remove_from_pathfinding_on_death" value="False" />
			<bool name="reveal_to_all_on_death" value="False" />
			<bool name="ui_can_scuttle" value="False" />
			<list name="death_actions">
			</list>
			<float name="target_size" value="5" />
			<list name="criticals">
				<group name="critical_group">
					<float name="max_health_percentage" value="0" />
					<list name="critical_info">
						<group name="info">
							<float name="weight" value="100" />
							<enum_table name="applicable_weapons">
								<bool name="small_arms" value="True" />
								<bool name="flame" value="True" />
								<bool name="ballistic" value="True" />
								<bool name="explosive" value="True" />
								<bool name="taldeer_melee" value="True" />
								<bool name="cannon" value="True" />
								<bool name="always_gib" value="True" />
							</enum_table>
							<instance_reference name="critical" value="critical\default_death" />
							<enum_table name="applicable_hit_direction">
								<bool name="front" value="True" />
								<bool name="rear" value="True" />
								<bool name="left" value="True" />
								<bool name="right" value="True" />
							</enum_table>
							<enum name="apply_on" value="penetrate" />
						</group>
					</list>
				</group>
			</list>
			<float name="weapon_priority" value="-80" />
			<template_reference name="wreck_entity_option" value="options\ebpextensions\healthext\wreck_table">
				<enum_table name="wreck_entities">
					<instance_reference name="default" value="ebps\races\space_marines\wrecks\structures\spa_hq_wreck_annihilate" />
					<instance_reference name="brewup" value="" />
				</enum_table>
				<list name="spawn_wreck_requirements">
					<template_reference name="requirement" value="requirements\required_constructionstate">
						<enum name="reason" value="usage" />
						<locstring name="ui_name" value="0" />
						<bool name="do_construction_completion_check" value="True" />
					</template_reference>
				</list>
				<bool name="keep_wreck_ownership" value="False" />
			</template_reference>
			<enum name="armor_type" value="Heavy" />
			<template_reference name="armor_layout_option" value="options\ebpextensions\healthext\armor_layouts\armor_layout_uniform">
				<float name="armor" value="0" />
			</template_reference>
			<enum name="allegiance_override" value="none" />
			<list name="on_received_damage_actions">
			</list>
			<bool name="not_default_attackable" value="False" />
			<list name="self_destruct_actions">
			</list>
			<list name="rebuilt_entity_actions">
			</list>
		</template_reference>
		<template_reference name="exts" value="ebpextensions\hit_object_ext">
			<instance_reference name="hit_material" value="hit_material\metal" />
			<bool name="hit_non_neutral" value="True" />
			<float name="hit_percentage" value="1" />
			<bool name="pass_through" value="False" />
			<group name="projectile_pass_through">
				<bool name="tp_artillery" value="True" />
				<bool name="tp_collide" value="False" />
				<bool name="tp_vehicle_collide" value="True" />
			</group>
			<template_reference name="projectile_reflect_option" value="options\none">
			</template_reference>
		</template_reference>
		<template_reference name="exts" value="ebpextensions\line_of_sight_ext">
			<group name="blocking_box">
				<float name="x" value="0.01" />
				<float name="y" value="0.01" />
				<float name="z" value="0.01" />
			</group>
			<bool name="is_shot_blocking" value="False" />
			<bool name="use_blocking_box" value="False" />
			<enum name="does_block_line_of_sight" value="never" />
			<bool name="reveal_center_when_outside_is_visible" value="True" />
		</template_reference>
		<template_reference name="exts" value="ebpextensions\modifier_ext">
		</template_reference>
		<template_reference name="exts" value="ebpextensions\site_ext">
			<float name="extra_build_test_footprint_x" value="2" />
			<bool name="require_all_cells_clear" value="True" />
			<bool name="snap_to_terrain" value="False" />
			<bool name="ignore_impass" value="False" />
			<bool name="lock_to_impass" value="True" />
			<float name="extra_build_test_footprint_z" value="2" />
			<float name="extra_build_test_footprint_offset_x" value="0" />
			<float name="extra_build_test_footprint_offset_z" value="0" />
		</template_reference>
		<template_reference name="exts" value="ebpextensions\type_ext">
			<list name="unit_type_list">
				<enum name="unit_type" value="annihilation_condition" />
				<enum name="unit_type" value="building" />
				<enum name="unit_type" value="hq" />
				<enum name="unit_type" value="dow3_structure" />
				<enum name="unit_type" value="dow3_building_raider_doctrine" />
				<enum name="unit_type" value="dow3_scaling_structure" />
			</list>
			<enum name="weapon_targeting" value="automatic" />
			<bool name="intersection_testing" value="False" />
		</template_reference>
		<template_reference name="exts" value="ebpextensions\ability_ext">
			<list name="abilities">
				<instance_reference name="ability" value="abilities\races\space_marines\hq\spa_mass_recall" />
				<instance_reference name="ability" value="abilities\races\space_marines\hq\spa_cancel_recall" />
				<instance_reference name="ability" value="abilities\gameplay\elite_healing_aura" />
				<instance_reference name="ability" value="abilities\gameplay\reinforce_point" />
			</list>
		</template_reference>
		<template_reference name="exts" value="ebpextensions\construction_ext">
			<bool name="automatic_fit_on_placement" value="True" />
			<bool name="can_set_facing" value="True" />
			<float name="cancel_refund_percentage" value="100" />
			<string name="construction_state_name" value="ability_construction_state" />
			<float name="construction_transition_time" value="1.36667" />
			<bool name="force_construction" value="False" />
			<float name="max_engineers" value="1" />
			<instance_reference name="on_construction_squad" value="" />
			<float name="orientation" value="0" />
			<enum name="placement_type" value="tp_structure" />
			<bool name="prefer_spots_on_side_with_leader" value="False" />
			<bool name="query_abilities_for_range_ui" value="False" />
			<bool name="query_construction_actions_for_range_ui" value="False" />
			<bool name="query_upgrade_actions_for_range_ui" value="False" />
			<bool name="random_rotation" value="False" />
			<float name="replace_ghost_distance" value="5" />
			<bool name="self_construct" value="False" />
			<list name="on_construction_actions">
				<template_reference name="action" value="action\requirement_action">
					<bool name="check_self" value="True" />
					<bool name="validation_requires_requirements" value="False" />
					<bool name="validate_all_sub_actions" value="True" />
					<list name="requirement_table">
						<template_reference name="required" value="requirements\required_player_upgrade">
							<enum name="reason" value="usage" />
							<locstring name="ui_name" value="0" />
							<bool name="is_present" value="True" />
							<int name="max_completed" value="100" />
							<int name="min_completed" value="1" />
							<instance_reference name="upgrade_name" value="upgrade\races\space_marines\doctrines\spa_blessings_vehicle" />
							<bool name="include_queued" value="False" />
						</template_reference>
					</list>
					<list name="action_table">
						<template_reference name="action" value="action\add_aura">
							<instance_reference name="aura" value="aura\space_marines\doctrines\spa_vehicle_healing_doctrine_blessings_vehicles" />
							<template_reference name="area_info" value="options\area_info_options\circle_area_option">
								<float name="outer_radius" value="15" />
								<float name="inner_radius" value="0" />
								<bool name="is_two_dimensional" value="True" />
								<enum name="dynamic_radius_type" value="fixed" />
							</template_reference>
							<bool name="permanent" value="True" />
							<uniqueid name="id" value="1073741983" />
							<list name="aura_requirements">
							</list>
						</template_reference>
					</list>
					<uniqueid name="id" value="1073741984" />
					<template_reference name="ui_help_text" value="tables\help_text_phrase">
						<int name="phrase_order" value="0" />
						<locstring name="phrase" value="0" />
					</template_reference>
					<template_reference name="behaviour_type" value="options\action\requirement_action\check_only_when_this_starts">
					</template_reference>
				</template_reference>
				<template_reference name="action" value="action\activate_extension_action">
					<bool name="activation" value="True" />
					<list name="entity_extensions_to_set">
						<enum name="entity_extension_id" value="walkable_surface_ext" />
					</list>
					<list name="squad_extensions_to_set">
					</list>
					<uniqueid name="id" value="1073741985" />
				</template_reference>
			</list>
			<group name="field_placement_info">
				<instance_reference name="border_entity" value="" />
				<instance_reference name="replace_entity" value="" />
				<int name="replace_count" value="0" />
				<float name="replace_retry_distance" value="0" />
			</group>
			<instance_reference name="placement_valid" value="ui_rectangle\construction_placement_valid" />
			<instance_reference name="placement_invalid" value="ui_rectangle\construction_placement_invalid" />
			<instance_reference name="ui_range" value="ui_reticule\reinforcement_point" />
			<float name="ui_range_radius" value="20" comment="10 is the setting for deep strike radius, if this number need to be changed, then deep strike radius needs to request programming support" />
			<instance_reference name="ui_setfacing" value="" />
			<bool name="query_weapon_for_range_ui" value="False" />
			<group name="placement_requirements">
				<bool name="must_be_in_line_of_sight" value="False" />
				<bool name="must_not_be_in_walkable_surfaces" value="False" />
				<bool name="must_be_on_strategic_point" value="False" />
				<list name="requirements">
				</list>
				<float name="spacing_distance" value="0" />
				<bool name="skip_impass_checks_and_ignore_immovable_entities" value="False" />
			</group>
			<bool name="squad_ignore_pathfinding" value="False" />
			<bool name="can_be_cancelled" value="True" />
			<template_reference name="construction_health_option" value="options\none">
			</template_reference>
			<list name="on_construction_terrain_bonuses">
			</list>
		</template_reference>
		<template_reference name="exts" value="ebpextensions\cost_ext">
			<group name="time_cost">
				<enum_table name="cost">
					<float name="action" value="0" />
					<float name="power" value="250" />
					<float name="requisition" value="800" />
					<float name="popcap" value="0" />
					<float name="command" value="0" />
					<float name="drop_pods" value="0" />
					<float name="feat" value="0" />
					<float name="gamma" value="0" />
				</enum_table>
				<float name="time_seconds" value="60" />
			</group>
		</template_reference>
		<template_reference name="exts" value="ebpextensions\impass_ext">
			<bool name="cant_build" value="True" />
			<group name="impass_simboxes">
				<bool name="default_simbox" value="True" />
				<list name="named_simboxes">
				</list>
			</group>
			<list name="block_path">
				<instance_reference name="path_type" value="pass_types\infantry" />
				<instance_reference name="path_type" value="pass_types\vehicle" />
			</list>
		</template_reference>
		<template_reference name="exts" value="ebpextensions\sight_ext">
			<group name="detect_camouflage">
				<float name="tp_global" value="0" />
				<float name="tp_mine" value="0" />
				<float name="tp_unit" value="0" />
			</group>
			<bool name="extended_sight" value="False" />
			<float name="extended_sight_radius" value="70" />
			<float name="reveal_area_on_death_time" value="1.5" />
			<group name="sight_package">
				<float name="inner_height" value="3" />
				<float name="inner_radius" value="10" />
				<float name="outer_height" value="-10" />
				<float name="outer_radius" value="35" />
				<float name="cone_angle" value="360" />
				<float name="cone_start_radius" value="0" />
			</group>
			<bool name="can_see_through_stealth_zones" value="False" />
			<list name="extended_sight_target_requirements">
			</list>
			<list name="specific_detector_actions">
			</list>
		</template_reference>
		<template_reference name="exts" value="ebpextensions\ui_ext">
			<bool name="ap_killed_kicker" value="True" />
			<bool name="ap_loss_kicker" value="True" />
			<float name="decorator_height" value="12" />
			<string name="extra_text_deprecated" value="" />
			<bool name="ghost_enable" value="True" />
			<locstring name="help_text" value="11128273" />
			<string name="hotkey_name" value="F" />
			<icon name="icon_name" value="Icons_space_marines_buildings_hq" />
			<enum name="kill_type" value="building" />
			<colour name="minimap_color" value="*" />
			<bool name="minimap_enable" value="True" />
			<bool name="minimap_team_only" value="False" />
			<bool name="minimap_teamcolor" value="True" />
			<string name="overlay_name" value="" />
			<bool name="reveal_for_decryption" value="False" />
			<locstring name="screen_name" value="11128271" />
			<enum name="selection_name" value="" />
			<float name="selection_scale" value="1" />
			<enum name="selection_type" value="single_entity_select" />
			<locstring name="tooltip_txt" value="0" />
			<int name="ui_priority" value="0" />
			<icon name="minimap_icon" value="Icons_common_decorators_space_marines_structure_headquarters" />
			<float name="minimap_icon_scale" value="0.5" />
			<icon name="portrait_icon" value="Icons_space_marines_buildings_hq" />
			<locstring name="brief_text" value="0" />
			<locstring name="extra_text" value="11128272" />
			<bool name="show_in_build_log" value="True" />
			<locstring name="screen_name_short" value="0" />
			<bool name="show_entity_appearance" value="True" />
			<locstring name="screen_name_world" value="0" />
			<locstring name="help_text_world" value="0" />
			<locstring name="extra_text_world" value="0" />
			<enum name="map_rotation_type_override" value="no_override" />
			<icon name="symbol_icon_name" value="Icons_common_decorators_space_marines_structure_headquarters" />
			<enum name="occlusion_state" value="can_be_occluded" />
			<enum name="decorator_visibility" value="default" />
			<bool name="skin_pack_override" value="False" />
			<string name="skin_summer" value="" />
			<string name="skin_winter" value="" />
			<enum name="targeting_and_bandbox_selection_priority" value="lowest" />
			<enum name="selection_method" value="terrain_obb_mesh" />
			<group name="terrain_info_display_offset">
				<float name="x" value="0" />
				<float name="y" value="0" />
			</group>
			<string name="decorator_ledger_key" value="" />
			<instance_reference name="decorator_ledger_bar_style" value="" />
			<enum name="selection_name_squad_override" value="" />
			<string name="selection_grouping_ledger_key" value="" />
			<float name="decorator_height_spatial_ability" value="-1" />
		</template_reference>
		<template_reference name="exts" value="ebpextensions\combat_ext">
			<bool name="reject_attack_command" value="True" />
			<list name="hardpoints">
			</list>
			<int name="sight_hardpoint" value="-1" />
			<list name="kill_actions">
			</list>
			<bool name="can_be_knocked_back" value="False" />
			<group name="reckoning_blow">
				<list name="attack_table">
				</list>
				<list name="defend_table">
				</list>
			</group>
			<bool name="can_be_stunned" value="False" />
			<bool name="update_facing_during_melee_swings" value="True" />
			<bool name="can_be_levitated" value="False" />
			<template_reference name="weapon_handling_option" value="options\none">
			</template_reference>
			<bool name="allow_auto_target_in_stealth_zone" value="False" />
		</template_reference>
		<template_reference name="exts" value="ebpextensions\action_apply_ext" comment="This upgrade is required to enable the deep strike system for Space Marines.  It works in the following ways:&#xD;&#xA;&#xD;&#xA;1) It is granted by the SM HQ in its action_apply extension&#xD;&#xA;2) All SM units are looking to see if this upgrade is present, if they are, they won't appear as options to be built in the respective buildings.&#xD;&#xA;3) There are a number of abilities (in each buildings folder) that are used to call down drop pods/thunderhawks/etc.  These are looking for the presence of this upgrade in order to display.&#xD;&#xA;4) A disable upgrade is present and looking for this upgrade in order to turn off.">
			<list name="actions">
				<template_reference name="action" value="action\requirement_action" comment="reveals when HQ destroyed">
					<bool name="check_self" value="False" />
					<bool name="validation_requires_requirements" value="False" />
					<bool name="validate_all_sub_actions" value="True" />
					<list name="requirement_table">
						<template_reference name="required" value="requirements\required_not">
							<enum name="reason" value="usage" />
							<locstring name="ui_name" value="0" />
							<list name="requirement_table">
								<template_reference name="required" value="requirements\required_structure">
									<enum name="reason" value="usage" />
									<locstring name="ui_name" value="0" />
									<instance_reference name="structure_name" value="ebps\races\space_marines\structures\spa_hq_annihilate" mod="60ed49e7f5804e029b05dbf2d2806718" />
									<int name="required_structure_count" value="1" />
									<bool name="check_team" value="False" />
									<bool name="require_construction_complete" value="True" />
								</template_reference>
							</list>
						</template_reference>
						<template_reference name="required" value="requirements\required_any_in_list">
							<enum name="reason" value="usage" />
							<locstring name="ui_name" value="0" />
							<list name="requirements">
								<template_reference name="requirement" value="requirements\required_win_condition_game_mode_type">
									<string name="game_mode_type" value="annihilation" />
								</template_reference>
								<template_reference name="requirement" value="requirements\required_win_condition_game_mode_type">
									<string name="game_mode_type" value="annihilation_with_turrets" />
								</template_reference>
							</list>
						</template_reference>
					</list>
					<list name="action_table">
						<template_reference name="action" value="action\reveal_entity_action">
							<uniqueid name="id" value="1073741986" />
						</template_reference>
					</list>
					<uniqueid name="id" value="1073741987" />
					<template_reference name="ui_help_text" value="tables\help_text_phrase">
						<int name="phrase_order" value="0" />
						<locstring name="phrase" value="0" />
					</template_reference>
					<template_reference name="behaviour_type" value="options\action\requirement_action\wait_until_requirements_pass_to_start_wait_again_when_requirements_fail">
					</template_reference>
				</template_reference>
				<template_reference name="action" value="action\player_target_action">
					<bool name="allies" value="False" />
					<bool name="enemies" value="False" />
					<bool name="neutral" value="False" />
					<bool name="self" value="True" />
					<list name="subactions">
						<template_reference name="action" value="action\ledger_write_action">
							<uniqueid name="id" value="1073741988" />
							<string name="key" value="drop_pods" />
							<enum name="operator" value="add" />
							<float name="operand" value="3" />
							<bool name="persistent" value="False" />
							<string name="read_key_from_ledger_key" value="" />
						</template_reference>
					</list>
					<uniqueid name="id" value="1073741989" />
					<bool name="player_target" value="True" />
				</template_reference>
				<template_reference name="action" value="action\requirement_action">
					<bool name="check_self" value="True" />
					<bool name="validation_requires_requirements" value="False" />
					<bool name="validate_all_sub_actions" value="False" />
					<list name="requirement_table">
						<template_reference name="required" value="requirements\required_all_in_list">
							<enum name="reason" value="usage" />
							<locstring name="ui_name" value="0" />
							<list name="requirements">
								<template_reference name="requirement" value="requirements\required_player_upgrade">
									<enum name="reason" value="usage" />
									<locstring name="ui_name" value="0" />
									<bool name="is_present" value="False" />
									<int name="max_completed" value="100" />
									<int name="min_completed" value="1" />
									<instance_reference name="upgrade_name" value="upgrade\races\space_marines\spa_hq_tier_2" />
									<bool name="include_queued" value="False" />
								</template_reference>
								<template_reference name="requirement" value="requirements\required_player_upgrade">
									<enum name="reason" value="usage" />
									<locstring name="ui_name" value="0" />
									<bool name="is_present" value="False" />
									<int name="max_completed" value="100" />
									<int name="min_completed" value="1" />
									<instance_reference name="upgrade_name" value="upgrade\races\space_marines\spa_hq_tier_3" />
									<bool name="include_queued" value="False" />
								</template_reference>
							</list>
						</template_reference>
					</list>
					<list name="action_table">
						<template_reference name="action" value="action\player_target_action">
							<bool name="allies" value="False" />
							<bool name="enemies" value="False" />
							<bool name="neutral" value="False" />
							<bool name="self" value="True" />
							<list name="subactions">
								<template_reference name="action" value="action\ledger_write_action">
									<uniqueid name="id" value="1073741990" />
									<string name="key" value="rage" />
									<enum name="operator" value="min" />
									<float name="operand" value="100" />
									<bool name="persistent" value="True" />
									<string name="read_key_from_ledger_key" value="" />
								</template_reference>
							</list>
							<uniqueid name="id" value="1073741991" />
							<bool name="player_target" value="True" />
						</template_reference>
					</list>
					<uniqueid name="id" value="1073741992" />
					<template_reference name="ui_help_text" value="tables\help_text_phrase">
						<int name="phrase_order" value="0" />
						<locstring name="phrase" value="0" />
					</template_reference>
					<template_reference name="behaviour_type" value="options\action\requirement_action\wait_until_requirements_pass_to_start_wait_again_when_requirements_fail">
					</template_reference>
				</template_reference>
				<template_reference name="action" value="action\requirement_action">
					<bool name="check_self" value="True" />
					<bool name="validation_requires_requirements" value="False" />
					<bool name="validate_all_sub_actions" value="False" />
					<list name="requirement_table">
						<template_reference name="required" value="requirements\required_all_in_list">
							<enum name="reason" value="usage" />
							<locstring name="ui_name" value="0" />
							<list name="requirements">
								<template_reference name="requirement" value="requirements\required_player_upgrade">
									<enum name="reason" value="usage" />
									<locstring name="ui_name" value="0" />
									<bool name="is_present" value="True" />
									<int name="max_completed" value="100" />
									<int name="min_completed" value="1" />
									<instance_reference name="upgrade_name" value="upgrade\races\space_marines\spa_hq_tier_2" />
									<bool name="include_queued" value="False" />
								</template_reference>
								<template_reference name="requirement" value="requirements\required_player_upgrade">
									<enum name="reason" value="usage" />
									<locstring name="ui_name" value="0" />
									<bool name="is_present" value="False" />
									<int name="max_completed" value="100" />
									<int name="min_completed" value="1" />
									<instance_reference name="upgrade_name" value="upgrade\races\space_marines\spa_hq_tier_3" />
									<bool name="include_queued" value="False" />
								</template_reference>
							</list>
						</template_reference>
					</list>
					<list name="action_table">
						<template_reference name="action" value="action\player_target_action">
							<bool name="allies" value="False" />
							<bool name="enemies" value="False" />
							<bool name="neutral" value="False" />
							<bool name="self" value="True" />
							<list name="subactions">
								<template_reference name="action" value="action\ledger_write_action">
									<uniqueid name="id" value="1073741993" />
									<string name="key" value="rage" />
									<enum name="operator" value="min" />
									<float name="operand" value="300" />
									<bool name="persistent" value="True" />
									<string name="read_key_from_ledger_key" value="" />
								</template_reference>
							</list>
							<uniqueid name="id" value="1073741994" />
							<bool name="player_target" value="True" />
						</template_reference>
					</list>
					<uniqueid name="id" value="1073741995" />
					<template_reference name="ui_help_text" value="tables\help_text_phrase">
						<int name="phrase_order" value="0" />
						<locstring name="phrase" value="0" />
					</template_reference>
					<template_reference name="behaviour_type" value="options\action\requirement_action\wait_until_requirements_pass_to_start_wait_again_when_requirements_fail">
					</template_reference>
				</template_reference>
				<template_reference name="action" value="action\requirement_action">
					<bool name="check_self" value="True" />
					<bool name="validation_requires_requirements" value="False" />
					<bool name="validate_all_sub_actions" value="False" />
					<list name="requirement_table">
						<template_reference name="required" value="requirements\required_player_upgrade">
							<enum name="reason" value="usage" />
							<locstring name="ui_name" value="0" />
							<bool name="is_present" value="True" />
							<int name="max_completed" value="100" />
							<int name="min_completed" value="1" />
							<instance_reference name="upgrade_name" value="upgrade\races\space_marines\spa_hq_tier_3" />
							<bool name="include_queued" value="False" />
						</template_reference>
					</list>
					<list name="action_table">
						<template_reference name="action" value="action\player_target_action">
							<bool name="allies" value="False" />
							<bool name="enemies" value="False" />
							<bool name="neutral" value="False" />
							<bool name="self" value="True" />
							<list name="subactions">
								<template_reference name="action" value="action\ledger_write_action">
									<uniqueid name="id" value="1073741996" />
									<string name="key" value="rage" />
									<enum name="operator" value="min" />
									<float name="operand" value="600" />
									<bool name="persistent" value="True" />
									<string name="read_key_from_ledger_key" value="" />
								</template_reference>
							</list>
							<uniqueid name="id" value="1073741997" />
							<bool name="player_target" value="True" />
						</template_reference>
					</list>
					<uniqueid name="id" value="1073741998" />
					<template_reference name="ui_help_text" value="tables\help_text_phrase">
						<int name="phrase_order" value="0" />
						<locstring name="phrase" value="0" />
					</template_reference>
					<template_reference name="behaviour_type" value="options\action\requirement_action\wait_until_requirements_pass_to_start_wait_again_when_requirements_fail">
					</template_reference>
				</template_reference>
				<template_reference name="action" value="action\player_target_action">
					<bool name="allies" value="False" />
					<bool name="enemies" value="False" />
					<bool name="neutral" value="False" />
					<bool name="self" value="True" />
					<list name="subactions">
						<template_reference name="action" value="action\ledger_write_action">
							<uniqueid name="id" value="1073741999" />
							<string name="key" value="rage" />
							<enum name="operator" value="max" />
							<float name="operand" value="0" />
							<bool name="persistent" value="True" />
							<string name="read_key_from_ledger_key" value="" />
						</template_reference>
					</list>
					<uniqueid name="id" value="1073742000" />
					<bool name="player_target" value="True" />
				</template_reference>
				<template_reference name="action" value="action\requirement_action">
					<bool name="check_self" value="False" />
					<bool name="validation_requires_requirements" value="False" />
					<bool name="validate_all_sub_actions" value="True" />
					<list name="requirement_table">
						<template_reference name="required" value="requirements\required_player_upgrade">
							<enum name="reason" value="usage" />
							<locstring name="ui_name" value="0" />
							<bool name="is_present" value="True" />
							<int name="max_completed" value="100" />
							<int name="min_completed" value="1" />
							<instance_reference name="upgrade_name" value="upgrade\races\space_marines\spa_hq_tier_2" />
							<bool name="include_queued" value="False" />
						</template_reference>
					</list>
					<list name="action_table">
						<template_reference name="action" value="action\animator_set_state">
							<bool name="apply_to_leader_only" value="False" />
							<string name="do_action_state_name" value="tier2" />
							<bool name="retrigger" value="False" />
							<string name="state_machine_name" value="upgrade_tiers" />
							<string name="undo_action_state_name" value="" />
							<uniqueid name="id" value="1073742001" />
						</template_reference>
					</list>
					<uniqueid name="id" value="1073742002" />
					<template_reference name="ui_help_text" value="tables\help_text_phrase">
						<int name="phrase_order" value="0" />
						<locstring name="phrase" value="0" />
					</template_reference>
					<template_reference name="behaviour_type" value="options\action\requirement_action\wait_until_requirements_pass_to_start_wait_again_when_requirements_fail">
					</template_reference>
				</template_reference>
				<template_reference name="action" value="action\requirement_action">
					<bool name="check_self" value="False" />
					<bool name="validation_requires_requirements" value="False" />
					<bool name="validate_all_sub_actions" value="True" />
					<list name="requirement_table">
						<template_reference name="required" value="requirements\required_player_upgrade">
							<enum name="reason" value="usage" />
							<locstring name="ui_name" value="0" />
							<bool name="is_present" value="True" />
							<int name="max_completed" value="100" />
							<int name="min_completed" value="1" />
							<instance_reference name="upgrade_name" value="upgrade\races\space_marines\spa_hq_tier_3" />
							<bool name="include_queued" value="False" />
						</template_reference>
					</list>
					<list name="action_table">
						<template_reference name="action" value="action\animator_set_state">
							<bool name="apply_to_leader_only" value="False" />
							<string name="do_action_state_name" value="tier3" />
							<bool name="retrigger" value="False" />
							<string name="state_machine_name" value="upgrade_tiers" />
							<string name="undo_action_state_name" value="" />
							<uniqueid name="id" value="1073742003" />
						</template_reference>
					</list>
					<uniqueid name="id" value="1073742004" />
					<template_reference name="ui_help_text" value="tables\help_text_phrase">
						<int name="phrase_order" value="0" />
						<locstring name="phrase" value="0" />
					</template_reference>
					<template_reference name="behaviour_type" value="options\action\requirement_action\wait_until_requirements_pass_to_start_wait_again_when_requirements_fail">
					</template_reference>
				</template_reference>
				<template_reference name="action" value="action\requirement_action" comment="CAMPAIGN Used for enabiling off-screen death animations ">
					<bool name="check_self" value="False" />
					<bool name="validation_requires_requirements" value="False" />
					<bool name="validate_all_sub_actions" value="True" />
					<list name="requirement_table">
						<template_reference name="required" value="requirements\required_player_upgrade">
							<enum name="reason" value="usage" />
							<locstring name="ui_name" value="0" />
							<bool name="is_present" value="False" />
							<int name="max_completed" value="100" />
							<int name="min_completed" value="1" />
							<instance_reference name="upgrade_name" value="upgrade\gameplay\power_core_mode" />
							<bool name="include_queued" value="False" />
						</template_reference>
					</list>
					<list name="action_table">
						<template_reference name="action" value="action\animator_set_state">
							<bool name="apply_to_leader_only" value="False" />
							<string name="do_action_state_name" value="true" />
							<bool name="retrigger" value="False" />
							<string name="state_machine_name" value="forceupdate_state" />
							<string name="undo_action_state_name" value="" />
							<uniqueid name="id" value="1073742005" />
						</template_reference>
					</list>
					<uniqueid name="id" value="1073742006" />
					<template_reference name="ui_help_text" value="tables\help_text_phrase">
						<int name="phrase_order" value="0" />
						<locstring name="phrase" value="0" />
					</template_reference>
					<template_reference name="behaviour_type" value="options\action\requirement_action\check_only_when_this_starts">
					</template_reference>
				</template_reference>
			</list>
		</template_reference>
		<template_reference name="exts" value="ebpextensions\modifier_apply_ext">
			<list name="modifiers">
			</list>
		</template_reference>
		<template_reference name="exts" value="ebpextensions\spawner_ext">
			<bool name="must_be_in_supply" value="False" />
			<float name="reinforce_radius" value="12" />
			<list name="spawn_items">
				<group name="spawn_item">
					<int name="ui_position" value="11" />
					<instance_reference name="entity" value="" />
					<instance_reference name="squad" value="sbps\races\space_marines\line_units\spa_scout" mod="60ed49e7f5804e029b05dbf2d2806718" />
					<bool name="spawn_at_map_entry_point" value="False" />
				</group>
				<group name="spawn_item">
					<int name="ui_position" value="11" />
					<instance_reference name="entity" value="" />
					<instance_reference name="squad" value="" />
					<bool name="spawn_at_map_entry_point" value="False" />
				</group>
				<group name="spawn_item">
					<int name="ui_position" value="12" />
					<instance_reference name="entity" value="" />
					<instance_reference name="squad" value="sbps\races\space_marines\line_units\spa_servitor" mod="60ed49e7f5804e029b05dbf2d2806718" />
					<bool name="spawn_at_map_entry_point" value="False" />
				</group>
				<group name="spawn_item">
					<int name="ui_position" value="13" />
					<instance_reference name="entity" value="" />
					<instance_reference name="squad" value="sbps\races\space_marines\line_units\imperial_guardsman_squad" mod="60ed49e7f5804e029b05dbf2d2806718" />
					<bool name="spawn_at_map_entry_point" value="False" />
				</group>
			</list>
			<list name="bonus_xp_from_hold_list">
			</list>
			<list name="reinforce_requirements">
			</list>
			<bool name="spawn_to_hold_try_first" value="False" />
			<list name="queue_requirements">
			</list>
			<bool name="can_rally" value="True" />
			<template_reference name="animated_spawn_option" value="options\ebpextensions\spawnerext\animated_spawn_option">
				<bool name="animated_spawning" value="True" />
				<bool name="animated_production" value="True" />
				<float name="animated_spawning_seconds" value="0" />
				<string name="sync_marker_vehicle_base" value="target_vehicle" />
				<string name="sync_marker_infantry_base" value="target_human" />
				<string name="spawn_state_key" value="unit_produced_state" />
				<string name="production_state_key" value="production_state" />
				<string name="target_key" value="target" />
				<string name="position_marker_key" value="marker_name" />
				<string name="spawner_state_key" value="unit_produced_state" />
				<string name="state_on_key" value="on" />
				<string name="state_off_key" value="off" />
				<list name="animated_spawn_actions">
				</list>
			</template_reference>
			<int name="max_queue_size_override" value="-1" />
		</template_reference>
		<template_reference name="exts" value="ebpextensions\supply_ext">
			<bool name="default_on" value="True" />
		</template_reference>
		<template_reference name="exts" value="ebpextensions\upgrade_ext">
			<bool name="must_be_in_supply" value="False" />
			<float name="number_of_standard_slots" value="-1" />
			<list name="standard_upgrades">
				<instance_reference name="upgrade" value="upgrade\races\space_marines\spa_hq_tier_2" />
				<instance_reference name="upgrade" value="upgrade\races\space_marines\spa_hq_tier_3" />
			</list>
			<int name="max_queue_size_override" value="-1" />
		</template_reference>
		<template_reference name="exts" value="ebpextensions\requirement_ext">
			<list name="requirement_table">
				<template_reference name="required" value="requirements\required_player_upgrade">
					<enum name="reason" value="usage_and_display" />
					<locstring name="ui_name" value="0" />
					<bool name="is_present" value="True" />
					<int name="max_completed" value="100" />
					<int name="min_completed" value="1" />
					<instance_reference name="upgrade_name" value="upgrade\gameplay\annihilate_mode" />
					<bool name="include_queued" value="False" />
				</template_reference>
			</list>
		</template_reference>
		<template_reference name="exts" value="ebpextensions\speech_ext">
			<string name="speaker_code" value="" />
			<group name="speech_parameters">
				<string name="class_code" value="structure" />
				<string name="name_code" value="object" />
				<string name="unit_code" value="spa_hq" />
			</group>
			<int name="importance" value="1" />
			<list name="speaker_code_overrides">
			</list>
		</template_reference>
		<template_reference name="exts" value="ebpextensions\camouflage_ext">
			<float name="attack_priority" value="3.402823E+38" />
			<enum name="camouflage_type" value="tp_unit" />
			<bool name="chain_revealer" value="False" />
			<float name="detection_radius" value="1" />
			<bool name="must_be_fully_constructed" value="False" />
			<bool name="permanently_activated" value="False" />
			<float name="combat_reset_time" value="10" />
			<float name="first_strike_shots" value="1" />
			<float name="revert_max" value="10" />
			<float name="revert_multiplier" value="1" />
			<float name="revert_time" value="5" />
			<float name="revert_time_on_detection" value="10" />
			<list name="camouflage_actions">
			</list>
			<list name="first_strike_actions">
			</list>
			<enum name="camouflaged_combat_stance" value="attack" />
		</template_reference>
		<template_reference name="exts" value="ebpextensions\walkable_surface_ext">
			<enum name="cover_type" value="" />
			<float name="seconds_after_death" value="0" />
			<file name="animator_dgm_name" value="armies\space_marines\structures\space_marine\armour\hq_standard_common\hq_standard_common" />
			<bool name="remove_on_death" value="True" />
			<bool name="kill_entities_when_removed" value="False" />
			<bool name="start_active" value="False" />
			<template_reference name="impass_override" value="options\ebpextensions\walkablesurfaceext\impass_override">
				<list name="block_path">
				</list>
				<bool name="cant_build" value="True" />
			</template_reference>
			<bool name="should_rasterize_partial_cells" value="True" />
			<bool name="stackable" value="True" />
		</template_reference>
		<template_reference name="exts" value="ebpextensions\movement_blocker_ext">
			<bool name="use_default_simbox" value="True" />
			<float name="custom_box_X" value="0" />
			<float name="custom_box_Y" value="0" />
			<float name="custom_box_Z" value="0" />
			<enum name="movement_blocker_ignore_type" value="none" />
			<list name="ignore_pass_types">
				<instance_reference name="pass_type" value="pass_types\skimmer" />
			</list>
		</template_reference>
		<template_reference name="exts" value="ebpextensions\marker_ext">
		</template_reference>
	</list>
	<uniqueid name="pbgid" value="121248" />
</instance>