<instance description="" template="abilities">
	<group name="ability_bag" comment="Places a shield on devastators if they're not moving and have not been disrupted for 10 seconds.  They will lose the shield if they move during this time.  It will set them back 30 seconds if the shield is interrupted or destroyed.&#xD;&#xA;&#xD;&#xA;&#xD;&#xA;1) If the ledger is between 0 and 30, increment the ledger by one every second until you hit 30&#xD;&#xA;NOTE: It can reach zero if the shield breaks or the unit is disrupted while the shield is off.  This is trying to emulate cooldown.&#xD;&#xA;&#xD;&#xA;2) If the ledger has recovered to 30 (finished cooling down basically) then increment the ledger by 1 every second if the unit is not moving and not disrupted.&#xD;&#xA;&#xD;&#xA;3) If the ledger is 40 (shield is active) and they get disrupted, set ledger to 0.&#xD;&#xA;&#xD;&#xA;4) If the ledger is between 30-39 and the unit moves or is stunned, reduce ledger to 30.  This is essentially saying they have cooled down but not setup a new shield.&#xD;&#xA;&#xD;&#xA;5) If the ledger is 40 and the unit moves , reduce ledger to 30.&#xD;&#xA;">
		<group name="action_list">
			<list name="end_self_actions">
			</list>
			<list name="end_target_actions">
			</list>
			<list name="start_self_actions">
			</list>
			<list name="start_target_actions">
			</list>
			<list name="abort_target_actions">
			</list>
			<list name="abort_self_actions">
			</list>
			<bool name="wait_until_abort_and_end_actions_finish" value="False" />
		</group>
		<enum name="activation" value="always_on" />
		<bool name="can_target_in_fow" value="False" />
		<float name="caster_close_in_distance" value="0" />
		<bool name="casters_can_evacuate" value="False" />
		<enum_table name="cost_to_player">
			<float name="action" value="0" />
			<float name="power" value="0" />
			<float name="requisition" value="0" />
			<float name="popcap" value="0" />
			<float name="command" value="0" />
			<float name="drop_pods" value="0" />
			<float name="feat" value="0" />
			<float name="gamma" value="0" />
		</enum_table>
		<string name="cursor_ghost_blueprint" value="" />
		<float name="cursor_ghost_blueprint_angle" value="0" />
		<bool name="disable_combat" value="False" />
		<bool name="disable_when_active" value="False" />
		<bool name="enable_in_building" value="False" />
		<bool name="enable_in_vehicle" value="False" />
		<bool name="engage_combat" value="False" />
		<float name="entity_busy_time" value="0" />
		<float name="facing_angle" value="5" />
		<bool name="facing_ignore" value="False" />
		<float name="final_close_in_distance" value="0" />
		<bool name="fire_and_forget" value="False" />
		<bool name="garrison_target" value="False" />
		<bool name="initial_recharge" value="False" />
		<bool name="move_back" value="False" />
		<float name="move_back_distance" value="10" />
		<float name="range" value="0" />
		<bool name="range_ignore" value="False" />
		<float name="recharge_time" value="0" />
		<bool name="refundable" value="True" />
		<bool name="require_no_shot_block" value="False" />
		<enum name="shared_timer" value="" />
		<bool name="shared_timer_player_wide" value="False" />
		<enum name="squad_caster" value="squad" />
		<enum name="target" value="tp_squad" />
		<float name="toggled_recharge_time_off" value="0" />
		<float name="toggled_recharge_time_on" value="0" />
		<group name="ui_cursor">
			<string name="cursor_bad" value="" />
			<string name="cursor_good" value="" />
			<string name="cursor_nonmodal_good" value="" />
		</group>
		<group name="ui_info">
			<locstring name="extra_text" value="11118957" />
			<locstring name="help_text" value="11127258" />
			<string name="hotkey_name" value="" />
			<icon name="icon_name" value="Icons_space_marines_doctrines_elite_doctrines_paladin_global" />
			<string name="overlay_name" value="" />
			<bool name="reveal_for_decryption" value="False" />
			<locstring name="screen_name" value="11118956" />
			<icon name="icon_alternate_name" value="" />
			<locstring name="brief_text" value="0" />
			<locstring name="help_text_alternate" value="0" />
			<locstring name="screen_name_alternate" value="0" />
			<locstring name="screen_name_short" value="0" />
			<enum name="ui_style" value="default" />
			<list name="nested_ui_info_source">
			</list>
			<list name="effect_attributes">
				<instance_reference name="ability_effect" value="ui_ability_effect\ability_effect_shield" />
			</list>
			<string name="info_video_url" value="" />
		</group>
		<locstring name="ui_usage_txt" value="0" />
		<bool name="validate_actions" value="False" />
		<list name="global_self_actions">
		</list>
		<list name="requirements">
			<template_reference name="required" value="requirements\required_player_resources">
				<enum name="reason" value="usage_and_display" />
				<locstring name="ui_name" value="0" />
				<enum_table name="resource">
					<float name="action" value="0" />
					<float name="command" value="0" />
					<float name="popcap" value="0" />
					<float name="power" value="0" />
					<float name="requisition" value="0" />
					<float name="drop_pods" value="0" />
					<float name="feat" value="0" />
					<float name="gamma" value="999" />
				</enum_table>
			</template_reference>
		</list>
		<enum name="ability_super" value="tp_none" />
		<int name="ui_position" value="34" />
		<bool name="ui_mini_map_capture" value="False" />
		<bool name="facing_ignore_during_active" value="False" />
		<instance_reference name="ui_range" value="" />
		<instance_reference name="ui_reticule" value="" />
		<float name="ui_reticule_radius_min" value="1" />
		<float name="ui_reticule_radius_max" value="1" />
		<enum name="pending_ability_out_of_range_behaviour" value="chase" />
		<enum name="ui_ability_group" value="group_primary" />
		<string name="ui_targetable_sm_key" value="" />
		<string name="ui_targetable_on_key" value="" />
		<string name="ui_targetable_off_key" value="" />
		<enum name="ui_targetable_receiver" value="local" />
		<enum name="ui_combine_type" value="intersection" />
		<enum_table name="ui_modal_highlight">
			<bool name="world_sector" value="False" />
			<bool name="map_sector" value="False" />
			<bool name="map_sector_hq_link_extender" value="False" />
		</enum_table>
		<enum name="ui_group_cast_type" value="single" />
		<list name="requirements_target">
		</list>
		<template_reference name="targeted_ability_option" value="options\none">
		</template_reference>
		<enum name="ui_direction_requirement" value="nondirectional" />
		<instance_reference name="cursor_ghost_ebp" value="" />
		<bool name="can_cast_whilst_constructing" value="False" />
		<list name="requirements_self_recharge">
		</list>
		<bool name="can_cast_outside_active_battle_field" value="False" />
		<enum_table name="cost_to_squad">
			<float name="action" value="0" />
			<float name="power" value="0" />
			<float name="requisition" value="0" />
			<float name="popcap" value="0" />
			<float name="command" value="0" />
			<float name="drop_pods" value="0" />
			<float name="feat" value="0" />
			<float name="gamma" value="0" />
		</enum_table>
		<bool name="ability_super_event_cue" value="False" />
		<enum name="ui_progress_bar_type" value="auto_bar" />
		<group name="ability_tier">
			<list name="tiers">
				<group name="tier">
					<list name="on_ability_activate_action_list">
					</list>
					<list name="passive_action_list">
					</list>
					<list name="self_requirements">
						<template_reference name="required" value="requirements\required_ledger" comment="This ledger is incase the shield breaks. It them requires a 60 second delay before the shield can be retriggered again">
							<locstring name="ui_name" value="0" />
							<enum name="reason" value="usage" />
							<string name="key" value="devastator_shield_wall_doctrine" />
							<float name="default_value" value="0" />
							<float name="compare_to_value" value="30" />
							<enum name="comparison" value="greater_than_or_equal_to" />
							<enum name="ledger_type" value="squad_ledger" />
							<float name="ui_max_value" value="30" />
							<float name="ui_min_value" value="0" />
							<string name="read_key_from_ledger_key" value="" />
						</template_reference>
						<template_reference name="required" value="requirements\required_player_resources">
							<enum name="reason" value="usage_and_display" />
							<locstring name="ui_name" value="0" />
							<enum_table name="resource">
								<float name="action" value="0" />
								<float name="command" value="0" />
								<float name="popcap" value="0" />
								<float name="power" value="0" />
								<float name="requisition" value="0" />
								<float name="drop_pods" value="0" />
								<float name="feat" value="0" />
								<float name="gamma" value="999" />
							</enum_table>
						</template_reference>
					</list>
				</group>
				<group name="tier">
					<list name="on_ability_activate_action_list">
					</list>
					<list name="passive_action_list">
						<template_reference name="action" value="action\add_shield_action">
							<uniqueid name="id" value="1073743846" />
							<bool name="permanent" value="False" />
							<instance_reference name="shield" value="shield\space_marines\line_units\spa_devastator_shield_wall_doctrine" />
						</template_reference>
					</list>
					<list name="self_requirements">
						<template_reference name="required" value="requirements\required_ledger" comment="This ledger is incase the shield breaks. It them requires a 60 second delay before the shield can be retriggered again">
							<locstring name="ui_name" value="0" />
							<enum name="reason" value="usage" />
							<string name="key" value="devastator_shield_wall_doctrine" />
							<float name="default_value" value="0" />
							<float name="compare_to_value" value="40" />
							<enum name="comparison" value="greater_than_or_equal_to" />
							<enum name="ledger_type" value="squad_ledger" />
							<float name="ui_max_value" value="40" />
							<float name="ui_min_value" value="30" />
							<string name="read_key_from_ledger_key" value="" />
						</template_reference>
						<template_reference name="required" value="requirements\required_player_resources">
							<enum name="reason" value="usage_and_display" />
							<locstring name="ui_name" value="0" />
							<enum_table name="resource">
								<float name="action" value="0" />
								<float name="command" value="0" />
								<float name="popcap" value="0" />
								<float name="power" value="0" />
								<float name="requisition" value="0" />
								<float name="drop_pods" value="0" />
								<float name="feat" value="0" />
								<float name="gamma" value="999" />
							</enum_table>
						</template_reference>
					</list>
				</group>
			</list>
			<bool name="exclusive_tier_action" value="False" />
			<list name="passive_action_list">
				<template_reference name="action" value="action\requirement_action" comment="1) If the ledger is between 0 and 30, increment the ledger by one every second until you hit 30&#xD;&#xA;NOTE: It can reach zero if the shield breaks or the unit is disrupted while the shield is off.  This is trying to emulate cooldown.">
					<bool name="check_self" value="False" />
					<bool name="validation_requires_requirements" value="False" />
					<bool name="validate_all_sub_actions" value="False" />
					<list name="requirement_table">
						<template_reference name="required" value="requirements\required_ledger" comment="This ledger is incase the shield breaks. It them requires a 60 second delay before the shield can be retriggered again">
							<locstring name="ui_name" value="0" />
							<enum name="reason" value="usage" />
							<string name="key" value="devastator_shield_wall_doctrine" />
							<float name="default_value" value="0" />
							<float name="compare_to_value" value="0" />
							<enum name="comparison" value="greater_than_or_equal_to" />
							<enum name="ledger_type" value="self_ledger" />
							<float name="ui_max_value" value="0" />
							<float name="ui_min_value" value="0" />
							<string name="read_key_from_ledger_key" value="" />
						</template_reference>
						<template_reference name="required" value="requirements\required_ledger" comment="This ledger is incase the shield breaks. It them requires a 60 second delay before the shield can be retriggered again">
							<locstring name="ui_name" value="0" />
							<enum name="reason" value="usage" />
							<string name="key" value="devastator_shield_wall_doctrine" />
							<float name="default_value" value="0" />
							<float name="compare_to_value" value="30" />
							<enum name="comparison" value="less_than" />
							<enum name="ledger_type" value="self_ledger" />
							<float name="ui_max_value" value="0" />
							<float name="ui_min_value" value="0" />
							<string name="read_key_from_ledger_key" value="" />
						</template_reference>
						<template_reference name="required" value="requirements\required_player_resources">
							<enum name="reason" value="usage_and_display" />
							<locstring name="ui_name" value="0" />
							<enum_table name="resource">
								<float name="action" value="0" />
								<float name="command" value="0" />
								<float name="popcap" value="0" />
								<float name="power" value="0" />
								<float name="requisition" value="0" />
								<float name="drop_pods" value="0" />
								<float name="feat" value="0" />
								<float name="gamma" value="999" />
							</enum_table>
						</template_reference>
					</list>
					<list name="action_table">
						<template_reference name="action" value="action\interval_action">
							<float name="interval_second" value="1" />
							<uniqueid name="id" value="1073743847" />
							<list name="interval_subactions">
								<group name="interval_subaction_group">
									<float name="trigger_time_second" value="1" />
									<list name="actions">
										<template_reference name="action" value="action\ledger_write_action">
											<uniqueid name="id" value="1073743848" />
											<string name="key" value="devastator_shield_wall_doctrine" />
											<enum name="operator" value="add" />
											<float name="operand" value="1" />
											<bool name="persistent" value="False" />
											<string name="read_key_from_ledger_key" value="" />
										</template_reference>
									</list>
								</group>
							</list>
							<bool name="progress_bar" value="False" />
						</template_reference>
					</list>
					<uniqueid name="id" value="1073743849" />
					<template_reference name="ui_help_text" value="tables\help_text_phrase">
						<int name="phrase_order" value="0" />
						<locstring name="phrase" value="0" />
					</template_reference>
					<template_reference name="behaviour_type" value="options\action\requirement_action\wait_until_requirements_pass_to_start_wait_again_when_requirements_fail">
					</template_reference>
				</template_reference>
				<template_reference name="action" value="action\requirement_action" comment="2) If the ledger has recovered to 30 (finished cooling down basically) then increment the ledger by 1 every second if the unit is not moving and not disrupted.">
					<bool name="check_self" value="False" />
					<bool name="validation_requires_requirements" value="False" />
					<bool name="validate_all_sub_actions" value="False" />
					<list name="requirement_table">
						<template_reference name="required" value="requirements\required_in_state">
							<enum name="reason" value="usage" />
							<locstring name="ui_name" value="0" />
							<float name="was_attacked_within_seconds" value="-1" />
							<list name="check_states">
								<enum name="state_requirement_type" value="not_moving" />
							</list>
							<float name="was_attacking_within_seconds" value="-1" />
						</template_reference>
						<template_reference name="required" value="requirements\required_not">
							<enum name="reason" value="usage" />
							<locstring name="ui_name" value="0" />
							<list name="requirement_table">
								<template_reference name="required" value="requirements\required_in_state">
									<enum name="reason" value="usage" />
									<locstring name="ui_name" value="0" />
									<float name="was_attacked_within_seconds" value="-1" />
									<list name="check_states">
										<enum name="state_requirement_type" value="squad_broken" />
									</list>
									<float name="was_attacking_within_seconds" value="-1" />
								</template_reference>
							</list>
						</template_reference>
						<template_reference name="required" value="requirements\required_ledger" comment="This ledger is incase the shield breaks. It them requires a 60 second delay before the shield can be retriggered again">
							<locstring name="ui_name" value="0" />
							<enum name="reason" value="usage" />
							<string name="key" value="devastator_shield_wall_doctrine" />
							<float name="default_value" value="0" />
							<float name="compare_to_value" value="30" />
							<enum name="comparison" value="greater_than_or_equal_to" />
							<enum name="ledger_type" value="self_ledger" />
							<float name="ui_max_value" value="0" />
							<float name="ui_min_value" value="0" />
							<string name="read_key_from_ledger_key" value="" />
						</template_reference>
						<template_reference name="required" value="requirements\required_ledger" comment="This ledger is incase the shield breaks. It them requires a 60 second delay before the shield can be retriggered again">
							<locstring name="ui_name" value="0" />
							<enum name="reason" value="usage" />
							<string name="key" value="devastator_shield_wall_doctrine" />
							<float name="default_value" value="0" />
							<float name="compare_to_value" value="40" />
							<enum name="comparison" value="less_than" />
							<enum name="ledger_type" value="self_ledger" />
							<float name="ui_max_value" value="0" />
							<float name="ui_min_value" value="0" />
							<string name="read_key_from_ledger_key" value="" />
						</template_reference>
						<template_reference name="required" value="requirements\required_player_resources">
							<enum name="reason" value="usage_and_display" />
							<locstring name="ui_name" value="0" />
							<enum_table name="resource">
								<float name="action" value="0" />
								<float name="command" value="0" />
								<float name="popcap" value="0" />
								<float name="power" value="0" />
								<float name="requisition" value="0" />
								<float name="drop_pods" value="0" />
								<float name="feat" value="0" />
								<float name="gamma" value="999" />
							</enum_table>
						</template_reference>
					</list>
					<list name="action_table">
						<template_reference name="action" value="action\interval_action">
							<float name="interval_second" value="1" />
							<uniqueid name="id" value="1073743850" />
							<list name="interval_subactions">
								<group name="interval_subaction_group">
									<float name="trigger_time_second" value="1" />
									<list name="actions">
										<template_reference name="action" value="action\ledger_write_action">
											<uniqueid name="id" value="1073743851" />
											<string name="key" value="devastator_shield_wall_doctrine" />
											<enum name="operator" value="add" />
											<float name="operand" value="1" />
											<bool name="persistent" value="False" />
											<string name="read_key_from_ledger_key" value="" />
										</template_reference>
									</list>
								</group>
							</list>
							<bool name="progress_bar" value="False" />
						</template_reference>
					</list>
					<uniqueid name="id" value="1073743852" />
					<template_reference name="ui_help_text" value="tables\help_text_phrase">
						<int name="phrase_order" value="0" />
						<locstring name="phrase" value="0" />
					</template_reference>
					<template_reference name="behaviour_type" value="options\action\requirement_action\wait_until_requirements_pass_to_start_wait_again_when_requirements_fail">
					</template_reference>
				</template_reference>
				<template_reference name="action" value="action\requirement_action" comment="3) If the ledger is 40 (shield is active) and they get disrupted, set ledger to 0.">
					<bool name="check_self" value="False" />
					<bool name="validation_requires_requirements" value="False" />
					<bool name="validate_all_sub_actions" value="False" />
					<list name="requirement_table">
						<template_reference name="required" value="requirements\required_in_state">
							<enum name="reason" value="usage" />
							<locstring name="ui_name" value="0" />
							<float name="was_attacked_within_seconds" value="-1" />
							<list name="check_states">
								<enum name="state_requirement_type" value="squad_broken" />
							</list>
							<float name="was_attacking_within_seconds" value="-1" />
						</template_reference>
						<template_reference name="required" value="requirements\required_ledger" comment="This ledger is incase the shield breaks. It them requires a 60 second delay before the shield can be retriggered again">
							<locstring name="ui_name" value="0" />
							<enum name="reason" value="usage" />
							<string name="key" value="devastator_shield_wall_doctrine" />
							<float name="default_value" value="0" />
							<float name="compare_to_value" value="40" />
							<enum name="comparison" value="greater_than_or_equal_to" />
							<enum name="ledger_type" value="self_ledger" />
							<float name="ui_max_value" value="0" />
							<float name="ui_min_value" value="0" />
							<string name="read_key_from_ledger_key" value="" />
						</template_reference>
						<template_reference name="required" value="requirements\required_player_resources">
							<enum name="reason" value="usage_and_display" />
							<locstring name="ui_name" value="0" />
							<enum_table name="resource">
								<float name="action" value="0" />
								<float name="command" value="0" />
								<float name="popcap" value="0" />
								<float name="power" value="0" />
								<float name="requisition" value="0" />
								<float name="drop_pods" value="0" />
								<float name="feat" value="0" />
								<float name="gamma" value="999" />
							</enum_table>
						</template_reference>
					</list>
					<list name="action_table">
						<template_reference name="action" value="action\ledger_write_action">
							<uniqueid name="id" value="1073743853" />
							<string name="key" value="devastator_shield_wall_doctrine" />
							<enum name="operator" value="set" />
							<float name="operand" value="0" />
							<bool name="persistent" value="False" />
							<string name="read_key_from_ledger_key" value="" />
						</template_reference>
					</list>
					<uniqueid name="id" value="1073743854" />
					<template_reference name="ui_help_text" value="tables\help_text_phrase">
						<int name="phrase_order" value="0" />
						<locstring name="phrase" value="0" />
					</template_reference>
					<template_reference name="behaviour_type" value="options\action\requirement_action\wait_until_requirements_pass_to_start_wait_again_when_requirements_fail">
					</template_reference>
				</template_reference>
				<template_reference name="action" value="action\requirement_action" comment="4) If the ledger is between 30-39 and the unit moves or is stunned, reduce ledger to 30.  This is essentially saying they have cooled down but not setup a new shield.">
					<bool name="check_self" value="False" />
					<bool name="validation_requires_requirements" value="False" />
					<bool name="validate_all_sub_actions" value="False" />
					<list name="requirement_table">
						<template_reference name="required" value="requirements\required_ledger" comment="This ledger is incase the shield breaks. It them requires a 60 second delay before the shield can be retriggered again">
							<locstring name="ui_name" value="0" />
							<enum name="reason" value="usage" />
							<string name="key" value="devastator_shield_wall_doctrine" />
							<float name="default_value" value="0" />
							<float name="compare_to_value" value="30" />
							<enum name="comparison" value="greater_than_or_equal_to" />
							<enum name="ledger_type" value="self_ledger" />
							<float name="ui_max_value" value="0" />
							<float name="ui_min_value" value="0" />
							<string name="read_key_from_ledger_key" value="" />
						</template_reference>
						<template_reference name="required" value="requirements\required_ledger" comment="This ledger is incase the shield breaks. It them requires a 60 second delay before the shield can be retriggered again">
							<locstring name="ui_name" value="0" />
							<enum name="reason" value="usage" />
							<string name="key" value="devastator_shield_wall_doctrine" />
							<float name="default_value" value="0" />
							<float name="compare_to_value" value="40" />
							<enum name="comparison" value="less_than" />
							<enum name="ledger_type" value="self_ledger" />
							<float name="ui_max_value" value="0" />
							<float name="ui_min_value" value="0" />
							<string name="read_key_from_ledger_key" value="" />
						</template_reference>
						<template_reference name="required" value="requirements\required_any_in_list">
							<enum name="reason" value="usage" />
							<locstring name="ui_name" value="0" />
							<list name="requirements">
								<template_reference name="requirement" value="requirements\required_in_state">
									<enum name="reason" value="usage" />
									<locstring name="ui_name" value="0" />
									<float name="was_attacked_within_seconds" value="-1" />
									<list name="check_states">
										<enum name="state_requirement_type" value="squad_broken" />
									</list>
									<float name="was_attacking_within_seconds" value="-1" />
								</template_reference>
								<template_reference name="requirement" value="requirements\required_not">
									<enum name="reason" value="usage" />
									<locstring name="ui_name" value="0" />
									<list name="requirement_table">
										<template_reference name="required" value="requirements\required_in_state">
											<enum name="reason" value="usage" />
											<locstring name="ui_name" value="0" />
											<float name="was_attacked_within_seconds" value="-1" />
											<list name="check_states">
												<enum name="state_requirement_type" value="not_moving" />
											</list>
											<float name="was_attacking_within_seconds" value="-1" />
										</template_reference>
									</list>
								</template_reference>
							</list>
						</template_reference>
						<template_reference name="required" value="requirements\required_player_resources">
							<enum name="reason" value="usage_and_display" />
							<locstring name="ui_name" value="0" />
							<enum_table name="resource">
								<float name="action" value="0" />
								<float name="command" value="0" />
								<float name="popcap" value="0" />
								<float name="power" value="0" />
								<float name="requisition" value="0" />
								<float name="drop_pods" value="0" />
								<float name="feat" value="0" />
								<float name="gamma" value="999" />
							</enum_table>
						</template_reference>
					</list>
					<list name="action_table">
						<template_reference name="action" value="action\ledger_write_action">
							<uniqueid name="id" value="1073743855" />
							<string name="key" value="devastator_shield_wall_doctrine" />
							<enum name="operator" value="set" />
							<float name="operand" value="30" />
							<bool name="persistent" value="False" />
							<string name="read_key_from_ledger_key" value="" />
						</template_reference>
					</list>
					<uniqueid name="id" value="1073743856" />
					<template_reference name="ui_help_text" value="tables\help_text_phrase">
						<int name="phrase_order" value="0" />
						<locstring name="phrase" value="0" />
					</template_reference>
					<template_reference name="behaviour_type" value="options\action\requirement_action\wait_until_requirements_pass_to_start_wait_again_when_requirements_fail">
					</template_reference>
				</template_reference>
				<template_reference name="action" value="action\requirement_action" comment="5) If the ledger is 40 and the unit moves , reduce ledger to 30.">
					<bool name="check_self" value="False" />
					<bool name="validation_requires_requirements" value="False" />
					<bool name="validate_all_sub_actions" value="False" />
					<list name="requirement_table">
						<template_reference name="required" value="requirements\required_ledger" comment="This ledger is incase the shield breaks. It them requires a 60 second delay before the shield can be retriggered again">
							<locstring name="ui_name" value="0" />
							<enum name="reason" value="usage" />
							<string name="key" value="devastator_shield_wall_doctrine" />
							<float name="default_value" value="0" />
							<float name="compare_to_value" value="40" />
							<enum name="comparison" value="greater_than_or_equal_to" />
							<enum name="ledger_type" value="self_ledger" />
							<float name="ui_max_value" value="0" />
							<float name="ui_min_value" value="0" />
							<string name="read_key_from_ledger_key" value="" />
						</template_reference>
						<template_reference name="required" value="requirements\required_not">
							<enum name="reason" value="usage" />
							<locstring name="ui_name" value="0" />
							<list name="requirement_table">
								<template_reference name="required" value="requirements\required_in_state">
									<enum name="reason" value="usage" />
									<locstring name="ui_name" value="0" />
									<float name="was_attacked_within_seconds" value="-1" />
									<list name="check_states">
										<enum name="state_requirement_type" value="not_moving" />
									</list>
									<float name="was_attacking_within_seconds" value="-1" />
								</template_reference>
							</list>
						</template_reference>
						<template_reference name="required" value="requirements\required_player_resources">
							<enum name="reason" value="usage_and_display" />
							<locstring name="ui_name" value="0" />
							<enum_table name="resource">
								<float name="action" value="0" />
								<float name="command" value="0" />
								<float name="popcap" value="0" />
								<float name="power" value="0" />
								<float name="requisition" value="0" />
								<float name="drop_pods" value="0" />
								<float name="feat" value="0" />
								<float name="gamma" value="999" />
							</enum_table>
						</template_reference>
					</list>
					<list name="action_table">
						<template_reference name="action" value="action\ledger_write_action">
							<uniqueid name="id" value="1073743857" />
							<string name="key" value="devastator_shield_wall_doctrine" />
							<enum name="operator" value="set" />
							<float name="operand" value="30" />
							<bool name="persistent" value="False" />
							<string name="read_key_from_ledger_key" value="" />
						</template_reference>
					</list>
					<uniqueid name="id" value="1073743858" />
					<template_reference name="ui_help_text" value="tables\help_text_phrase">
						<int name="phrase_order" value="0" />
						<locstring name="phrase" value="0" />
					</template_reference>
					<template_reference name="behaviour_type" value="options\action\requirement_action\wait_until_requirements_pass_to_start_wait_again_when_requirements_fail">
					</template_reference>
				</template_reference>
				<template_reference name="action" value="action\ledger_write_action">
					<uniqueid name="id" value="1073743859" />
					<string name="key" value="devastator_shield_wall_doctrine" />
					<enum name="operator" value="set" />
					<float name="operand" value="30" />
					<bool name="persistent" value="False" />
					<string name="read_key_from_ledger_key" value="" />
				</template_reference>
			</list>
		</group>
		<enum name="ui_ability_issue_type" value="Normal" />
		<string name="speech_code" value="" />
		<template_reference name="channeling" value="options\none">
		</template_reference>
		<bool name="can_be_interrupted" value="False" />
		<template_reference name="casting_option" value="options\none">
		</template_reference>
		<template_reference name="proxy_range_option" value="options\none">
		</template_reference>
		<instance_reference name="ability_category" value="" />
		<bool name="always_refund_cost_if_failed" value="False" />
		<instance_reference name="ui_menu" value="" />
		<int name="ui_combine_priority" value="0" />
		<bool name="ui_ignore_hide_spatial_abilities_option" value="False" />
	</group>
	<uniqueid name="pbgid" value="106567" />
</instance>