<instance description="Recall singing spear, the spear will return to the farseer, doing a stun to any enemy hit." template="abilities">
	<group name="ability_bag">
		<group name="action_list">
			<list name="end_self_actions">
			</list>
			<list name="end_target_actions">
			</list>
			<list name="start_self_actions">
				<template_reference name="action" value="action\upgrade_remove">
					<bool name="apply_to_entities_in_squad" value="False" />
					<instance_reference name="upgrade" value="upgrade\races\eldar\elite_units\farseer\eld_no_spear_farseer" />
					<uniqueid name="id" value="1073749565" />
				</template_reference>
			</list>
			<list name="start_target_actions">
				<template_reference name="action" value="action\ledger_target_override_action">
					<uniqueid name="id" value="1073749566" />
					<string name="executer_override_key" value="" />
					<string name="target_override_key" value="planted_spear" />
					<list name="subactions">
						<template_reference name="action" value="action\upgrade_add">
							<bool name="apply_to_entities_in_squad" value="True" />
							<bool name="trigger_publish_event" value="False" />
							<instance_reference name="upgrade" value="upgrade\races\eldar\elite_units\farseer\eld_recall_spear_farseer" />
							<uniqueid name="id" value="1073749567" />
							<bool name="allow_duplicates" value="False" />
						</template_reference>
					</list>
					<bool name="read_executer_ledger" value="True" />
				</template_reference>
				<template_reference name="action" value="action\ledger_target_override_action">
					<uniqueid name="id" value="1073749568" />
					<string name="executer_override_key" value="" />
					<string name="target_override_key" value="singing_spear" />
					<list name="subactions">
						<template_reference name="action" value="action\upgrade_add">
							<bool name="apply_to_entities_in_squad" value="True" />
							<bool name="trigger_publish_event" value="False" />
							<instance_reference name="upgrade" value="upgrade\races\eldar\elite_units\farseer\eld_recall_spear_farseer" />
							<uniqueid name="id" value="1073749569" />
							<bool name="allow_duplicates" value="False" />
						</template_reference>
					</list>
					<bool name="read_executer_ledger" value="True" />
				</template_reference>
			</list>
			<list name="abort_target_actions">
			</list>
			<list name="abort_self_actions">
			</list>
			<bool name="wait_until_abort_and_end_actions_finish" value="False" />
		</group>
		<enum name="activation" value="timed" />
		<bool name="can_target_in_fow" value="True" />
		<float name="caster_close_in_distance" value="0" />
		<bool name="casters_can_evacuate" value="False" />
		<enum_table name="cost_to_player">
			<float name="action" value="0" />
			<float name="power" value="0" />
			<float name="requisition" value="0" />
			<float name="popcap" value="0" />
			<float name="command" value="0" />
			<float name="drop_pods" value="0" />
			<float name="feat" value="0" />
			<float name="gamma" value="0" />
		</enum_table>
		<string name="cursor_ghost_blueprint" value="" />
		<float name="cursor_ghost_blueprint_angle" value="0" />
		<bool name="disable_combat" value="False" />
		<bool name="disable_when_active" value="False" />
		<bool name="enable_in_building" value="False" />
		<bool name="enable_in_vehicle" value="False" />
		<bool name="engage_combat" value="False" />
		<float name="entity_busy_time" value="0" />
		<float name="facing_angle" value="1" />
		<bool name="facing_ignore" value="False" />
		<float name="final_close_in_distance" value="0" />
		<bool name="fire_and_forget" value="False" />
		<bool name="garrison_target" value="False" />
		<bool name="initial_recharge" value="False" />
		<bool name="move_back" value="False" />
		<float name="move_back_distance" value="10" />
		<float name="range" value="75" />
		<bool name="range_ignore" value="False" />
		<float name="recharge_time" value="0" />
		<bool name="refundable" value="False" />
		<bool name="require_no_shot_block" value="False" />
		<enum name="shared_timer" value="" />
		<bool name="shared_timer_player_wide" value="False" />
		<enum name="squad_caster" value="one_entity" />
		<enum name="target" value="tp_position" />
		<float name="toggled_recharge_time_off" value="0" />
		<float name="toggled_recharge_time_on" value="0" />
		<group name="ui_cursor">
			<string name="cursor_bad" value="modal_ability_cancel" />
			<string name="cursor_good" value="modal_attack" />
			<string name="cursor_nonmodal_good" value="" />
		</group>
		<group name="ui_info">
			<locstring name="extra_text" value="11114424" />
			<locstring name="help_text" value="11096542" />
			<string name="hotkey_name" value="Q" />
			<icon name="icon_name" value="Icons_eldar_abilities_recall_singing_spear_farseer" />
			<string name="overlay_name" value="" />
			<bool name="reveal_for_decryption" value="False" />
			<locstring name="screen_name" value="11096541" />
			<icon name="icon_alternate_name" value="" />
			<locstring name="brief_text" value="0" />
			<locstring name="help_text_alternate" value="0" />
			<locstring name="screen_name_alternate" value="0" />
			<locstring name="screen_name_short" value="0" />
			<enum name="ui_style" value="default" />
			<list name="nested_ui_info_source">
			</list>
			<list name="effect_attributes">
				<instance_reference name="ability_effect" value="ui_ability_effect\ability_effect_knockback" />
				<instance_reference name="ability_effect" value="ui_ability_effect\ability_effect_damage_normal" />
				<instance_reference name="ability_effect" value="ui_ability_effect\ability_effect_piercing" />
			</list>
			<string name="info_video_url" value="" />
		</group>
		<locstring name="ui_usage_txt" value="0" />
		<bool name="validate_actions" value="False" />
		<list name="global_self_actions">
		</list>
		<list name="requirements">
			<template_reference name="required" value="requirements\required_entity_upgrade">
				<enum name="reason" value="usage_and_display" />
				<locstring name="ui_name" value="0" />
				<bool name="is_present" value="True" />
				<instance_reference name="upgrade_name" value="upgrade\races\eldar\elite_units\farseer\eld_no_spear_farseer" />
				<bool name="include_queued" value="False" />
				<int name="min_completed" value="1" />
				<int name="max_completed" value="100" />
			</template_reference>
		</list>
		<enum name="ability_super" value="tp_none" />
		<int name="ui_position" value="11" />
		<bool name="ui_mini_map_capture" value="True" />
		<bool name="facing_ignore_during_active" value="False" />
		<instance_reference name="ui_range" value="" />
		<instance_reference name="ui_reticule" value="" />
		<float name="ui_reticule_radius_min" value="9" />
		<float name="ui_reticule_radius_max" value="9" />
		<enum name="pending_ability_out_of_range_behaviour" value="chase" />
		<enum name="ui_ability_group" value="group_primary" />
		<string name="ui_targetable_sm_key" value="" />
		<string name="ui_targetable_on_key" value="" />
		<string name="ui_targetable_off_key" value="" />
		<enum name="ui_targetable_receiver" value="local" />
		<enum name="ui_combine_type" value="intersection" />
		<enum_table name="ui_modal_highlight">
			<bool name="world_sector" value="False" />
			<bool name="map_sector" value="False" />
			<bool name="map_sector_hq_link_extender" value="False" />
		</enum_table>
		<enum name="ui_group_cast_type" value="multi" />
		<list name="requirements_target">
		</list>
		<template_reference name="targeted_ability_option" value="options\none">
		</template_reference>
		<enum name="ui_direction_requirement" value="nondirectional" />
		<instance_reference name="cursor_ghost_ebp" value="" />
		<bool name="can_cast_whilst_constructing" value="False" />
		<list name="requirements_self_recharge">
		</list>
		<bool name="can_cast_outside_active_battle_field" value="False" />
		<enum_table name="cost_to_squad">
			<float name="action" value="0" />
			<float name="power" value="0" />
			<float name="requisition" value="0" />
			<float name="popcap" value="0" />
			<float name="command" value="0" />
			<float name="drop_pods" value="0" />
			<float name="feat" value="0" />
			<float name="gamma" value="0" />
		</enum_table>
		<bool name="ability_super_event_cue" value="False" />
		<enum name="ui_progress_bar_type" value="auto_bar" />
		<group name="ability_tier">
			<list name="tiers">
			</list>
			<bool name="exclusive_tier_action" value="False" />
			<list name="passive_action_list">
			</list>
		</group>
		<enum name="ui_ability_issue_type" value="Normal" />
		<string name="speech_code" value="macha_singingspearrecall" />
		<template_reference name="channeling" value="options\none">
		</template_reference>
		<bool name="can_be_interrupted" value="True" />
		<template_reference name="casting_option" value="options\none">
		</template_reference>
		<template_reference name="proxy_range_option" value="options\none">
		</template_reference>
		<instance_reference name="ability_category" value="" />
		<bool name="always_refund_cost_if_failed" value="False" />
		<instance_reference name="ui_menu" value="" />
		<int name="ui_combine_priority" value="0" />
		<bool name="ui_ignore_hide_spatial_abilities_option" value="False" />
	</group>
	<uniqueid name="pbgid" value="95619" />
</instance>