<instance description="" template="racebps">
	<group name="race_bag">
		<locstring name="name" value="11084245" />
		<locstring name="description" value="0" />
		<int name="ui_priority" value="1" />
		<instance_reference name="store_item" value="" />
		<template_reference name="inventory_item" value="inventory_item">
			<uniqueid name="server_id" value="1073741823" />
			<list name="search_tags">
			</list>
			<list name="races">
			</list>
			<list name="default_metadata">
			</list>
			<list name="inventory_item_categories">
				<instance_reference name="inventory_item_category" value="inventory_item_category\races\space_marines\space_marines" />
				<instance_reference name="inventory_item_category" value="inventory_item_category\race" />
			</list>
			<list name="inventory_item_slots">
				<instance_reference name="inventory_item_slot" value="inventory_item_slot\space_marines\elites\space_marine_elite_1" />
				<instance_reference name="inventory_item_slot" value="inventory_item_slot\space_marines\elites\space_marine_elite_2" />
				<instance_reference name="inventory_item_slot" value="inventory_item_slot\space_marines\elites\space_marine_elite_3" />
				<instance_reference name="inventory_item_slot" value="inventory_item_slot\space_marines\doctrines\space_marine_doctrine_1" />
				<instance_reference name="inventory_item_slot" value="inventory_item_slot\space_marines\doctrines\space_marine_doctrine_2" />
				<instance_reference name="inventory_item_slot" value="inventory_item_slot\space_marines\doctrines\space_marine_doctrine_3" />
				<instance_reference name="inventory_item_slot" value="inventory_item_slot\space_marines\abilities\space_marine_ability_1" />
			</list>
			<list name="inventory_item_attributes">
				<instance_reference name="inventory_item_attribute_collection" value="inventory_item_attribute_collection\color_attributes" />
			</list>
			<list name="inventory_item_equip_modifiers">
			</list>
			<template_reference name="inventory_item_equip_requirement" value="inventory_item_requirements\requirements\requirement_none">
			</template_reference>
			<instance_reference name="level_table" value="" />
			<int name="required_level" value="1" />
		</template_reference>
		<icon name="icon" value="Icons_space_marines_sigils_selector" />
		<instance_reference name="default_army" value="army\default_space_marines" mod="60ed49e7f5804e029b05dbf2d2806718" />
		<locstring name="name_abbreviated" value="0" />
		<string name="path_name" value="space_marines" />
		<group name="speech">
			<string name="intel_speaker_code" value="sm" />
			<enum name="race_code" value="space_marine" />
			<string name="ally_intel_speaker_code" value="smally" />
		</group>
		<enum name="battlefront" value="Eastern" />
		<enum name="faction_type" value="none" />
		<list name="sound_banks">
			<enum name="sound_banks" value="media_memory_sfx_race_spa_core_00" />
			<enum name="sound_banks" value="media_memory_sfx_race_spa_core_music_00" />
			<enum name="sound_banks" value="structures_speech_gameplay_line_space_marine" />
		</list>
		<locstring name="paint_scheme_type_name" value="11127291" />
		<instance_reference name="default_army_slot_layout" value="army_slot_layout\default_space_marines_slot_layout" />
		<bool name="multiplayer" value="True" />
	</group>
	<uniqueid name="pbgid" value="110775" />
</instance>