<instance description="" template="precache_common">
	<uniqueid name="pbgid" value="101877" />
	<group name="precache_common_bag">
		<list name="ebps">
			<instance_reference name="ebp" value="ebps\races\eldar\projectiles\eld_eldritch_slash_projectile_wraithknight_taldeer" />
			<instance_reference name="ebp" value="ebps\races\eldar\projectiles\eld_long_shot_projectile_ronahn" />
			<instance_reference name="ebp" value="ebps\races\eldar\projectiles\eld_m05\eld_webway_shield_scattershield" />
			<instance_reference name="ebp" value="ebps\races\eldar\projectiles\eld_plasma_grenade_dire_avengers" />
			<instance_reference name="ebp" value="ebps\races\eldar\projectiles\eld_prism_cannon_projectile_explosion_fire_prism" />
			<instance_reference name="ebp" value="ebps\races\eldar\projectiles\eld_pulse_laser_common" />
			<instance_reference name="ebp" value="ebps\races\eldar\projectiles\eld_reaper_swarmmissile_projectile" />
			<instance_reference name="ebp" value="ebps\races\eldar\projectiles\eld_scattershield_ability_wraithknight_taldeer" />
			<instance_reference name="ebp" value="ebps\races\eldar\projectiles\eld_sensor_beacon_deploy_ranger" />
			<instance_reference name="ebp" value="ebps\races\eldar\projectiles\eld_singing_spear_proj_farseer_blast" />
			<instance_reference name="ebp" value="ebps\races\eldar\projectiles\eld_singing_spear_proj_farseer_cast" />
			<instance_reference name="ebp" value="ebps\races\eldar\projectiles\eld_singing_spear_proj_farseer_recall" />
			<instance_reference name="ebp" value="ebps\races\eldar\projectiles\eld_triskele_jain_zar_cast" />
			<instance_reference name="ebp" value="ebps\races\eldar\projectiles\eld_triskele_jain_zar_recall" />
			<instance_reference name="ebp" value="ebps\races\eldar\projectiles\eld_vyper_swarmmissile_projectile" mod="a5fef7c6e07942ffb7483ef8065b8755" />
			<instance_reference name="ebp" value="ebps\races\eldar\projectiles\eld_wraithcannon_projectile_wraithguard" />
			<instance_reference name="ebp" value="ebps\races\eldar\projectiles\eld_wraithcannon_projectile_wraithknight" />
		</list>
		<list name="sbps">
		</list>
	</group>
</instance>