<instance description="" template="sbps">
	<list name="extensions">
		<template_reference name="squadexts" value="sbpextensions\squad_blueprint_ext">
		</template_reference>
		<template_reference name="squadexts" value="sbpextensions\squad_ui_ext">
			<list name="race_list">
				<group name="race_data">
					<group name="info">
						<bool name="allow_spawner_production" value="False" />
						<locstring name="extra_text" value="11114257" />
						<locstring name="help_text" value="11095979" />
						<string name="hotkey_name" value="S" />
						<icon name="icon_name" value="Icons_eldar_portraits_line_ranger" />
						<bool name="minimap_team_only" value="False" />
						<icon name="minimap_texture" value="Icons_common_decorators_minimap_infantry" />
						<instance_reference name="modal_ability" value="" />
						<bool name="reveal_for_decryption" value="True" />
						<locstring name="screen_name" value="11095721" />
						<string name="selection_group" value="eld_rangers" />
						<int name="ui_priority" value="0" />
						<bool name="use_random_entity_speaker" value="False" />
						<icon name="portrait_name" value="Icons_eldar_portraits_line_ranger" />
						<float name="minimap_texture_scale" value="0.2" />
						<locstring name="brief_text" value="11114141" />
						<locstring name="screen_name_short" value="0" />
						<enum name="map_rotation_type_override" value="no_override" />
						<bool name="show_in_build_log" value="True" />
						<icon name="symbol_icon_name" value="Icons_common_decorators_eldar_line_rangers" />
						<enum name="ui_style" value="default" />
						<string name="cover_level_icon_postfix" value="" />
						<bool name="hide_ucs" value="False" />
						<enum name="decorator_visibility" value="visible" />
					</group>
					<instance_reference name="ext_key" value="" />
				</group>
			</list>
		</template_reference>
		<template_reference name="squadexts" value="sbpextensions\squad_combat_stance_ext">
			<enum name="default_stance" value="attack" />
		</template_reference>
		<template_reference name="squadexts" value="sbpextensions\squad_formation_ext">
			<float name="combat_follower_cover_search_radius" value="2" />
			<float name="move_dest_cover_search_radius" value="3" />
			<group name="squad_distribution_table">
				<group name="01_soldiers">
					<float name="units_in_core" value="1" />
					<float name="units_in_left_flank" value="0" />
					<float name="units_in_right_flank" value="0" />
					<float name="units_in_scout" value="0" />
				</group>
				<group name="02_soldiers">
					<float name="units_in_core" value="2" />
					<float name="units_in_left_flank" value="0" />
					<float name="units_in_right_flank" value="0" />
					<float name="units_in_scout" value="0" />
				</group>
				<group name="03_soldiers">
					<float name="units_in_core" value="3" />
					<float name="units_in_left_flank" value="0" />
					<float name="units_in_right_flank" value="0" />
					<float name="units_in_scout" value="0" />
				</group>
				<group name="04_soldiers">
					<float name="units_in_core" value="4" />
					<float name="units_in_left_flank" value="0" />
					<float name="units_in_right_flank" value="0" />
					<float name="units_in_scout" value="0" />
				</group>
				<group name="05_soldiers">
					<float name="units_in_core" value="5" />
					<float name="units_in_left_flank" value="0" />
					<float name="units_in_right_flank" value="0" />
					<float name="units_in_scout" value="0" />
				</group>
				<group name="06_soldiers">
					<float name="units_in_core" value="6" />
					<float name="units_in_left_flank" value="0" />
					<float name="units_in_right_flank" value="0" />
					<float name="units_in_scout" value="0" />
				</group>
				<group name="07_soldiers">
					<float name="units_in_core" value="7" />
					<float name="units_in_left_flank" value="0" />
					<float name="units_in_right_flank" value="0" />
					<float name="units_in_scout" value="0" />
				</group>
				<group name="08_soldiers">
					<float name="units_in_core" value="8" />
					<float name="units_in_left_flank" value="0" />
					<float name="units_in_right_flank" value="0" />
					<float name="units_in_scout" value="0" />
				</group>
				<group name="09_soldiers">
					<float name="units_in_core" value="9" />
					<float name="units_in_left_flank" value="0" />
					<float name="units_in_right_flank" value="0" />
					<float name="units_in_scout" value="0" />
				</group>
				<group name="10_soldiers">
					<float name="units_in_core" value="10" />
					<float name="units_in_left_flank" value="0" />
					<float name="units_in_right_flank" value="0" />
					<float name="units_in_scout" value="0" />
				</group>
			</group>
			<bool name="support_weapons_to_flanks" value="False" />
			<list name="formation_overrides">
				<group name="formation_override_entry">
					<enum name="squad_formation_override" value="forge_idle" />
					<instance_reference name="formation" value="squad_formations\forge\ork_4man_circle_pop" />
				</group>
			</list>
			<enum_table name="cover_formation_table">
				<instance_reference name="tp_defcover" value="squad_formations\races\eldar\eld_box" />
				<instance_reference name="tp_defcover_narrow" value="squad_formations\races\eldar\eld_box" />
				<instance_reference name="tp_garrison_cover" value="squad_formations\races\eldar\eld_box" />
				<instance_reference name="tp_garrison_halftrack" value="squad_formations\races\eldar\eld_box" />
				<instance_reference name="tp_heavy" value="squad_formations\races\eldar\eld_box" />
				<instance_reference name="tp_light" value="squad_formations\races\eldar\eld_box" />
				<instance_reference name="tp_negative" value="squad_formations\races\eldar\eld_box" />
				<instance_reference name="tp_open" value="squad_formations\races\eldar\eld_box" />
				<instance_reference name="tp_smoke" value="squad_formations\races\eldar\eld_box" />
				<instance_reference name="tp_trench" value="squad_formations\races\eldar\eld_box" />
				<instance_reference name="tp_water" value="squad_formations\races\eldar\eld_box" />
				<instance_reference name="tp_z_bunker" value="squad_formations\races\eldar\eld_box" />
				<instance_reference name="tp_z_emplacement" value="squad_formations\races\eldar\eld_box" />
				<instance_reference name="tp_z_ice" value="squad_formations\races\eldar\eld_box" />
				<instance_reference name="tp_z_snow" value="squad_formations\races\eldar\eld_box" />
				<instance_reference name="tp_zz_deep_snow" value="squad_formations\races\eldar\eld_box" />
				<instance_reference name="tp_zz_mud" value="squad_formations\races\eldar\eld_box" />
				<instance_reference name="tp_zz_team_weapon_heavy" value="squad_formations\races\eldar\eld_box" />
				<instance_reference name="tp_shot_absorber" value="squad_formations\races\eldar\eld_box" />
			</enum_table>
			<enum_table name="moving_cover_formation_override_table">
				<instance_reference name="tp_defcover" value="squad_formations\races\eldar\eld_box_moving" />
				<instance_reference name="tp_defcover_narrow" value="squad_formations\races\eldar\eld_box_moving" />
				<instance_reference name="tp_garrison_cover" value="squad_formations\races\eldar\eld_box_moving" />
				<instance_reference name="tp_garrison_halftrack" value="squad_formations\races\eldar\eld_box_moving" />
				<instance_reference name="tp_heavy" value="squad_formations\races\eldar\eld_box_moving" />
				<instance_reference name="tp_light" value="squad_formations\races\eldar\eld_box_moving" />
				<instance_reference name="tp_negative" value="squad_formations\races\eldar\eld_box_moving" />
				<instance_reference name="tp_open" value="squad_formations\races\eldar\eld_box_moving" />
				<instance_reference name="tp_smoke" value="squad_formations\races\eldar\eld_box_moving" />
				<instance_reference name="tp_trench" value="squad_formations\races\eldar\eld_box_moving" />
				<instance_reference name="tp_water" value="squad_formations\races\eldar\eld_box_moving" />
				<instance_reference name="tp_z_bunker" value="squad_formations\races\eldar\eld_box_moving" />
				<instance_reference name="tp_z_emplacement" value="squad_formations\races\eldar\eld_box_moving" />
				<instance_reference name="tp_z_ice" value="squad_formations\races\eldar\eld_box_moving" />
				<instance_reference name="tp_z_snow" value="squad_formations\races\eldar\eld_box_moving" />
				<instance_reference name="tp_zz_deep_snow" value="squad_formations\races\eldar\eld_box_moving" />
				<instance_reference name="tp_zz_mud" value="squad_formations\races\eldar\eld_box_moving" />
				<instance_reference name="tp_zz_team_weapon_heavy" value="squad_formations\races\eldar\eld_box_moving" />
				<instance_reference name="tp_shot_absorber" value="squad_formations\races\eldar\eld_box_moving" />
			</enum_table>
		</template_reference>
		<template_reference name="squadexts" value="sbpextensions\squad_item_slot_ext">
			<bool name="can_pick_up" value="True" />
			<float name="num_slots" value="1" />
		</template_reference>
		<template_reference name="squadexts" value="sbpextensions\squad_loadout_ext">
			<list name="unit_list">
				<group name="loadout_data">
					<float name="num" value="3" />
					<instance_reference name="type" value="ebps\races\eldar\line_units\eld_rangers" mod="a5fef7c6e07942ffb7483ef8065b8755" />
				</group>
			</list>
			<float name="squad_female_chance" value="0" />
		</template_reference>
		<template_reference name="squadexts" value="sbpextensions\squad_modifier_ext">
		</template_reference>
		<template_reference name="squadexts" value="sbpextensions\squad_requirement_ext">
			<list name="requirement_table">
				<template_reference name="required" value="requirements\required_player_upgrade">
					<enum name="reason" value="display" />
					<locstring name="ui_name" value="0" />
					<bool name="is_present" value="True" />
					<int name="max_completed" value="100" />
					<int name="min_completed" value="1" />
					<instance_reference name="upgrade_name" value="upgrade\races\eldar\line_units\rangers\eld_rangers_unlock" />
					<bool name="include_queued" value="False" />
				</template_reference>
			</list>
		</template_reference>
		<template_reference name="squadexts" value="sbpextensions\squad_upgrade_apply_ext">
			<list name="upgrades">
			</list>
		</template_reference>
		<template_reference name="squadexts" value="sbpextensions\squad_upgrade_ext">
			<float name="number_of_slots" value="-1" />
			<list name="upgrades">
			</list>
			<int name="max_queue_size_override" value="-1" />
		</template_reference>
		<template_reference name="squadexts" value="sbpextensions\squad_action_apply_ext">
			<list name="actions">
				<template_reference name="action" value="action\sound_action">
					<sound name="play_event" value="t05mis_eld_rangers_squad_spawn" />
					<uniqueid name="id" value="1073747408" />
					<sound name="stop_event" value="" />
					<enum name="visibility_type" value="ExecuterIsOwnOrAlly" />
				</template_reference>
				<template_reference name="action" value="action\sound_action">
					<sound name="play_event" value="t05mis_eld_rangers_squad_spawn" />
					<uniqueid name="id" value="1073747409" />
					<sound name="stop_event" value="" />
					<enum name="visibility_type" value="ExecuterIsEnemy" />
				</template_reference>
				<template_reference name="action" value="action\requirement_action" comment="This requirement action is acting like a shield regen requirement, hopefully this can be replaced in the future by a requirement list in the shield itself.">
					<bool name="check_self" value="False" />
					<bool name="validation_requires_requirements" value="False" />
					<bool name="validate_all_sub_actions" value="True" />
					<list name="requirement_table">
						<template_reference name="required" value="requirements\required_in_state">
							<enum name="reason" value="usage" />
							<locstring name="ui_name" value="0" />
							<float name="was_attacked_within_seconds" value="8" />
							<list name="check_states">
							</list>
							<float name="was_attacking_within_seconds" value="-1" />
						</template_reference>
						<template_reference name="required" value="requirements\required_not">
							<enum name="reason" value="usage" />
							<locstring name="ui_name" value="0" />
							<list name="requirement_table">
								<template_reference name="required" value="requirements\required_squad_upgrade">
									<enum name="reason" value="usage" />
									<locstring name="ui_name" value="0" />
									<bool name="include_queued" value="False" />
									<bool name="is_present" value="True" />
									<instance_reference name="upgrade_name" value="upgrade\races\eldar\elite_units\autarch_kyre\eld_enable_shield_in_combat" />
									<int name="min_completed" value="1" />
									<int name="max_completed" value="100" />
								</template_reference>
							</list>
						</template_reference>
					</list>
					<list name="action_table">
						<template_reference name="action" value="action\apply_modifiers_action">
							<float name="duration" value="0" />
							<bool name="permanent" value="False" />
							<list name="modifiers">
								<template_reference name="modifier" value="modifiers\squad_modifier">
									<enum name="application_type" value="apply_to_squad" />
									<bool name="exclusive" value="False" />
									<string name="modifier_id" value="" />
									<instance_reference name="tooltip" value="" />
									<enum name="usage_type" value="multiplication" />
									<float name="value" value="0" />
									<instance_reference name="target_type_name" value="" />
									<enum name="type" value="squad_shield_regeneration_modifier" />
								</template_reference>
							</list>
							<uniqueid name="id" value="1073747410" />
						</template_reference>
					</list>
					<uniqueid name="id" value="1073747411" />
					<template_reference name="ui_help_text" value="tables\help_text_phrase">
						<int name="phrase_order" value="0" />
						<locstring name="phrase" value="0" />
					</template_reference>
					<template_reference name="behaviour_type" value="options\action\requirement_action\wait_until_requirements_pass_to_start_wait_again_when_requirements_fail">
					</template_reference>
				</template_reference>
				<template_reference name="action" value="action\requirement_action" comment="If doctrine Ranger Focus is equipped">
					<bool name="check_self" value="False" />
					<bool name="validation_requires_requirements" value="False" />
					<bool name="validate_all_sub_actions" value="True" />
					<list name="requirement_table">
						<template_reference name="required" value="requirements\required_player_upgrade">
							<enum name="reason" value="usage" />
							<locstring name="ui_name" value="0" />
							<bool name="is_present" value="True" />
							<int name="max_completed" value="100" />
							<int name="min_completed" value="1" />
							<instance_reference name="upgrade_name" value="upgrade\races\eldar\doctrines\eld_focus_ranger" />
							<bool name="include_queued" value="False" />
						</template_reference>
						<template_reference name="required" value="requirements\required_any_in_list">
							<enum name="reason" value="usage" />
							<locstring name="ui_name" value="0" />
							<list name="requirements">
								<template_reference name="requirement" value="requirements\required_in_stealth_zone">
									<locstring name="ui_name" value="0" />
									<enum name="reason" value="usage" />
									<bool name="require_no_detected_enemies" value="False" />
									<enum name="squad_check_behaviour" value="require_majority_of_entities" />
								</template_reference>
								<template_reference name="requirement" value="requirements\required_in_cover_type">
									<enum name="reason" value="usage" />
									<locstring name="ui_name" value="0" />
									<list name="cover_type_list">
										<enum name="cover" value="tp_heavy" />
									</list>
									<bool name="use_target_position" value="False" />
								</template_reference>
							</list>
						</template_reference>
					</list>
					<list name="action_table">
						<template_reference name="action" value="action\apply_modifiers_action">
							<float name="duration" value="0" />
							<bool name="permanent" value="False" />
							<list name="modifiers">
								<template_reference name="modifier" value="modifiers\entity_modifier">
									<enum name="application_type" value="apply_to_entity" />
									<bool name="exclusive" value="False" />
									<string name="modifier_id" value="" />
									<enum name="usage_type" value="multiplication" />
									<float name="value" value="1.5" />
									<instance_reference name="tooltip" value="" />
									<enum name="type" value="sight_radius_modifier" />
									<instance_reference name="target_type_name" value="" />
								</template_reference>
							</list>
							<uniqueid name="id" value="1073747412" />
						</template_reference>
						<template_reference name="action" value="action\interval_action">
							<float name="interval_second" value="1" />
							<uniqueid name="id" value="1073747413" />
							<list name="interval_subactions">
								<group name="interval_subaction_group">
									<float name="trigger_time_second" value="0" />
									<list name="actions">
										<template_reference name="action" value="action\requirement_action" comment="If doctrine Ranger Focus is equipped - speed increase when in stealth cover">
											<bool name="check_self" value="False" />
											<bool name="validation_requires_requirements" value="False" />
											<bool name="validate_all_sub_actions" value="True" />
											<list name="requirement_table">
												<template_reference name="required" value="requirements\required_player_upgrade">
													<enum name="reason" value="usage" />
													<locstring name="ui_name" value="0" />
													<bool name="is_present" value="True" />
													<int name="max_completed" value="100" />
													<int name="min_completed" value="1" />
													<instance_reference name="upgrade_name" value="upgrade\races\eldar\doctrines\eld_focus_ranger" />
													<bool name="include_queued" value="False" />
												</template_reference>
												<template_reference name="required" value="requirements\required_in_stealth_zone">
													<locstring name="ui_name" value="0" />
													<enum name="reason" value="usage" />
													<bool name="require_no_detected_enemies" value="False" />
													<enum name="squad_check_behaviour" value="require_majority_of_entities" />
												</template_reference>
											</list>
											<list name="action_table">
												<template_reference name="action" value="action\timed_action">
													<float name="duration" value="6" />
													<bool name="fire_and_forget" value="True" />
													<list name="subactions">
														<template_reference name="action" value="action\apply_modifiers_action">
															<float name="duration" value="6" />
															<bool name="permanent" value="False" />
															<list name="modifiers">
																<template_reference name="modifier" value="modifiers\entity_modifier">
																	<enum name="type" value="speed_maximum_modifier" />
																	<enum name="application_type" value="apply_to_entity" />
																	<enum name="usage_type" value="addition" />
																	<float name="value" value="2" />
																	<instance_reference name="tooltip" value="" />
																	<bool name="exclusive" value="True" />
																	<string name="modifier_id" value="ranger_focus_speed_max" />
																	<instance_reference name="target_type_name" value="" />
																</template_reference>
																<template_reference name="modifier" value="modifiers\weapon_modifier">
																	<enum name="type" value="damage_weapon_modifier" />
																	<enum name="application_type" value="apply_to_weapon" />
																	<enum name="usage_type" value="multiplication" />
																	<float name="value" value="1.25" />
																	<instance_reference name="tooltip" value="" />
																	<bool name="exclusive" value="True" />
																	<string name="modifier_id" value="ranger_focus_damage" />
																	<string name="target_type_name" value="" />
																</template_reference>
															</list>
															<uniqueid name="id" value="1073747414" />
														</template_reference>
														<template_reference name="action" value="action\ui_unit_modifier_action">
															<bool name="die_with_creator" value="False" />
															<template_reference name="ui_info" value="tables\ui_info">
																<locstring name="screen_name" value="11129397" />
																<locstring name="help_text" value="11129398" />
																<icon name="icon_name" value="Icons_common_states_damage_increase" />
																<string name="hotkey_name" value="" />
															</template_reference>
															<uniqueid name="id" value="1073747415" />
														</template_reference>
													</list>
													<uniqueid name="id" value="1073747416" />
												</template_reference>
											</list>
											<uniqueid name="id" value="1073747417" />
											<template_reference name="ui_help_text" value="tables\help_text_phrase">
												<int name="phrase_order" value="0" />
												<locstring name="phrase" value="0" />
											</template_reference>
											<template_reference name="behaviour_type" value="options\action\requirement_action\check_once_to_start_stop_when_requirements_fail">
											</template_reference>
										</template_reference>
									</list>
								</group>
							</list>
							<bool name="progress_bar" value="False" />
						</template_reference>
					</list>
					<uniqueid name="id" value="1073747418" />
					<template_reference name="ui_help_text" value="tables\help_text_phrase">
						<int name="phrase_order" value="0" />
						<locstring name="phrase" value="0" />
					</template_reference>
					<template_reference name="behaviour_type" value="options\action\requirement_action\wait_until_requirements_pass_to_start_wait_again_when_requirements_fail">
					</template_reference>
				</template_reference>
			</list>
		</template_reference>
		<template_reference name="squadexts" value="sbpextensions\squad_combat_behaviour_ext">
			<float name="heavy_weapon_setup_delay" value="0" />
			<float name="reaction_delay_seconds" value="25" />
			<float name="reveal_self_attacker_time" value="0" />
			<bool name="reveal_self_attacker_time_use" value="False" />
			<file name="squad_ai_file" value="" />
			<file name="squad_ai_pinned_file" value="" />
			<file name="squad_ai_reaction_file" value="" />
			<file name="squad_ai_retaliation_file" value="" />
			<group name="suppression">
				<bool name="can_be_suppressed" value="False" />
				<float name="noncombat_delay" value="7" />
				<float name="noncombat_recover_multiplier" value="50" />
				<float name="pin_down_activate_threshold" value="0.6" />
				<float name="pin_down_recover_threshold" value="0.5" />
				<float name="recover_rate" value="0.008" />
				<float name="suppressed_activate_threshold" value="0.2" />
				<float name="suppressed_recover_threshold" value="0.15" />
				<list name="pin_down_activate_actions">
				</list>
				<list name="suppressed_activate_actions">
				</list>
				<enum_table name="cover_info">
					<template_reference name="tp_defcover" value="suppression_cover_info">
						<float name="recover_multiplier" value="1" />
					</template_reference>
					<template_reference name="tp_defcover_narrow" value="suppression_cover_info">
						<float name="recover_multiplier" value="1" />
					</template_reference>
					<template_reference name="tp_garrison_cover" value="suppression_cover_info">
						<float name="recover_multiplier" value="500" />
					</template_reference>
					<template_reference name="tp_garrison_halftrack" value="suppression_cover_info">
						<float name="recover_multiplier" value="1" />
					</template_reference>
					<template_reference name="tp_heavy" value="suppression_cover_info">
						<float name="recover_multiplier" value="5" />
					</template_reference>
					<template_reference name="tp_light" value="suppression_cover_info">
						<float name="recover_multiplier" value="2.5" />
					</template_reference>
					<template_reference name="tp_negative" value="suppression_cover_info">
						<float name="recover_multiplier" value="0.5" />
					</template_reference>
					<template_reference name="tp_open" value="suppression_cover_info">
						<float name="recover_multiplier" value="0.75" />
					</template_reference>
					<template_reference name="tp_smoke" value="suppression_cover_info">
						<float name="recover_multiplier" value="1" />
					</template_reference>
					<template_reference name="tp_trench" value="suppression_cover_info">
						<float name="recover_multiplier" value="1" />
					</template_reference>
					<template_reference name="tp_water" value="suppression_cover_info">
						<float name="recover_multiplier" value="1" />
					</template_reference>
					<template_reference name="tp_z_bunker" value="suppression_cover_info">
						<float name="recover_multiplier" value="1" />
					</template_reference>
					<template_reference name="tp_z_emplacement" value="suppression_cover_info">
						<float name="recover_multiplier" value="1" />
					</template_reference>
					<template_reference name="tp_z_ice" value="suppression_cover_info">
						<float name="recover_multiplier" value="1" />
					</template_reference>
					<template_reference name="tp_z_snow" value="suppression_cover_info">
						<float name="recover_multiplier" value="1" />
					</template_reference>
					<template_reference name="tp_zz_deep_snow" value="suppression_cover_info">
						<float name="recover_multiplier" value="1" />
					</template_reference>
					<template_reference name="tp_zz_mud" value="suppression_cover_info">
						<float name="recover_multiplier" value="1" />
					</template_reference>
					<template_reference name="tp_zz_team_weapon_heavy" value="suppression_cover_info">
						<float name="recover_multiplier" value="1" />
					</template_reference>
					<template_reference name="tp_shot_absorber" value="suppression_cover_info">
						<float name="recover_multiplier" value="1" />
					</template_reference>
				</enum_table>
			</group>
			<group name="pilfer">
				<bool name="can_pilfer" value="False" />
				<group name="weapon">
					<group name="heading">
						<float name="x" value="0" />
						<float name="y" value="0" />
						<float name="z" value="1" />
					</group>
					<float name="length" value="0" />
					<group name="origin">
						<float name="x" value="0" />
						<float name="y" value="0.5" />
						<float name="z" value="0" />
					</group>
					<enum name="type" value="default" />
					<instance_reference name="weapon" value="" />
				</group>
				<instance_reference name="remove_weapon" value="" />
			</group>
			<float name="reaction_combat_delay_seconds" value="30" />
			<file name="squad_ai_sniped_file" value="" />
			<template_reference name="can_recrew_abandoned_option" value="options\none">
			</template_reference>
			<template_reference name="charge_option" value="options\none">
			</template_reference>
			<bool name="disable_ranged_weapons_when_tied_up" value="True" />
			<int name="melee_tieup_attacking_priority" value="0" />
			<int name="melee_tieup_defending_priority" value="0" />
			<bool name="ranged_weapons_prefer_single_squad_target" value="True" />
			<bool name="accept_move_commands_while_combat" value="False" />
			<float name="reveal_defender_time" value="0" />
			<bool name="reveal_defender_time_use" value="False" />
			<instance_reference name="range_reticule" value="ui_reticule\ability_range_default_eldar" />
		</template_reference>
		<template_reference name="squadexts" value="sbpextensions\squad_attention_ext">
			<float name="search_radius" value="65" />
			<bool name="spot_enemy_activity" value="True" />
			<float name="last_seen_reset_delay_secs" value="20" />
		</template_reference>
		<template_reference name="squadexts" value="sbpextensions\squad_holdable_ext">
			<list name="modifier_table">
			</list>
		</template_reference>
		<template_reference name="squadexts" value="sbpextensions\squad_ability_ext">
			<list name="abilities">
				<instance_reference name="ability" value="abilities\races\eldar\rangers\eld_sensor_beacon_rangers" />
				<instance_reference name="ability" value="abilities\races\eldar\fleet_of_foot\eld_fleet_of_foot_icon" mod="a5fef7c6e07942ffb7483ef8065b8755" />
				<instance_reference name="ability" value="abilities\races\eldar\rangers\eld_stealth_passive_rangers" />
				<instance_reference name="ability" value="abilities\races\eldar\structures\eld_teleport_webway_portal_ork_tunnel" mod="a5fef7c6e07942ffb7483ef8065b8755" />
				<instance_reference name="ability" value="abilities\races\eldar\warp_spiders\eld_warp_rift" />
			</list>
			<bool name="allow_targeted_abilities_whilst_moving" value="False" />
			<int name="ui_combine_priority" value="19" />
		</template_reference>
		<template_reference name="squadexts" value="sbpextensions\squad_capture_strategic_point_ext">
			<float name="capture_distance" value="4" />
			<float name="capture_rate_multiplier" value="1" />
			<float name="revert_rate_multiplier" value="1" />
		</template_reference>
		<template_reference name="squadexts" value="sbpextensions\squad_population_ext">
			<float name="personnel_pop" value="2" />
		</template_reference>
		<template_reference name="squadexts" value="sbpextensions\squad_type_ext">
			<list name="squad_type_list">
			</list>
		</template_reference>
		<template_reference name="squadexts" value="sbpextensions\squad_reinforce_ext">
			<group name="time_cost_percentage">
				<float name="cost_percentage" value="0.75" />
				<float name="time_percentage" value="1" />
				<float name="upgrade_cost_percentage" value="1" />
			</group>
			<group name="ui_info">
				<locstring name="extra_text" value="0" />
				<locstring name="help_text" value="11118901" />
				<string name="hotkey_name" value="R" />
				<icon name="icon_name" value="Icons_common_abilities_reinforce_point" />
				<string name="overlay_name" value="" />
				<bool name="reveal_for_decryption" value="False" />
				<locstring name="screen_name" value="0" />
				<int name="ui_position" value="14" />
			</group>
			<list name="paradrop_requirements">
			</list>
			<list name="on_reinforced_actions">
				<template_reference name="Action" value="action\heal_action">
					<float name="amount_over_time" value="0" />
					<uniqueid name="id" value="1073747419" />
					<float name="amount_immediate" value="1" />
					<enum name="heal_type" value="max_entity_shield_multiplier" />
					<list name="target_requirements">
					</list>
					<instance_reference name="optional_shield_pbg" value="shield\eldar\line_units\eld_shield_rangers" mod="a5fef7c6e07942ffb7483ef8065b8755" />
				</template_reference>
			</list>
			<enum name="spawn_type" value="eldar_unit_spawn" />
		</template_reference>
		<template_reference name="squadexts" value="sbpextensions\squad_health_ext" comment="NOTE: Special functionality that kills off any echoes if the squad dies!  This functionality is granted by the Echo Variant of the Warp Spiders doctrine that ALSO grants teleporting units this power.&#xD;&#xA;&#xD;&#xA;1) On Death, finds the warp_spider_echo_doctrine_echo ledger target and kills it!">
			<float name="regeneration_per_second" value="2" />
			<list name="shields">
				<instance_reference name="shield" value="shield\eldar\line_units\eld_shield_rangers" mod="a5fef7c6e07942ffb7483ef8065b8755" />
			</list>
			<list name="death_actions" comment="1) On Death, finds the warp_spider_echo_doctrine_echo ledger target and kills it!">
				<template_reference name="action" value="action\speech_action">
					<uniqueid name="id" value="1073747420" />
					<list name="argument_overrides">
						<template_reference name="argument_override" value="speech_argument_override">
							<enum name="argument_name" value="death_type" />
							<string name="value" value="squad" />
						</template_reference>
					</list>
					<template_reference name="speech_event" value="speech_event_squad_name">
						<enum name="speech_event_squad" value="death" />
					</template_reference>
				</template_reference>
				<template_reference name="action" value="action\sound_action">
					<sound name="play_event" value="t05mis_eld_rangers_squad_death" />
					<uniqueid name="id" value="1073747421" />
					<sound name="stop_event" value="" />
					<enum name="visibility_type" value="ExecuterIsOwnOrAlly" />
				</template_reference>
				<template_reference name="action" value="action\sound_action">
					<sound name="play_event" value="t05mis_eld_rangers_squad_death" />
					<uniqueid name="id" value="1073747422" />
					<sound name="stop_event" value="" />
					<enum name="visibility_type" value="ExecuterIsEnemy" />
				</template_reference>
			</list>
			<enum name="regenerated_entity_spawn_type_key" value="" />
		</template_reference>
		<template_reference name="squadexts" value="sbpextensions\squad_speech_ext">
			<string name="squad_speaker_code" value="ranger" />
			<group name="squad_speech_parameters">
				<string name="squad_class_code" value="sniper" />
				<string name="squad_name_code" value="unit" />
				<string name="squad_unit_code" value="eld_ranger" />
			</group>
			<int name="importance" value="14" />
			<bool name="is_idle_battle_chatter_enabled" value="True" />
			<list name="squad_speaker_code_overrides">
			</list>
		</template_reference>
		<template_reference name="squadexts" value="sbpextensions\squad_audio_ext">
			<list name="rtpc_events">
				<template_reference name="rtpc_event" value="rtpc_event">
					<uniqueid name="pbgid" value="102220" />
					<float name="threshold" value="1" />
					<string name="event" value="t05mis_eld_rangers_in_fov_increment" />
					<bool name="trigger_when_increasing" value="True" />
					<bool name="trigger_when_decreasing" value="True" />
					<enum name="rtpc" value="in_fov" />
				</template_reference>
				<template_reference name="rtpc_event" value="rtpc_event">
					<uniqueid name="pbgid" value="102221" />
					<float name="threshold" value="0" />
					<string name="event" value="t05mis_eld_rangers_in_fov_decrement" />
					<bool name="trigger_when_increasing" value="True" />
					<bool name="trigger_when_decreasing" value="True" />
					<enum name="rtpc" value="in_fov" />
				</template_reference>
			</list>
			<list name="sound_banks">
			</list>
			<template_reference name="kill_streak_option" value="options\none">
			</template_reference>
			<enum name="death_event_type" value="" />
			<list name="sound_banks_overrides">
			</list>
			<bool name="in_fow_distance_to_enemy_rtpc_enabled" value="False" />
			<enum name="initial_spawn_event_type" value="" />
		</template_reference>
	</list>
	<uniqueid name="pbgid" value="94971" />
</instance>