<instance description="" template="weapon">
	<group name="weapon_bag">
		<group name="accuracy">
			<float name="near" value="1" />
			<float name="far" value="1" />
			<float name="mid" value="1" />
		</group>
		<group name="aim">
			<group name="fire_aim_time">
				<float name="max" value="0.25" />
				<float name="min" value="0" />
			</group>
			<float name="post_firing_aim_time_seconds" value="3" />
			<float name="post_firing_cooldown_interval_seconds" value="0" />
			<group name="ready_aim_time">
				<float name="max" value="0.25" />
				<float name="min" value="0" />
			</group>
			<group name="aim_time_multiplier">
				<float name="near" value="1" />
				<float name="far" value="1" />
				<float name="mid" value="1" />
			</group>
			<list name="fire_aim_actions">
			</list>
			<list name="ready_aim_actions">
			</list>
			<list name="stopped_aiming_actions">
			</list>
			<list name="switched_target_actions">
			</list>
		</group>
		<group name="anim_table">
			<string name="cooldown_time_name" value="" />
			<string name="state_name" value="main_gun_state" />
			<string name="track_horizontal" value="turret_horizontal" />
			<string name="track_horizontal_speed" value="turret_horizontal_speed" />
			<string name="track_vertical" value="turret_vertical" />
			<string name="track_vertical_speed" value="turret_vertical_speed" />
			<string name="variety_name" value="" />
			<string name="visibility_name" value="autocannonturret_standard_common_visible" />
			<string name="target_range_name" value="" />
			<string name="attack_speed_scale_name" value="" />
			<float name="attack_speed_scale_value" value="1" />
			<string name="track_world_pos_x_name" value="" />
			<string name="track_world_pos_y_name" value="" />
			<string name="track_world_pos_z_name" value="" />
		</group>
		<group name="area_effect">
			<group name="accuracy">
				<float name="far" value="1" />
				<float name="near" value="1" />
				<float name="mid" value="1" />
			</group>
			<template_reference name="area_info" value="options\area_info_options\circle_area_option">
				<float name="outer_radius" value="5" />
				<float name="inner_radius" value="0" />
				<bool name="is_two_dimensional" value="True" />
				<enum name="dynamic_radius_type" value="fixed" />
			</template_reference>
			<group name="damage">
				<float name="far" value="1" />
				<float name="near" value="1" />
				<float name="mid" value="1" />
			</group>
			<group name="damage_friendly">
				<float name="far" value="1" />
				<float name="near" value="1" />
				<float name="mid" value="1" />
			</group>
			<group name="distance">
				<float name="far" value="1" />
				<float name="near" value="1" />
				<float name="mid" value="1" />
			</group>
			<bool name="has_friendly_fire" value="False" />
			<bool name="can_harm_shooter" value="True" />
			<group name="suppression">
				<float name="far" value="0" />
				<float name="near" value="0" />
				<float name="mid" value="0" />
			</group>
			<group name="suppression_friendly">
				<float name="far" value="0" />
				<float name="near" value="0" />
				<float name="mid" value="0" />
			</group>
			<bool name="damage_all_in_hold" value="True" />
			<template_reference name="aoe_penetration" value="tables\range_table">
				<float name="far" value="1" />
				<float name="mid" value="1" />
				<float name="near" value="1" />
			</template_reference>
			<enum name="aoe_origin_and_direction" value="hit_position_and_direction" />
			<group name="fx">
				<float name="exponential_distribution_lambda" value="0" />
				<int name="num_randomized_ground_hit_fx" value="0" />
			</group>
			<int name="damage_max_members_per_squad" value="-1" />
		</group>
		<group name="behaviour">
			<bool name="aa_weapon" value="False" />
			<bool name="aa_weapon_shoot_through" value="False" />
			<bool name="artillery_force_obey_los" value="False" />
			<bool name="attack_team_weapon_user" value="False" />
			<bool name="can_be_offhanded" value="False" />
			<bool name="can_be_substituted" value="True" />
			<float name="combat_slot_offset" value="0" />
			<bool name="enable_auto_target_search" value="True" />
			<bool name="fire_at_building_combat_slot" value="False" />
			<float name="ground_hit_rate" value="1" />
			<bool name="ignore_shot_blocking" value="False" />
			<bool name="non_moving_setup" value="False" />
			<bool name="point_blank" value="False" />
			<bool name="prevents_prone" value="False" />
			<bool name="reset_rotation_on_teardown" value="False" />
			<bool name="share_parent_anim" value="False" />
			<bool name="single_handed_weapon" value="False" />
			<bool name="substitute_weapon" value="True" />
			<bool name="support_weapon" value="True" />
			<bool name="surprises_idle" value="False" />
			<bool name="piercing" value="False" />
			<float name="reaction_radius" value="0" />
			<bool name="can_be_pilfered" value="True" />
			<bool name="causes_combat" value="True" />
			<bool name="can_abort_winddown" value="False" />
			<enum name="reaction_type" value="normal" />
			<bool name="ignore_relations" value="False" />
			<template_reference name="wants_prone_firing_option" value="options\none">
			</template_reference>
			<enum name="attack_ground_type" value="outside_hold_only" />
			<enum name="hit_pos_behaviour" value="randomize_pos" />
			<bool name="non_moving_setup_requires_facing" value="False" />
			<bool name="hit_everything_on_miss" value="False" />
			<bool name="can_damage_allies" value="False" />
			<bool name="hit_everything_on_hit" value="False" />
			<enum name="attack_move_type" value="anywhere" />
			<bool name="can_abort_winddown_on_move_command" value="False" />
		</group>
		<group name="burst">
			<bool name="can_burst" value="False" />
			<group name="duration">
				<float name="max" value="0" />
				<float name="min" value="0" />
			</group>
			<group name="incremental_target_table">
				<float name="accuracy_multiplier" value="1" />
				<group name="search_radius">
					<float name="far" value="0" />
					<float name="near" value="0" />
					<float name="mid" value="0" />
				</group>
			</group>
			<group name="rate_of_fire">
				<float name="max" value="0" />
				<float name="min" value="0" />
			</group>
			<group name="duration_multiplier">
				<float name="near" value="1" />
				<float name="far" value="1" />
				<float name="mid" value="1" />
			</group>
			<group name="rate_of_fire_multiplier">
				<float name="near" value="1" />
				<float name="far" value="1" />
				<float name="mid" value="1" />
			</group>
			<bool name="focus_fire" value="False" />
			<bool name="convert_target_to_position_before_firing" value="False" />
		</group>
		<group name="cooldown">
			<group name="duration">
				<float name="max" value="4" />
				<float name="min" value="4" />
			</group>
			<group name="duration_multiplier">
				<float name="near" value="1" />
				<float name="far" value="1" />
				<float name="mid" value="1" />
			</group>
		</group>
		<group name="damage" comment="Special Functionality granted by the Venerable Dreadnought's Global Doctrine&#xD;&#xA;- Increases range and reduces cooldown when successfully hitting a target, stacks up to 2x&#xD;&#xA;&#xD;&#xA;NOTE: Using limit_stacks ledger to prevent this AoE from granting this when hitting multiple entities.">
			<float name="max" value="200" />
			<float name="min" value="200" />
			<list name="on_penetrated_actions" comment="Special Functionality granted by the Venerable Dreadnought's Global Doctrine&#xD;&#xA;- Increases range and reduces cooldown when successfully hitting a target, stacks up to 2x&#xD;&#xA;&#xD;&#xA;NOTE: Using limit_stacks ledger to prevent this AoE from granting this when hitting multiple entities.">
				<template_reference name="action" value="action\requirement_action">
					<bool name="check_self" value="True" />
					<bool name="validation_requires_requirements" value="False" />
					<bool name="validate_all_sub_actions" value="False" />
					<list name="requirement_table">
						<template_reference name="required" value="requirements\required_ledger">
							<locstring name="ui_name" value="0" />
							<enum name="reason" value="usage" />
							<string name="key" value="predator_destructor_devastation_doctrine" />
							<float name="default_value" value="0" />
							<float name="compare_to_value" value="1" />
							<enum name="comparison" value="equal_to" />
							<enum name="ledger_type" value="player_ledger" />
							<float name="ui_max_value" value="0" />
							<float name="ui_min_value" value="0" />
							<string name="read_key_from_ledger_key" value="" />
						</template_reference>
						<template_reference name="required" value="requirements\required_ledger">
							<locstring name="ui_name" value="0" />
							<enum name="reason" value="usage" />
							<string name="key" value="dreadnought_venerable_doctrine_global_limit_stacks" />
							<float name="default_value" value="0" />
							<float name="compare_to_value" value="0" />
							<enum name="comparison" value="equal_to" />
							<enum name="ledger_type" value="entity_ledger" />
							<float name="ui_max_value" value="0" />
							<float name="ui_min_value" value="0" />
							<string name="read_key_from_ledger_key" value="" />
						</template_reference>
					</list>
					<list name="action_table">
						<template_reference name="action" value="action\change_target_action">
							<list name="actions">
								<template_reference name="action" value="action\timed_action">
									<float name="duration" value="8.125" />
									<bool name="fire_and_forget" value="True" />
									<list name="subactions">
										<template_reference name="action" value="action\ledger_write_action">
											<uniqueid name="id" value="1073744602" />
											<string name="key" value="dreadnought_venerable_doctrine_global_limit_stacks" />
											<enum name="operator" value="set" />
											<float name="operand" value="1" />
											<bool name="persistent" value="False" />
											<string name="read_key_from_ledger_key" value="" />
										</template_reference>
										<template_reference name="action" value="action\ledger_write_action">
											<uniqueid name="id" value="1073744603" />
											<string name="key" value="predator_doctrine_range_increase" />
											<enum name="operator" value="add" />
											<float name="operand" value="1" />
											<bool name="persistent" value="False" />
											<string name="read_key_from_ledger_key" value="" />
										</template_reference>
										<template_reference name="action" value="action\delay">
											<float name="delay" value="1" />
											<float name="delay_min" value="1" />
											<bool name="progress_bar" value="False" />
											<bool name="randomize" value="False" />
											<list name="delayed_actions">
												<template_reference name="action" value="action\ledger_write_action">
													<uniqueid name="id" value="1073744604" />
													<string name="key" value="dreadnought_venerable_doctrine_global_limit_stacks" />
													<enum name="operator" value="set" />
													<float name="operand" value="0" />
													<bool name="persistent" value="False" />
													<string name="read_key_from_ledger_key" value="" />
												</template_reference>
											</list>
											<uniqueid name="id" value="1073744605" />
											<bool name="can_prevent_refund" value="True" />
										</template_reference>
										<template_reference name="action" value="action\delay">
											<float name="delay" value="8" />
											<float name="delay_min" value="8" />
											<bool name="progress_bar" value="False" />
											<bool name="randomize" value="False" />
											<list name="delayed_actions">
												<template_reference name="action" value="action\ledger_write_action">
													<uniqueid name="id" value="1073744606" />
													<string name="key" value="predator_doctrine_range_increase" />
													<enum name="operator" value="add" />
													<float name="operand" value="-1" />
													<bool name="persistent" value="False" />
													<string name="read_key_from_ledger_key" value="" />
												</template_reference>
											</list>
											<uniqueid name="id" value="1073744607" />
											<bool name="can_prevent_refund" value="True" />
										</template_reference>
									</list>
									<uniqueid name="id" value="1073744608" />
								</template_reference>
							</list>
							<enum name="change_target_type" value="self" />
							<uniqueid name="id" value="1073744609" />
							<bool name="validate_sub_actions" value="False" />
						</template_reference>
					</list>
					<uniqueid name="id" value="1073744610" />
					<template_reference name="ui_help_text" value="tables\help_text_phrase">
						<int name="phrase_order" value="0" />
						<locstring name="phrase" value="0" />
					</template_reference>
					<template_reference name="behaviour_type" value="options\action\requirement_action\check_only_when_this_starts">
					</template_reference>
				</template_reference>
			</list>
			<enum name="damage_type" value="Armour Piercing" />
			<bool name="allow_overkill" value="True" />
			<list name="post_damage_actions">
			</list>
			<list name="on_absorbed_actions">
			</list>
			<list name="ranged_weapon_ground_hit_actions">
			</list>
		</group>
		<group name="damage_over_time">
			<template_reference name="damage_over_time" value="dot_type\none">
			</template_reference>
		</group>
		<group name="deflection">
			<float name="deflection_damage_multiplier" value="1" />
			<bool name="has_deflection_damage" value="True" />
			<list name="on_deflected_actions">
			</list>
		</group>
		<group name="fire">
			<float name="wind_down" value="0.125" />
			<float name="wind_up" value="0" />
			<list name="on_fire_actions">
			</list>
			<list name="firing_actions">
			</list>
			<list name="on_winddown_actions">
			</list>
		</group>
		<float name="flinch_radius" value="5" />
		<string name="fx_action_target_name" value="" />
		<bool name="fx_always_visible" value="False" />
		<float name="fx_building_hit_delay" value="0" />
		<float name="fx_delay_in_building" value="0" />
		<string name="fx_munition_name" value="spacemarine\autocannon" />
		<string name="fx_tracer_name" value="" />
		<float name="fx_tracer_speed" value="0" />
		<bool name="fx_use_building_panel_normal" value="True" />
		<locstring name="help_text" value="0" />
		<icon name="icon_name" value="" />
		<group name="moving">
			<float name="accuracy_multiplier" value="1" />
			<float name="burst_multiplier" value="1" />
			<float name="cooldown_multiplier" value="1" />
			<bool name="can_fire_while_moving" value="True" />
			<float name="moving_end_time" value="0" />
			<float name="moving_start_time" value="0" />
		</group>
		<string name="name" value="" />
		<group name="offhand">
			<float name="offhand_end_time" value="0" />
			<float name="offhand_start_time" value="0" />
		</group>
		<group name="priority">
			<float name="current_target" value="8" />
			<group name="distance">
				<float name="far" value="-2" />
				<float name="near" value="5" />
				<float name="mid" value="2" />
			</group>
			<float name="rotation" value="-0.035" />
			<float name="window_bonus" value="0" />
			<float name="penetration" value="0" />
			<float name="suggested_target" value="1000" />
			<bool name="over_penetration_priority_penalty" value="True" />
			<float name="vs_armor_type" value="20" />
			<group name="target">
				<float name="vs_armor_type" value="10" />
				<float name="dps" value="0" />
				<float name="penetration" value="0" />
				<float name="current_health_percentage" value="-4" />
				<float name="in_cover" value="-1000" />
				<float name="max_health" value="0" />
				<float name="out_of_los" value="-100" />
			</group>
			<float name="current_target_squad" value="0" />
			<bool name="randomly_target_squad_mates_of_best_priority_entity" value="False" />
		</group>
		<group name="projectile">
			<bool name="delete_previous_on_hit" value="True" />
			<instance_reference name="projectile" value="ebps\races\space_marines\projectiles\spa_battlecannon_projectile_imperial_knight" />
		</group>
		<group name="range">
			<float name="max" value="40" />
			<float name="min" value="0" />
			<group name="distance">
				<float name="near" value="-1" />
				<float name="far" value="-1" />
				<float name="mid" value="-1" />
			</group>
		</group>
		<group name="reload">
			<group name="duration">
				<float name="max" value="0" />
				<float name="min" value="0" />
			</group>
			<group name="duration_multiplier">
				<float name="far" value="1" />
				<float name="near" value="1" />
				<float name="mid" value="1" />
			</group>
			<group name="frequency">
				<float name="max" value="0" />
				<float name="min" value="0" />
			</group>
			<list name="on_reload_actions">
			</list>
		</group>
		<group name="scatter">
			<float name="angle_scatter" value="0" />
			<bool name="burst_pattern_enable" value="False" />
			<float name="delay_bracket_change_chance" value="0" />
			<float name="distance_bracket_count_air" value="0" />
			<float name="distance_bracket_count_ground" value="1" />
			<float name="distance_scatter_max" value="0" />
			<float name="distance_scatter_obj_hit_min" value="0" />
			<float name="distance_scatter_offset" value="0" />
			<float name="distance_scatter_ratio" value="1" />
			<float name="fow_angle_multiplier" value="1" />
			<float name="fow_distance_multiplier" value="1" />
			<float name="max_tilt_angle" value="0" />
			<float name="min_tilt_angle" value="0" />
			<float name="tilt_max_distance" value="0" />
			<float name="tilt_scatter_chance" value="0" />
			<template_reference name="area_scatter_option" value="options\none">
			</template_reference>
		</group>
		<group name="setup">
			<float name="duration" value="0" />
			<bool name="has_instant_setup" value="True" />
			<bool name="can_interrupt_setup" value="False" />
			<float name="attach_duration" value="0" />
		</group>
		<group name="suppressed">
			<float name="pinned_burst_multiplier" value="1" />
			<float name="pinned_cooldown_multiplier" value="1" />
			<float name="pinned_reload_multiplier" value="1" />
			<float name="suppressed_burst_multiplier" value="1" />
			<float name="suppressed_cooldown_multiplier" value="1" />
			<float name="suppressed_reload_multiplier" value="1" />
		</group>
		<group name="suppression">
			<float name="nearby_suppression_multiplier" value="0" />
			<float name="nearby_suppression_radius" value="0" />
			<group name="target_pinned_multipliers">
				<float name="accuracy_multiplier" value="1" />
				<float name="damage_multiplier" value="1" />
				<float name="penetration_multiplier" value="1" />
				<float name="suppression_multiplier" value="1" />
			</group>
			<group name="target_suppressed_multipliers">
				<float name="accuracy_multiplier" value="1" />
				<float name="damage_multiplier" value="1" />
				<float name="penetration_multiplier" value="1" />
				<float name="suppression_multiplier" value="1" />
			</group>
			<float name="amount" value="0" />
		</group>
		<group name="teardown">
			<float name="duration" value="0" />
		</group>
		<group name="tracking">
			<float name="fire_cone_angle" value="5" />
			<group name="normal">
				<float name="max_down" value="-15" />
				<float name="max_left" value="-180" />
				<float name="max_right" value="180" />
				<float name="max_up" value="20" />
				<float name="speed_horizontal" value="100" />
				<float name="speed_vertical" value="20" />
			</group>
			<float name="pivot_end_time" value="0" />
			<bool name="pivot_only" value="False" />
			<float name="pivot_start_time" value="0" />
			<float name="fire_cone_angle_vert" value="2" />
		</group>
		<locstring name="ui_name" value="0" />
		<instance_reference name="ui_range" value="" />
		<instance_reference name="ui_setfacing" value="" />
		<group name="penetration">
			<float name="near" value="1" />
			<float name="far" value="1" />
			<float name="mid" value="1" />
		</group>
		<group name="ui_map_colour">
			<int name="red" value="0" />
			<int name="green" value="0" />
			<int name="blue" value="0" />
			<int name="alpha" value="0" />
		</group>
		<template_reference name="weapon_options" value="options\none">
		</template_reference>
		<enum name="weapon_class" value="infantry_ranged" />
		<enum name="weapon_critical_type" value="cannon" />
		<string name="fx_aoe_munition_name" value="" />
		<string name="speech_code" value="destructor_autocannon" />
		<list name="target_type_table">
		</list>
		<enum_table name="cover_table">
			<template_reference name="tp_defcover" value="weapon_cover_info">
				<float name="accuracy_multiplier" value="1" />
				<float name="damage_multiplier" value="1" />
				<float name="penetration_multiplier" value="1" />
				<float name="suppression_multiplier" value="1" />
			</template_reference>
			<template_reference name="tp_defcover_narrow" value="weapon_cover_info">
				<float name="accuracy_multiplier" value="1" />
				<float name="damage_multiplier" value="1" />
				<float name="penetration_multiplier" value="1" />
				<float name="suppression_multiplier" value="1" />
			</template_reference>
			<template_reference name="tp_garrison_cover" value="weapon_cover_info">
				<float name="accuracy_multiplier" value="1" />
				<float name="damage_multiplier" value="1" />
				<float name="penetration_multiplier" value="1" />
				<float name="suppression_multiplier" value="1" />
			</template_reference>
			<template_reference name="tp_garrison_halftrack" value="weapon_cover_info">
				<float name="accuracy_multiplier" value="1" />
				<float name="damage_multiplier" value="1" />
				<float name="penetration_multiplier" value="1" />
				<float name="suppression_multiplier" value="1" />
			</template_reference>
			<template_reference name="tp_heavy" value="weapon_cover_info">
				<float name="accuracy_multiplier" value="1" />
				<float name="damage_multiplier" value="0" />
				<float name="penetration_multiplier" value="1" />
				<float name="suppression_multiplier" value="1" />
			</template_reference>
			<template_reference name="tp_light" value="weapon_cover_info">
				<float name="accuracy_multiplier" value="1" />
				<float name="damage_multiplier" value="0.5" />
				<float name="penetration_multiplier" value="1" />
				<float name="suppression_multiplier" value="1" />
			</template_reference>
			<template_reference name="tp_negative" value="weapon_cover_info">
				<float name="accuracy_multiplier" value="1" />
				<float name="damage_multiplier" value="1" />
				<float name="penetration_multiplier" value="1" />
				<float name="suppression_multiplier" value="1" />
			</template_reference>
			<template_reference name="tp_open" value="weapon_cover_info">
				<float name="accuracy_multiplier" value="1" />
				<float name="damage_multiplier" value="1" />
				<float name="penetration_multiplier" value="1" />
				<float name="suppression_multiplier" value="1" />
			</template_reference>
			<template_reference name="tp_smoke" value="weapon_cover_info">
				<float name="accuracy_multiplier" value="1" />
				<float name="damage_multiplier" value="1" />
				<float name="penetration_multiplier" value="1" />
				<float name="suppression_multiplier" value="1" />
			</template_reference>
			<template_reference name="tp_trench" value="weapon_cover_info">
				<float name="accuracy_multiplier" value="1" />
				<float name="damage_multiplier" value="1" />
				<float name="penetration_multiplier" value="1" />
				<float name="suppression_multiplier" value="1" />
			</template_reference>
			<template_reference name="tp_water" value="weapon_cover_info">
				<float name="accuracy_multiplier" value="1" />
				<float name="damage_multiplier" value="1" />
				<float name="penetration_multiplier" value="1" />
				<float name="suppression_multiplier" value="1" />
			</template_reference>
			<template_reference name="tp_z_bunker" value="weapon_cover_info">
				<float name="accuracy_multiplier" value="1" />
				<float name="damage_multiplier" value="1" />
				<float name="penetration_multiplier" value="1" />
				<float name="suppression_multiplier" value="1" />
			</template_reference>
			<template_reference name="tp_z_emplacement" value="weapon_cover_info">
				<float name="accuracy_multiplier" value="1" />
				<float name="damage_multiplier" value="1" />
				<float name="penetration_multiplier" value="1" />
				<float name="suppression_multiplier" value="1" />
			</template_reference>
			<template_reference name="tp_z_ice" value="weapon_cover_info">
				<float name="accuracy_multiplier" value="1" />
				<float name="damage_multiplier" value="1" />
				<float name="penetration_multiplier" value="1" />
				<float name="suppression_multiplier" value="1" />
			</template_reference>
			<template_reference name="tp_z_snow" value="weapon_cover_info">
				<float name="accuracy_multiplier" value="1" />
				<float name="damage_multiplier" value="1" />
				<float name="penetration_multiplier" value="1" />
				<float name="suppression_multiplier" value="1" />
			</template_reference>
			<template_reference name="tp_zz_deep_snow" value="weapon_cover_info">
				<float name="accuracy_multiplier" value="1" />
				<float name="damage_multiplier" value="1" />
				<float name="penetration_multiplier" value="1" />
				<float name="suppression_multiplier" value="1" />
			</template_reference>
			<template_reference name="tp_zz_mud" value="weapon_cover_info">
				<float name="accuracy_multiplier" value="1" />
				<float name="damage_multiplier" value="1" />
				<float name="penetration_multiplier" value="1" />
				<float name="suppression_multiplier" value="1" />
			</template_reference>
			<template_reference name="tp_zz_team_weapon_heavy" value="weapon_cover_info">
				<float name="accuracy_multiplier" value="1" />
				<float name="damage_multiplier" value="1" />
				<float name="penetration_multiplier" value="1" />
				<float name="suppression_multiplier" value="1" />
			</template_reference>
			<template_reference name="tp_shot_absorber" value="weapon_cover_info">
				<float name="accuracy_multiplier" value="1" />
				<float name="damage_multiplier" value="0" />
				<float name="penetration_multiplier" value="1" />
				<float name="suppression_multiplier" value="1" />
			</template_reference>
		</enum_table>
		<template_reference name="handling_option" value="options\none">
		</template_reference>
		<string name="fx_piercing_munition_name" value="" />
	</group>
	<uniqueid name="pbgid" value="1073741828" />
</instance>