<instance description="" template="upgrade">
	<group name="upgrade_bag">
		<bool name="enable_in_hold" value="True" />
		<float name="global_max_limit" value="0" />
		<bool name="has_speech_code" value="True" />
		<float name="local_max_limit" value="1" />
		<enum name="owner_type" value="player" />
		<group name="time_cost">
			<enum_table name="cost">
				<float name="action" value="0" />
				<float name="power" value="250" />
				<float name="requisition" value="700" />
				<float name="popcap" value="0" />
				<float name="command" value="0" />
				<float name="drop_pods" value="0" />
				<float name="feat" value="0" />
				<float name="gamma" value="0" />
			</enum_table>
			<float name="time_seconds" value="60" />
		</group>
		<bool name="ui_event_cue" value="True" />
		<enum name="ui_production_group" value="command_panel" />
		<int name="ui_position" value="31" />
		<group name="ui_info">
			<locstring name="extra_text" value="221" mod="a5fef7c6e07942ffb7483ef8065b8755" />
			<locstring name="help_text" value="220" mod="a5fef7c6e07942ffb7483ef8065b8755" />
			<string name="hotkey_name" value="Z" />
			<icon name="icon_name" value="Icons_orks_abilities_rokkit_fist_gorkanaut" />
			<bool name="reveal_for_decryption" value="False" />
			<locstring name="screen_name" value="219" mod="a5fef7c6e07942ffb7483ef8065b8755" />
			<locstring name="brief_text" value="0" />
			<locstring name="screen_name_short" value="0" />
			<enum name="ui_style" value="default" />
			<bool name="nests" value="False" />
		</group>
		<bool name="validate_actions" value="True" />
		<list name="actions">
			<template_reference name="action" value="action\filter_action">
				<bool name="apply_to_future_units" value="True" />
				<bool name="apply_to_source_player_only" value="True" />
				<list name="action_table">
					<template_reference name="action" value="action\apply_modifiers_action">
						<float name="duration" value="0" />
						<bool name="permanent" value="True" />
						<list name="modifiers">
							<template_reference name="modifier" value="modifiers\weapon_modifier">
								<enum name="application_type" value="apply_to_weapon" />
								<bool name="exclusive" value="True" />
								<string name="modifier_id" value="" />
								<string name="target_type_name" value="" />
								<enum name="usage_type" value="multiply_add" />
								<float name="value" value="0.25" />
								<instance_reference name="tooltip" value="" />
								<enum name="type" value="damage_weapon_modifier" />
							</template_reference>
							<template_reference name="modifier" value="modifiers\squad_modifier">
								<enum name="application_type" value="apply_to_squad" />
								<bool name="exclusive" value="True" />
								<string name="modifier_id" value="" />
								<instance_reference name="tooltip" value="" />
								<enum name="usage_type" value="multiply_add" />
								<float name="value" value="0.25" />
								<instance_reference name="target_type_name" value="" />
								<enum name="type" value="squad_health_maximum_modifier" />
							</template_reference>
							<template_reference name="modifier" value="modifiers\squad_modifier">
								<enum name="application_type" value="apply_to_squad" />
								<bool name="exclusive" value="True" />
								<string name="modifier_id" value="" />
								<instance_reference name="tooltip" value="" />
								<enum name="usage_type" value="addition" />
								<float name="value" value="50" />
								<instance_reference name="target_type_name" value="" />
								<enum name="type" value="squad_armor_modifier" />
							</template_reference>
						</list>
						<uniqueid name="id" value="1073746070" />
					</template_reference>
				</list>
				<list name="target_requirements">
					<template_reference name="required" value="requirements\required_all_in_list">
						<enum name="reason" value="usage" />
						<locstring name="ui_name" value="0" />
						<list name="requirements">
							<template_reference name="requirement" value="requirements\required_any_in_list">
								<enum name="reason" value="usage" />
								<locstring name="ui_name" value="0" />
								<list name="requirements">
									<template_reference name="requirement" value="requirements\required_unit_type">
										<enum name="reason" value="usage" />
										<locstring name="ui_name" value="0" />
										<enum name="unit_type" value="dow3_super_unit" />
										<template_reference name="qualify_option" value="options\none">
										</template_reference>
										<bool name="search_load_out" value="False" />
									</template_reference>
								</list>
							</template_reference>
						</list>
					</template_reference>
				</list>
				<bool name="target_squad" value="True" />
				<uniqueid name="id" value="1073746071" />
			</template_reference>
		</list>
		<list name="requirements">
			<template_reference name="required" value="requirements\required_player_upgrade">
				<enum name="reason" value="usage_and_display" />
				<locstring name="ui_name" value="0" />
				<bool name="is_present" value="False" />
				<int name="max_completed" value="1" />
				<int name="min_completed" value="1" />
				<instance_reference name="upgrade_name" value="upgrade\ork_super_upgrade_1" mod="a5fef7c6e07942ffb7483ef8065b8755" />
				<bool name="include_queued" value="True" />
			</template_reference>
			<template_reference name="required" value="requirements\required_player_upgrade">
				<enum name="reason" value="usage" />
				<locstring name="ui_name" value="148" mod="a5fef7c6e07942ffb7483ef8065b8755" />
				<bool name="is_present" value="True" />
				<int name="max_completed" value="100" />
				<int name="min_completed" value="5" />
				<instance_reference name="upgrade_name" value="upgrade\races\orks\waaagh_tech_unlock" />
				<bool name="include_queued" value="False" />
			</template_reference>
		</list>
		<icon name="ui_kicker_icon_name" value="" />
		<locstring name="ui_squad_name_override" value="0" />
		<locstring name="ui_squad_help_text_override" value="0" />
		<locstring name="ui_squad_extra_text_override" value="0" />
		<list name="ui_preview">
			<group name="ui_preview">
				<locstring name="brief_text" value="0" />
				<icon name="icon_name" value="Icons_orks_portraits_elite_morkanaut_wazzmakka" />
				<locstring name="screen_name" value="0" />
			</group>
			<group name="ui_preview">
				<locstring name="brief_text" value="0" />
				<icon name="icon_name" value="Icons_orks_portraits_elite_gorkanaut" />
				<locstring name="screen_name" value="0" />
			</group>
		</list>
		<string name="speech_code" value="gen_vehiclehealth" />
		<list name="on_cancel_actions">
		</list>
		<list name="on_begin_actions">
		</list>
		<icon name="ui_squad_portrait_icon_override" value="" />
	</group>
	<uniqueid name="pbgid" value="1073741852" />
</instance>