<instance description="" template="upgrade">
	<group name="upgrade_bag">
		<bool name="enable_in_hold" value="True" />
		<float name="global_max_limit" value="0" />
		<bool name="has_speech_code" value="True" />
		<float name="local_max_limit" value="1" />
		<enum name="owner_type" value="self" />
		<group name="time_cost">
			<enum_table name="cost">
				<float name="action" value="0" />
				<float name="command" value="0" />
				<float name="popcap" value="0" />
				<float name="power" value="0" />
				<float name="requisition" value="0" />
				<float name="drop_pods" value="0" />
				<float name="feat" value="0" />
				<float name="gamma" value="0" />
			</enum_table>
			<float name="time_seconds" value="15" />
		</group>
		<bool name="ui_event_cue" value="True" />
		<enum name="ui_production_group" value="command_panel" />
		<int name="ui_position" value="1" />
		<group name="ui_info">
			<locstring name="extra_text" value="4" mod="a5fef7c6e07942ffb7483ef8065b8755" />
			<locstring name="help_text" value="5" mod="a5fef7c6e07942ffb7483ef8065b8755" />
			<string name="hotkey_name" value="Z" />
			<icon name="icon_name" value="Icons_space_marines_portraits_line_scout_sniper" />
			<bool name="reveal_for_decryption" value="True" />
			<locstring name="screen_name" value="3" mod="a5fef7c6e07942ffb7483ef8065b8755" />
			<locstring name="brief_text" value="0" />
			<locstring name="screen_name_short" value="0" />
			<enum name="ui_style" value="default" />
			<bool name="nests" value="False" />
		</group>
		<bool name="validate_actions" value="True" />
		<list name="actions">
			<template_reference name="action" value="action\slot_item_add">
				<instance_reference name="slot_item" value="slot_item\races\campaign\line_units\dire_avengers\plasma_grenade_dire_avengers_minion" mod="a5fef7c6e07942ffb7483ef8065b8755" />
				<bool name="permanent" value="True" />
				<uniqueid name="id" value="1073745229" />
			</template_reference>
			<template_reference name="action" value="action\ui_decorator_action">
				<icon name="symbol_icon" value="Icons_common_decorators_space_marines_line_scout_snipers" />
				<uniqueid name="id" value="1073743019" />
				<string name="state_label" value="" />
				<bool name="hide" value="False" />
				<string name="cover_level_icon_suffix" value="" />
				<icon name="summer_portrait_icon" value="" />
				<icon name="winter_portrait_icon" value="" />
				<enum name="state_frame" value="none" />
			</template_reference>
		</list>
		<list name="requirements">
			<template_reference name="required" value="requirements\required_structure">
				<enum name="reason" value="usage" />
				<locstring name="ui_name" value="0" />
				<instance_reference name="structure_name" value="ebps\races\space_marines\structures\spa_arsenal" mod="a5fef7c6e07942ffb7483ef8065b8755" />
				<int name="required_structure_count" value="1" />
				<bool name="check_team" value="False" />
				<bool name="require_construction_complete" value="True" />
			</template_reference>
			<template_reference name="required" value="requirements\required_squad_upgrade">
				<enum name="reason" value="usage_and_display" />
				<locstring name="ui_name" value="0" />
				<bool name="include_queued" value="True" />
				<bool name="is_present" value="False" />
				<instance_reference name="upgrade_name" value="upgrade\spa_scout_sniper_upgrade" mod="a5fef7c6e07942ffb7483ef8065b8755" />
				<int name="min_completed" value="1" />
				<int name="max_completed" value="100" />
			</template_reference>
		</list>
		<icon name="ui_kicker_icon_name" value="Icons_space_marines_portraits_line_scout_sniper" />
		<locstring name="ui_squad_name_override" value="0" />
		<locstring name="ui_squad_help_text_override" value="11096015" />
		<locstring name="ui_squad_extra_text_override" value="0" />
		<list name="ui_preview">
		</list>
		<string name="speech_code" value="gen" />
		<list name="on_cancel_actions">
		</list>
		<list name="on_begin_actions">
		</list>
		<icon name="ui_squad_portrait_icon_override" value="Icons_space_marines_portraits_line_scout_sniper" />
	</group>
	<uniqueid name="pbgid" value="1073741823" />
</instance>