<instance description="" template="upgrade">
	<group name="upgrade_bag">
		<bool name="enable_in_hold" value="True" />
		<float name="global_max_limit" value="0" />
		<bool name="has_speech_code" value="True" />
		<float name="local_max_limit" value="1" />
		<enum name="owner_type" value="entity_in_squad" />
		<group name="time_cost">
			<enum_table name="cost">
				<float name="action" value="0" />
				<float name="command" value="0" />
				<float name="popcap" value="0" />
				<float name="power" value="6969" />
				<float name="requisition" value="13337" />
				<float name="drop_pods" value="0" />
				<float name="feat" value="0" />
				<float name="gamma" value="0" />
			</enum_table>
			<float name="time_seconds" value="2" />
		</group>
		<bool name="ui_event_cue" value="True" />
		<enum name="ui_production_group" value="command_panel" />
		<int name="ui_position" value="31" />
		<group name="ui_info">
			<locstring name="extra_text" value="294" mod="a5fef7c6e07942ffb7483ef8065b8755" />
			<locstring name="help_text" value="293" mod="a5fef7c6e07942ffb7483ef8065b8755" />
			<string name="hotkey_name" value="Z" />
			<icon name="icon_name" value="Icons_space_marines_abilities_relocate_doctrine_whirlwind" />
			<bool name="reveal_for_decryption" value="False" />
			<locstring name="screen_name" value="292" mod="a5fef7c6e07942ffb7483ef8065b8755" />
			<locstring name="brief_text" value="0" />
			<locstring name="screen_name_short" value="0" />
			<enum name="ui_style" value="default" />
			<bool name="nests" value="False" />
		</group>
		<bool name="validate_actions" value="False" />
		<list name="actions">
			<template_reference name="action" value="action\add_weapon">
				<float name="hardpoint" value="2" />
				<group name="weapon">
					<group name="heading">
						<float name="x" value="0" />
						<float name="y" value="0" />
						<float name="z" value="1" />
					</group>
					<float name="length" value="0" />
					<group name="origin">
						<float name="x" value="0" />
						<float name="y" value="0.5" />
						<float name="z" value="0" />
					</group>
					<enum name="type" value="default" />
					<instance_reference name="weapon" value="weapon\space_marines\elite_units\ranged\spa_baneblade_launcher_chaplain_diomedes" mod="a5fef7c6e07942ffb7483ef8065b8755" />
				</group>
				<uniqueid name="id" value="1073747302" />
			</template_reference>
			<template_reference name="action" value="action\change_weapon">
				<float name="hardpoint" value="2" />
				<instance_reference name="weapon" value="weapon\space_marines\elite_units\ranged\spa_baneblade_launcher_chaplain_diomedes" mod="a5fef7c6e07942ffb7483ef8065b8755" />
				<uniqueid name="id" value="1073747303" />
			</template_reference>
			<template_reference name="action" value="action\apply_modifiers_action">
				<float name="duration" value="0" />
				<bool name="permanent" value="False" />
				<list name="modifiers">
					<template_reference name="modifier" value="modifiers\entity_modifier">
						<enum name="type" value="health_maximum_modifier" />
						<enum name="application_type" value="apply_to_entity" />
						<enum name="usage_type" value="addition" />
						<float name="value" value="100000" />
						<instance_reference name="tooltip" value="" />
						<bool name="exclusive" value="False" />
						<string name="modifier_id" value="" />
						<instance_reference name="target_type_name" value="" />
					</template_reference>
					<template_reference name="modifier" value="modifiers\entity_modifier">
						<enum name="type" value="health_regeneration_modifier" />
						<enum name="application_type" value="apply_to_entity" />
						<enum name="usage_type" value="addition" />
						<float name="value" value="7500" />
						<instance_reference name="tooltip" value="" />
						<bool name="exclusive" value="False" />
						<string name="modifier_id" value="" />
						<instance_reference name="target_type_name" value="" />
					</template_reference>
					<template_reference name="modifier" value="modifiers\entity_modifier">
						<enum name="type" value="speed_maximum_modifier" />
						<enum name="application_type" value="apply_to_entity" />
						<enum name="usage_type" value="addition" />
						<float name="value" value="10" />
						<instance_reference name="tooltip" value="" />
						<bool name="exclusive" value="False" />
						<string name="modifier_id" value="" />
						<instance_reference name="target_type_name" value="" />
					</template_reference>
				</list>
				<uniqueid name="id" value="1073747304" />
			</template_reference>
			<template_reference name="action" value="action\change_weapon_preference_action">
				<uniqueid name="id" value="1073747319" />
				<enum name="weapon_preference" value="Ranged" />
			</template_reference>
		</list>
		<list name="requirements">
			<template_reference name="required" value="requirements\required_player_upgrade">
				<enum name="reason" value="usage" />
				<locstring name="ui_name" value="0" />
				<bool name="is_present" value="True" />
				<int name="max_completed" value="100" />
				<int name="min_completed" value="1" />
				<instance_reference name="upgrade_name" value="upgrade\spa_heavy_armor_deployment" mod="a5fef7c6e07942ffb7483ef8065b8755" />
				<bool name="include_queued" value="False" />
			</template_reference>
			<template_reference name="required" value="requirements\required_player_upgrade">
				<enum name="reason" value="usage" />
				<locstring name="ui_name" value="291" mod="a5fef7c6e07942ffb7483ef8065b8755" />
				<bool name="is_present" value="True" />
				<int name="max_completed" value="100" />
				<int name="min_completed" value="1" />
				<instance_reference name="upgrade_name" value="upgrade\spa_population" mod="a5fef7c6e07942ffb7483ef8065b8755" />
				<bool name="include_queued" value="False" />
			</template_reference>
			<template_reference name="required" value="requirements\required_player_upgrade">
				<enum name="reason" value="usage" />
				<locstring name="ui_name" value="291" mod="a5fef7c6e07942ffb7483ef8065b8755" />
				<bool name="is_present" value="True" />
				<int name="max_completed" value="100" />
				<int name="min_completed" value="1" />
				<instance_reference name="upgrade_name" value="upgrade\spa_population_2" mod="a5fef7c6e07942ffb7483ef8065b8755" />
				<bool name="include_queued" value="False" />
			</template_reference>
		</list>
		<icon name="ui_kicker_icon_name" value="" />
		<locstring name="ui_squad_name_override" value="295" mod="a5fef7c6e07942ffb7483ef8065b8755" />
		<locstring name="ui_squad_help_text_override" value="0" />
		<locstring name="ui_squad_extra_text_override" value="0" />
		<list name="ui_preview">
		</list>
		<string name="speech_code" value="" />
		<list name="on_cancel_actions">
		</list>
		<list name="on_begin_actions">
		</list>
		<icon name="ui_squad_portrait_icon_override" value="" />
	</group>
	<uniqueid name="pbgid" value="1073741861" />
</instance>