<instance description="" template="upgrade">
	<group name="upgrade_bag">
		<bool name="enable_in_hold" value="False" />
		<float name="global_max_limit" value="0" />
		<bool name="has_speech_code" value="False" />
		<float name="local_max_limit" value="1" />
		<enum name="owner_type" value="self" />
		<group name="time_cost">
			<enum_table name="cost">
				<float name="action" value="0" />
				<float name="command" value="0" />
				<float name="popcap" value="0" />
				<float name="power" value="60" />
				<float name="requisition" value="200" />
				<float name="drop_pods" value="0" />
				<float name="feat" value="0" />
				<float name="gamma" value="0" />
			</enum_table>
			<float name="time_seconds" value="40" />
		</group>
		<bool name="ui_event_cue" value="True" />
		<enum name="ui_production_group" value="command_panel" />
		<int name="ui_position" value="34" />
		<group name="ui_info">
			<locstring name="extra_text" value="281" mod="a5fef7c6e07942ffb7483ef8065b8755" />
			<locstring name="help_text" value="33" mod="a5fef7c6e07942ffb7483ef8065b8755" />
			<string name="hotkey_name" value="V" />
			<icon name="icon_name" value="Icons_space_marines_buildings_listening_post" />
			<bool name="reveal_for_decryption" value="False" />
			<locstring name="screen_name" value="32" mod="a5fef7c6e07942ffb7483ef8065b8755" />
			<locstring name="brief_text" value="0" />
			<locstring name="screen_name_short" value="0" />
			<enum name="ui_style" value="default" />
			<bool name="nests" value="False" />
		</group>
		<bool name="validate_actions" value="True" />
		<list name="actions">
		</list>
		<list name="requirements">
			<template_reference name="required" value="requirements\required_entity_upgrade">
				<enum name="reason" value="usage" />
				<locstring name="ui_name" value="274" mod="a5fef7c6e07942ffb7483ef8065b8755" />
				<bool name="is_present" value="False" />
				<instance_reference name="upgrade_name" value="upgrade\spa_listening_post_upgrade" mod="a5fef7c6e07942ffb7483ef8065b8755" />
				<bool name="include_queued" value="False" />
				<int name="min_completed" value="1" />
				<int name="max_completed" value="100" />
			</template_reference>
		</list>
		<icon name="ui_kicker_icon_name" value="" />
		<locstring name="ui_squad_name_override" value="0" />
		<locstring name="ui_squad_help_text_override" value="0" />
		<locstring name="ui_squad_extra_text_override" value="0" />
		<list name="ui_preview">
		</list>
		<string name="speech_code" value="gen" />
		<list name="on_cancel_actions">
		</list>
		<list name="on_begin_actions">
		</list>
		<icon name="ui_squad_portrait_icon_override" value="" />
	</group>
	<uniqueid name="pbgid" value="1073741827" />
</instance>