<instance description="Teleport!" template="abilities">
	<group name="ability_bag">
		<group name="action_list">
			<list name="end_self_actions">
				<template_reference name="action" value="action\timed_action">
					<float name="duration" value="0.5" />
					<bool name="fire_and_forget" value="True" />
					<list name="subactions">
						<template_reference name="action" value="action\apply_modifiers_action" comment="make the Bonesinger unresponsive for a brief period to act as a wind-down on arrival">
							<float name="duration" value="0" />
							<bool name="permanent" value="False" />
							<list name="modifiers">
								<template_reference name="modifier" value="modifiers\entity_modifier">
									<enum name="application_type" value="apply_to_entity" />
									<bool name="exclusive" value="False" />
									<string name="modifier_id" value="" />
									<enum name="usage_type" value="enable" />
									<float name="value" value="-1" />
									<instance_reference name="tooltip" value="" />
									<enum name="type" value="move_enable_modifier" />
									<instance_reference name="target_type_name" value="" />
								</template_reference>
								<template_reference name="modifier" value="modifiers\weapon_modifier">
									<enum name="application_type" value="apply_to_weapon" />
									<bool name="exclusive" value="False" />
									<string name="modifier_id" value="" />
									<string name="target_type_name" value="hardpoint_01" />
									<enum name="usage_type" value="enable" />
									<float name="value" value="-1" />
									<instance_reference name="tooltip" value="" />
									<enum name="type" value="enable_weapon_modifier" />
								</template_reference>
							</list>
							<uniqueid name="id" value="1073749219" />
						</template_reference>
						<template_reference name="action" value="action\animator_set_state">
							<bool name="apply_to_leader_only" value="False" />
							<string name="do_action_state_name" value="on" />
							<bool name="retrigger" value="False" />
							<string name="state_machine_name" value="ability_teleport_state" />
							<string name="undo_action_state_name" value="off" />
							<uniqueid name="id" value="1073749220" />
						</template_reference>
						<template_reference name="action" value="action\animator_set_state">
							<bool name="apply_to_leader_only" value="False" />
							<string name="do_action_state_name" value="wind_down" />
							<bool name="retrigger" value="False" />
							<string name="state_machine_name" value="ability_instant_state" />
							<string name="undo_action_state_name" value="off" />
							<uniqueid name="id" value="1073749221" />
						</template_reference>
					</list>
					<uniqueid name="id" value="1073749222" />
				</template_reference>
			</list>
			<list name="end_target_actions">
			</list>
			<list name="start_self_actions">
				<template_reference name="action" value="action\animator_set_action">
					<string name="action_name" value="fx_act_eldar_teleport" />
					<bool name="allies_only" value="False" />
					<float name="duration" value="0" />
					<bool name="remove_on_parent_group_finish" value="True" />
					<bool name="is_terrain_only" value="False" />
					<uniqueid name="id" value="1073749223" />
				</template_reference>
			</list>
			<list name="start_target_actions">
				<template_reference name="action" value="action\teleport_action">
					<uniqueid name="id" value="1073749224" />
					<float name="min_range" value="0" />
					<template_reference name="group_area" value="options\area_info_options\point_area_option">
					</template_reference>
					<bool name="group_is_entities" value="False" />
					<bool name="validate_target" value="False" />
					<list name="group_member_requirements">
					</list>
					<bool name="interrupt_executer" value="False" />
				</template_reference>
			</list>
			<list name="abort_target_actions">
			</list>
			<list name="abort_self_actions">
			</list>
			<bool name="wait_until_abort_and_end_actions_finish" value="False" />
		</group>
		<enum name="activation" value="targeted" comment="Multi Cast - All units selected fire their ability at the targeted location" />
		<bool name="can_target_in_fow" value="True" />
		<float name="caster_close_in_distance" value="0" />
		<bool name="casters_can_evacuate" value="False" />
		<enum_table name="cost_to_player">
			<float name="action" value="0" />
			<float name="power" value="0" />
			<float name="requisition" value="0" />
			<float name="popcap" value="0" />
			<float name="command" value="0" />
			<float name="drop_pods" value="0" />
			<float name="feat" value="0" />
			<float name="gamma" value="0" />
		</enum_table>
		<string name="cursor_ghost_blueprint" value="" />
		<float name="cursor_ghost_blueprint_angle" value="0" />
		<bool name="disable_combat" value="False" />
		<bool name="disable_when_active" value="False" />
		<bool name="enable_in_building" value="False" />
		<bool name="enable_in_vehicle" value="False" />
		<bool name="engage_combat" value="False" />
		<float name="entity_busy_time" value="0" />
		<float name="facing_angle" value="5" />
		<bool name="facing_ignore" value="True" />
		<float name="final_close_in_distance" value="0" />
		<bool name="fire_and_forget" value="False" />
		<bool name="garrison_target" value="False" />
		<bool name="initial_recharge" value="True" />
		<bool name="move_back" value="False" />
		<float name="move_back_distance" value="0" />
		<float name="range" value="120" />
		<bool name="range_ignore" value="False" />
		<float name="recharge_time" value="60" />
		<bool name="refundable" value="False" />
		<bool name="require_no_shot_block" value="False" />
		<enum name="shared_timer" value="" />
		<bool name="shared_timer_player_wide" value="False" />
		<enum name="squad_caster" value="squad" />
		<enum name="target" value="tp_position" />
		<float name="toggled_recharge_time_off" value="0" />
		<float name="toggled_recharge_time_on" value="0" />
		<group name="ui_cursor">
			<string name="cursor_bad" value="modal_ability_cancel" />
			<string name="cursor_good" value="modal_ability" />
			<string name="cursor_nonmodal_good" value="" />
		</group>
		<group name="ui_info">
			<locstring name="extra_text" value="11114400" />
			<locstring name="help_text" value="11095753" />
			<string name="hotkey_name" value="W" />
			<icon name="icon_name" value="Icons_eldar_abilities_warp_bonesinger" />
			<string name="overlay_name" value="" />
			<bool name="reveal_for_decryption" value="False" />
			<locstring name="screen_name" value="11095752" />
			<icon name="icon_alternate_name" value="" />
			<locstring name="brief_text" value="0" />
			<locstring name="help_text_alternate" value="0" />
			<locstring name="screen_name_alternate" value="0" />
			<locstring name="screen_name_short" value="0" />
			<enum name="ui_style" value="default" />
			<list name="nested_ui_info_source">
			</list>
			<list name="effect_attributes">
				<instance_reference name="ability_effect" value="ui_ability_effect\ability_effect_teleport" />
			</list>
			<string name="info_video_url" value="" />
		</group>
		<locstring name="ui_usage_txt" value="0" />
		<bool name="validate_actions" value="True" />
		<list name="global_self_actions">
		</list>
		<list name="requirements">
		</list>
		<enum name="ability_super" value="tp_none" />
		<int name="ui_position" value="12" />
		<bool name="ui_mini_map_capture" value="False" />
		<bool name="facing_ignore_during_active" value="True" />
		<instance_reference name="ui_range" value="ui_reticule\ability_range_default_eldar" />
		<instance_reference name="ui_reticule" value="ui_reticule\eldar_spider_warp" />
		<float name="ui_reticule_radius_min" value="3" />
		<float name="ui_reticule_radius_max" value="3" />
		<enum name="pending_ability_out_of_range_behaviour" value="chase" />
		<string name="ui_targetable_sm_key" value="" />
		<string name="ui_targetable_on_key" value="" />
		<string name="ui_targetable_off_key" value="" />
		<enum name="ui_targetable_receiver" value="local" />
		<enum name="ui_combine_type" value="intersection" />
		<enum_table name="ui_modal_highlight">
			<bool name="world_sector" value="False" />
			<bool name="map_sector" value="False" />
			<bool name="map_sector_hq_link_extender" value="False" />
		</enum_table>
		<enum name="ui_group_cast_type" value="multi" />
		<list name="requirements_target">
			<template_reference name="required" value="requirements\required_pass_type">
				<instance_reference name="pass_type" value="pass_types\infantry" />
				<locstring name="ui_name" value="11115140" />
				<enum name="reason" value="usage" />
				<int name="size" value="1" />
			</template_reference>
		</list>
		<template_reference name="targeted_ability_option" value="options\abilities\targeted_ability_option">
			<bool name="persist_targeted_ability" value="False" />
			<bool name="post_ability_out_of_range_stop" value="False" />
			<bool name="range_ignore_target_far_position" value="False" />
			<template_reference name="quick_cast_option" value="options\abilities\quick_cast\proxy_option">
				<list name="proxy_requirements">
					<template_reference name="requirement" value="requirements\required_unit_type">
						<enum name="reason" value="usage" />
						<locstring name="ui_name" value="0" />
						<enum name="unit_type" value="hq" />
						<template_reference name="qualify_option" value="options\none">
						</template_reference>
						<bool name="search_load_out" value="False" />
					</template_reference>
					<template_reference name="requirement" value="requirements\required_ownership">
						<enum name="reason" value="usage" />
						<locstring name="ui_name" value="0" />
						<enum name="ownership_type" value="self" />
					</template_reference>
				</list>
				<enum name="sort_criteria" value="Nearest" />
				<enum name="out_of_range_behaviour" value="clamp_to_max_range" />
				<bool name="positional_target_must_be_passable" value="True" />
			</template_reference>
			<template_reference name="multi_target_option" value="options\none">
			</template_reference>
			<list name="target_selected_actions">
			</list>
		</template_reference>
		<enum name="ui_direction_requirement" value="optionally_directional" />
		<instance_reference name="cursor_ghost_ebp" value="" />
		<bool name="can_cast_whilst_constructing" value="False" />
		<list name="requirements_self_recharge">
		</list>
		<bool name="can_cast_outside_active_battle_field" value="False" />
		<enum_table name="cost_to_squad">
			<float name="action" value="0" />
			<float name="power" value="0" />
			<float name="requisition" value="0" />
			<float name="popcap" value="0" />
			<float name="command" value="0" />
			<float name="drop_pods" value="0" />
			<float name="feat" value="0" />
			<float name="gamma" value="0" />
		</enum_table>
		<bool name="ability_super_event_cue" value="False" />
		<enum name="ui_progress_bar_type" value="auto_bar" />
		<group name="ability_tier">
			<list name="tiers">
			</list>
			<bool name="exclusive_tier_action" value="False" />
			<list name="passive_action_list">
			</list>
		</group>
		<enum name="ui_ability_issue_type" value="Normal" />
		<string name="speech_code" value="bonesinger_warp" />
		<template_reference name="channeling" value="options\none">
		</template_reference>
		<bool name="can_be_interrupted" value="True" />
		<template_reference name="casting_option" value="options\abilities\casting_ability_option">
			<float name="cast_time" value="0.5" />
			<bool name="keep_casting_actions_when_channeling" value="False" />
			<list name="self_actions">
				<template_reference name="action" value="action\animator_set_state">
					<bool name="apply_to_leader_only" value="False" />
					<string name="do_action_state_name" value="eldar" />
					<bool name="retrigger" value="False" />
					<string name="state_machine_name" value="race_type" />
					<string name="undo_action_state_name" value="" />
					<uniqueid name="id" value="1073749225" />
				</template_reference>
				<template_reference name="action" value="action\animator_set_state">
					<bool name="apply_to_leader_only" value="True" />
					<string name="do_action_state_name" value="on" />
					<bool name="retrigger" value="True" />
					<string name="state_machine_name" value="ability_teleport_eldar_charge_state" />
					<string name="undo_action_state_name" value="off" />
					<uniqueid name="id" value="1073749226" />
				</template_reference>
				<template_reference name="action" value="action\delay">
					<float name="delay" value="0.3" />
					<float name="delay_min" value="0" />
					<bool name="progress_bar" value="False" />
					<bool name="randomize" value="False" />
					<list name="delayed_actions">
						<template_reference name="action" value="action\animator_set_state">
							<bool name="apply_to_leader_only" value="True" />
							<string name="do_action_state_name" value="on" />
							<bool name="retrigger" value="True" />
							<string name="state_machine_name" value="ability_teleport_eldar_actived_state" />
							<string name="undo_action_state_name" value="off" />
							<uniqueid name="id" value="1073749227" />
						</template_reference>
					</list>
					<uniqueid name="id" value="1073749228" />
					<bool name="can_prevent_refund" value="True" />
				</template_reference>
				<template_reference name="action" value="action\animator_set_state">
					<bool name="apply_to_leader_only" value="False" />
					<string name="do_action_state_name" value="on" />
					<bool name="retrigger" value="False" />
					<string name="state_machine_name" value="ability_teleport_state" />
					<string name="undo_action_state_name" value="off" />
					<uniqueid name="id" value="1073749229" />
				</template_reference>
				<template_reference name="action" value="action\animator_set_state">
					<bool name="apply_to_leader_only" value="False" />
					<string name="do_action_state_name" value="wind_up" />
					<bool name="retrigger" value="False" />
					<string name="state_machine_name" value="ability_instant_state" />
					<string name="undo_action_state_name" value="off" />
					<uniqueid name="id" value="1073749230" />
				</template_reference>
				<template_reference name="action" value="action\speech_action">
					<uniqueid name="id" value="1073749231" />
					<list name="argument_overrides">
						<template_reference name="argument_override" value="speech_argument_override">
							<enum name="argument_name" value="ability_speech_code" />
							<string name="value" value="bonesinger_warp" />
						</template_reference>
						<template_reference name="argument_override" value="speech_argument_override">
							<enum name="argument_name" value="ability_status" />
							<string name="value" value="started" />
						</template_reference>
					</list>
					<template_reference name="speech_event" value="speech_event_squad_name">
						<enum name="speech_event_squad" value="ability" />
					</template_reference>
				</template_reference>
			</list>
			<list name="target_actions">
			</list>
			<bool name="issue_stop_order" value="True" />
			<group name="casting_stop_requirement_overrides">
				<bool name="enable_overrides" value="False" />
				<list name="stop_self_requirements">
				</list>
				<list name="stop_target_requirements">
				</list>
			</group>
			<list name="abort_self_actions">
			</list>
			<list name="abort_target_actions">
			</list>
		</template_reference>
		<template_reference name="proxy_range_option" value="options\none">
		</template_reference>
		<enum name="ui_ability_group" value="group_primary" />
		<instance_reference name="ability_category" value="" />
		<bool name="always_refund_cost_if_failed" value="False" />
		<instance_reference name="ui_menu" value="" />
		<int name="ui_combine_priority" value="0" />
		<bool name="ui_ignore_hide_spatial_abilities_option" value="False" />
	</group>
	<uniqueid name="pbgid" value="95097" />
</instance>