<instance description="The Power core is a structure tied to the primary victory conditions - if your team's powercore is destroyed, you lose the game." template="ebps">
	<list name="extensions" comment="The Power Core is the primary objective of multiplayer games.  If you destroy the enemy teams power core, you win!  The power core is invulnerable until at least ONE of the turrets has been destroyed.&#xD;&#xA;&#xD;&#xA;Contains functionality on both the action_apply and death_actions.">
		<template_reference name="exts" value="ebpextensions\entity_blueprint_ext">
			<file name="alternate_sua" value="" />
			<bool name="always_revealed_in_fow" value="False" />
			<file name="animator" value="gameplay\bases\archetypes\powercore_mp_common\powercore_mp_common" />
			<bool name="is_visible_in_game" value="True" />
			<int name="precise_size" value="-1" />
			<list name="additional_animator_blueprints">
				<group name="animator_blueprint">
					<file name="animator" value="gameplay\bases\armour\powercore_mp_common\powercore_mp_common" />
					<list name="animator_overrides">
					</list>
				</group>
			</list>
			<enum name="default_spawn_type" value="" />
			<list name="scenario_animator_blueprints">
			</list>
			<instance_reference name="unit_badge" value="" />
			<list name="animator_overrides">
			</list>
			<bool name="is_spawned_when_not_in_interactive_area" value="True" />
			<bool name="is_wreck" value="False" />
		</template_reference>
		<template_reference name="exts" value="ebpextensions\sim_entity_ext">
			<float name="rotate_snap" value="360" />
			<bool name="kill_paradrop" value="False" />
			<bool name="share_control_with_allies" value="True" />
			<enum name="transferable" value="Team" />
		</template_reference>
		<template_reference name="exts" value="ebpextensions\health_ext">
			<bool name="can_repair" value="True" />
			<bool name="cuttable" value="False" />
			<string name="death_event_name" value="death" />
			<float name="death_seconds" value="20" />
			<bool name="delete_when_dead" value="False" />
			<bool name="force_attacker_memory" value="True" />
			<float name="hitpoints" value="2000" />
			<bool name="is_invincible" value="False" />
			<bool name="is_salvagable_wreck" value="False" />
			<instance_reference name="rebuilt_entity" value="" />
			<instance_reference name="rebuilt_squad" value="" />
			<bool name="rebuilt_use_wreck_owner" value="True" />
			<bool name="receive_weapon_cover_modifiers" value="False" />
			<float name="regeneration" value="1" />
			<bool name="regeneration_disabled" value="False" />
			<bool name="remove_from_pathfinding_on_death" value="False" />
			<bool name="reveal_to_all_on_death" value="False" />
			<bool name="ui_can_scuttle" value="False" />
			<list name="death_actions" comment="Spawns an entity which knocks back and kills everything around the power core.">
				<template_reference name="action" value="action\sound_action">
					<sound name="play_event" value="t01mus_stinger_gameplay_power_core_destruction_play" />
					<uniqueid name="id" value="1073749958" />
					<sound name="stop_event" value="t01mus_stinger_gameplay_power_core_destruction_stop" />
					<enum name="visibility_type" value="Global" />
				</template_reference>
				<template_reference name="action" value="action\change_target_action">
					<list name="actions">
						<template_reference name="action" value="action\spawn_entity">
							<float name="duration" value="0" />
							<instance_reference name="entity_blueprint" value="ebps\gameplay\power_core_death_explosion" mod="a5fef7c6e07942ffb7483ef8065b8755" />
							<bool name="permanent" value="True" />
							<bool name="player_owned" value="False" />
							<uniqueid name="id" value="1073749959" />
							<template_reference name="spawn_attached_option" value="options\none">
							</template_reference>
							<list name="spawned_entity_actions">
							</list>
							<group name="offset">
								<float name="x" value="0" />
								<float name="y" value="0" />
								<float name="z" value="0" />
							</group>
							<bool name="offset_in_target_coord_system" value="False" />
							<bool name="spawn_at_target_height" value="False" />
							<bool name="force_construction" value="True" />
							<list name="target_requirements">
							</list>
						</template_reference>
						<template_reference name="action" value="action\reveal_area">
							<bool name="all_player" value="True" />
							<float name="duration" value="30" />
							<bool name="fire_and_forget" value="True" />
							<float name="radius" value="60" />
							<uniqueid name="id" value="1073749960" />
						</template_reference>
					</list>
					<enum name="change_target_type" value="self" />
					<uniqueid name="id" value="1073749961" />
					<bool name="validate_sub_actions" value="False" />
				</template_reference>
				<template_reference name="action" value="action\requirement_action" comment="When a turret is destroyed by a Space Marine unit on your team, play the Space Marine sound.">
					<bool name="check_self" value="False" />
					<bool name="validation_requires_requirements" value="False" />
					<bool name="validate_all_sub_actions" value="True" />
					<list name="requirement_table">
						<template_reference name="required" value="requirements\required_race">
							<enum name="reason" value="usage" />
							<locstring name="ui_name" value="0" />
							<instance_reference name="race" value="racebps\space_marines" />
						</template_reference>
					</list>
					<list name="action_table">
						<template_reference name="action" value="action\sound_action">
							<sound name="play_event" value="" />
							<uniqueid name="id" value="1073749962" />
							<sound name="stop_event" value="" />
							<enum name="visibility_type" value="ExecuterIsEnemy" />
						</template_reference>
					</list>
					<uniqueid name="id" value="1073749963" />
					<template_reference name="ui_help_text" value="tables\help_text_phrase">
						<int name="phrase_order" value="0" />
						<locstring name="phrase" value="0" />
					</template_reference>
					<template_reference name="behaviour_type" value="options\action\requirement_action\check_only_when_this_starts">
					</template_reference>
				</template_reference>
				<template_reference name="action" value="action\requirement_action" comment="When a turret is destroyed by an Ork unit on your team, play the Ork sound.">
					<bool name="check_self" value="False" />
					<bool name="validation_requires_requirements" value="False" />
					<bool name="validate_all_sub_actions" value="True" />
					<list name="requirement_table">
						<template_reference name="required" value="requirements\required_race">
							<enum name="reason" value="usage" />
							<locstring name="ui_name" value="0" />
							<instance_reference name="race" value="racebps\orks" />
						</template_reference>
					</list>
					<list name="action_table">
						<template_reference name="action" value="action\sound_action">
							<sound name="play_event" value="" />
							<uniqueid name="id" value="1073749964" />
							<sound name="stop_event" value="" />
							<enum name="visibility_type" value="ExecuterIsEnemy" />
						</template_reference>
					</list>
					<uniqueid name="id" value="1073749965" />
					<template_reference name="ui_help_text" value="tables\help_text_phrase">
						<int name="phrase_order" value="0" />
						<locstring name="phrase" value="0" />
					</template_reference>
					<template_reference name="behaviour_type" value="options\action\requirement_action\check_only_when_this_starts">
					</template_reference>
				</template_reference>
				<template_reference name="action" value="action\requirement_action" comment="When a turret is destroyed by an Eldar unit on your team, play the Eldar sound.">
					<bool name="check_self" value="False" />
					<bool name="validation_requires_requirements" value="False" />
					<bool name="validate_all_sub_actions" value="True" />
					<list name="requirement_table">
						<template_reference name="required" value="requirements\required_race">
							<enum name="reason" value="usage" />
							<locstring name="ui_name" value="0" />
							<instance_reference name="race" value="racebps\eldar" />
						</template_reference>
					</list>
					<list name="action_table">
						<template_reference name="action" value="action\sound_action">
							<sound name="play_event" value="" />
							<uniqueid name="id" value="1073749966" />
							<sound name="stop_event" value="" />
							<enum name="visibility_type" value="ExecuterIsEnemy" />
						</template_reference>
					</list>
					<uniqueid name="id" value="1073749967" />
					<template_reference name="ui_help_text" value="tables\help_text_phrase">
						<int name="phrase_order" value="0" />
						<locstring name="phrase" value="0" />
					</template_reference>
					<template_reference name="behaviour_type" value="options\action\requirement_action\check_only_when_this_starts">
					</template_reference>
				</template_reference>
			</list>
			<float name="target_size" value="5" />
			<list name="criticals">
				<group name="critical_group">
					<float name="max_health_percentage" value="0" />
					<list name="critical_info">
						<group name="info">
							<float name="weight" value="100" />
							<enum_table name="applicable_weapons">
								<bool name="small_arms" value="True" />
								<bool name="flame" value="True" />
								<bool name="ballistic" value="True" />
								<bool name="explosive" value="True" />
								<bool name="taldeer_melee" value="True" />
								<bool name="cannon" value="True" />
								<bool name="always_gib" value="True" />
							</enum_table>
							<instance_reference name="critical" value="critical\default_death" />
							<enum_table name="applicable_hit_direction">
								<bool name="front" value="True" />
								<bool name="rear" value="True" />
								<bool name="left" value="True" />
								<bool name="right" value="True" />
							</enum_table>
							<enum name="apply_on" value="penetrate" />
						</group>
					</list>
				</group>
			</list>
			<float name="weapon_priority" value="-80" />
			<template_reference name="wreck_entity_option" value="options\none">
			</template_reference>
			<enum name="armor_type" value="Heavy" />
			<template_reference name="armor_layout_option" value="options\ebpextensions\healthext\armor_layouts\armor_layout_uniform">
				<float name="armor" value="300" />
			</template_reference>
			<enum name="allegiance_override" value="none" />
			<list name="on_received_damage_actions">
			</list>
			<bool name="not_default_attackable" value="False" />
			<list name="self_destruct_actions">
			</list>
			<list name="rebuilt_entity_actions">
			</list>
		</template_reference>
		<template_reference name="exts" value="ebpextensions\hit_object_ext">
			<instance_reference name="hit_material" value="hit_material\metal" />
			<bool name="hit_non_neutral" value="True" />
			<float name="hit_percentage" value="1" />
			<bool name="pass_through" value="False" />
			<group name="projectile_pass_through">
				<bool name="tp_artillery" value="True" />
				<bool name="tp_collide" value="False" />
				<bool name="tp_vehicle_collide" value="True" />
			</group>
			<template_reference name="projectile_reflect_option" value="options\none">
			</template_reference>
		</template_reference>
		<template_reference name="exts" value="ebpextensions\line_of_sight_ext">
			<group name="blocking_box">
				<float name="x" value="0.01" />
				<float name="y" value="0.01" />
				<float name="z" value="0.01" />
			</group>
			<bool name="is_shot_blocking" value="False" />
			<bool name="use_blocking_box" value="False" />
			<enum name="does_block_line_of_sight" value="never" />
			<bool name="reveal_center_when_outside_is_visible" value="True" />
		</template_reference>
		<template_reference name="exts" value="ebpextensions\modifier_ext">
		</template_reference>
		<template_reference name="exts" value="ebpextensions\site_ext">
			<float name="extra_build_test_footprint_x" value="2" />
			<bool name="require_all_cells_clear" value="True" />
			<bool name="snap_to_terrain" value="False" />
			<bool name="ignore_impass" value="False" />
			<bool name="lock_to_impass" value="True" />
			<float name="extra_build_test_footprint_z" value="2" />
			<float name="extra_build_test_footprint_offset_x" value="0" />
			<float name="extra_build_test_footprint_offset_z" value="0" />
		</template_reference>
		<template_reference name="exts" value="ebpextensions\type_ext">
			<list name="unit_type_list">
				<enum name="unit_type" value="annihilation_condition" />
				<enum name="unit_type" value="building" />
				<enum name="unit_type" value="power_core" />
				<enum name="unit_type" value="dow3_deep_strike_power_core" />
				<enum name="unit_type" value="dow3_structure" />
			</list>
			<enum name="weapon_targeting" value="automatic" />
			<bool name="intersection_testing" value="False" />
		</template_reference>
		<template_reference name="exts" value="ebpextensions\ability_ext">
			<list name="abilities">
				<instance_reference name="ability" value="abilities\races\space_marines\hq\spa_powercore_shield" mod="a5fef7c6e07942ffb7483ef8065b8755" />
				<instance_reference name="ability" value="abilities\gameplay\power_core_passive" />
			</list>
		</template_reference>
		<template_reference name="exts" value="ebpextensions\construction_ext">
			<bool name="automatic_fit_on_placement" value="True" />
			<bool name="can_set_facing" value="False" />
			<float name="cancel_refund_percentage" value="100" />
			<string name="construction_state_name" value="build_shovel_sandbag_state" />
			<float name="construction_transition_time" value="1.36667" />
			<bool name="force_construction" value="False" />
			<float name="max_engineers" value="1" />
			<instance_reference name="on_construction_squad" value="" />
			<float name="orientation" value="0" />
			<enum name="placement_type" value="tp_structure" />
			<bool name="prefer_spots_on_side_with_leader" value="False" />
			<bool name="query_abilities_for_range_ui" value="False" />
			<bool name="query_construction_actions_for_range_ui" value="False" />
			<bool name="query_upgrade_actions_for_range_ui" value="False" />
			<bool name="random_rotation" value="False" />
			<float name="replace_ghost_distance" value="5" />
			<bool name="self_construct" value="False" />
			<list name="on_construction_actions">
			</list>
			<group name="field_placement_info">
				<instance_reference name="border_entity" value="" />
				<instance_reference name="replace_entity" value="" />
				<int name="replace_count" value="0" />
				<float name="replace_retry_distance" value="0" />
			</group>
			<instance_reference name="placement_valid" value="ui_rectangle\construction_placement_valid" />
			<instance_reference name="placement_invalid" value="ui_rectangle\construction_placement_invalid" />
			<instance_reference name="ui_range" value="" />
			<float name="ui_range_radius" value="39" />
			<instance_reference name="ui_setfacing" value="" />
			<bool name="query_weapon_for_range_ui" value="False" />
			<group name="placement_requirements">
				<bool name="must_be_in_line_of_sight" value="False" />
				<bool name="must_not_be_in_walkable_surfaces" value="False" />
				<bool name="must_be_on_strategic_point" value="False" />
				<list name="requirements">
				</list>
				<float name="spacing_distance" value="0" />
				<bool name="skip_impass_checks_and_ignore_immovable_entities" value="False" />
			</group>
			<bool name="squad_ignore_pathfinding" value="False" />
			<bool name="can_be_cancelled" value="True" />
			<template_reference name="construction_health_option" value="options\none">
			</template_reference>
			<list name="on_construction_terrain_bonuses">
			</list>
		</template_reference>
		<template_reference name="exts" value="ebpextensions\cost_ext">
			<group name="time_cost">
				<enum_table name="cost">
					<float name="action" value="0" />
					<float name="power" value="0" />
					<float name="requisition" value="0" />
					<float name="popcap" value="0" />
					<float name="command" value="0" />
					<float name="drop_pods" value="0" />
					<float name="feat" value="0" />
					<float name="gamma" value="0" />
				</enum_table>
				<float name="time_seconds" value="0" />
			</group>
		</template_reference>
		<template_reference name="exts" value="ebpextensions\impass_ext">
			<bool name="cant_build" value="True" />
			<group name="impass_simboxes">
				<bool name="default_simbox" value="True" />
				<list name="named_simboxes">
				</list>
			</group>
			<list name="block_path">
				<instance_reference name="path_type" value="pass_types\infantry" />
				<instance_reference name="path_type" value="pass_types\vehicle" />
				<instance_reference name="path_type" value="pass_types\skimmer" />
			</list>
		</template_reference>
		<template_reference name="exts" value="ebpextensions\sight_ext">
			<group name="detect_camouflage">
				<float name="tp_global" value="35" />
				<float name="tp_mine" value="35" />
				<float name="tp_unit" value="35" />
			</group>
			<bool name="extended_sight" value="False" />
			<float name="extended_sight_radius" value="70" />
			<float name="reveal_area_on_death_time" value="1.5" />
			<group name="sight_package">
				<float name="inner_height" value="5" />
				<float name="inner_radius" value="10" />
				<float name="outer_height" value="5" />
				<float name="outer_radius" value="35" />
				<float name="cone_angle" value="360" />
				<float name="cone_start_radius" value="0" />
			</group>
			<bool name="can_see_through_stealth_zones" value="False" />
			<list name="extended_sight_target_requirements">
			</list>
			<list name="specific_detector_actions">
				<group name="detector_actions">
					<enum name="camouflage_type" value="tp_unit" />
					<list name="actions">
						<template_reference name="action" value="action\timed_action">
							<float name="duration" value="25" />
							<bool name="fire_and_forget" value="True" />
							<list name="subactions">
								<template_reference name="action" value="action\ui_unit_modifier_action">
									<bool name="die_with_creator" value="False" />
									<template_reference name="ui_info" value="tables\ui_info">
										<locstring name="screen_name" value="11129775" />
										<locstring name="help_text" value="11129776" />
										<icon name="icon_name" value="Icons_common_states_stealth_disabled" />
										<string name="hotkey_name" value="" />
									</template_reference>
									<uniqueid name="id" value="1073749968" />
								</template_reference>
								<template_reference name="action" value="action\change_target_action">
									<list name="actions">
										<template_reference name="action" value="action\ledger_write_action">
											<uniqueid name="id" value="1073749969" />
											<string name="key" value="stealth_detected" />
											<enum name="operator" value="set" />
											<float name="operand" value="1" />
											<bool name="persistent" value="False" />
											<string name="read_key_from_ledger_key" value="" />
										</template_reference>
										<template_reference name="action" value="action\apply_modifiers_action">
											<float name="duration" value="0" />
											<bool name="permanent" value="False" />
											<list name="modifiers">
												<template_reference name="modifier" value="modifiers\entity_modifier">
													<enum name="type" value="camouflage_enable" />
													<enum name="application_type" value="apply_to_entity" />
													<enum name="usage_type" value="enable" />
													<float name="value" value="-1" />
													<instance_reference name="tooltip" value="" />
													<bool name="exclusive" value="False" />
													<string name="modifier_id" value="" />
													<instance_reference name="target_type_name" value="" />
												</template_reference>
											</list>
											<uniqueid name="id" value="1073749970" />
										</template_reference>
										<template_reference name="action" value="action\delay">
											<float name="delay" value="24.875" />
											<float name="delay_min" value="0" />
											<bool name="progress_bar" value="False" />
											<bool name="randomize" value="False" />
											<list name="delayed_actions">
												<template_reference name="action" value="action\ledger_write_action">
													<uniqueid name="id" value="1073749971" />
													<string name="key" value="stealth_detected" />
													<enum name="operator" value="set" />
													<float name="operand" value="0" />
													<bool name="persistent" value="False" />
													<string name="read_key_from_ledger_key" value="" />
												</template_reference>
											</list>
											<uniqueid name="id" value="1073749972" />
											<bool name="can_prevent_refund" value="True" />
										</template_reference>
									</list>
									<enum name="change_target_type" value="squad" />
									<uniqueid name="id" value="1073749973" />
									<bool name="validate_sub_actions" value="False" />
								</template_reference>
							</list>
							<uniqueid name="id" value="1073749974" />
						</template_reference>
					</list>
				</group>
				<group name="detector_actions">
					<enum name="camouflage_type" value="tp_mine" />
					<list name="actions">
						<template_reference name="action" value="action\change_target_action">
							<list name="actions">
								<template_reference name="action" value="action\requirement_action">
									<bool name="check_self" value="True" />
									<bool name="validation_requires_requirements" value="False" />
									<bool name="validate_all_sub_actions" value="False" />
									<list name="requirement_table">
										<template_reference name="required" value="requirements\required_entity_upgrade">
											<enum name="reason" value="usage" />
											<locstring name="ui_name" value="0" />
											<bool name="is_present" value="True" />
											<instance_reference name="upgrade_name" value="upgrade\gameplay\detector_warning" />
											<bool name="include_queued" value="False" />
											<int name="min_completed" value="1" />
											<int name="max_completed" value="100" />
										</template_reference>
									</list>
									<list name="action_table">
										<template_reference name="action" value="action\timed_action">
											<float name="duration" value="5" />
											<bool name="fire_and_forget" value="False" />
											<list name="subactions">
												<template_reference name="action" value="action\ui_unit_modifier_action">
													<bool name="die_with_creator" value="False" />
													<template_reference name="ui_info" value="tables\ui_info">
														<locstring name="screen_name" value="11129410" />
														<locstring name="help_text" value="11129411" />
														<icon name="icon_name" value="Icons_common_states_revealed" />
														<string name="hotkey_name" value="" />
													</template_reference>
													<uniqueid name="id" value="1073749975" />
												</template_reference>
												<template_reference name="action" value="action\kicker_message_action">
													<float name="loop_interval" value="0" />
													<locstring name="message" value="11119686" />
													<colour name="message_colour" value="*" />
													<float name="message_duration" value="1" />
													<bool name="team_only" value="True" />
													<bool name="check_fow" value="False" />
													<uniqueid name="id" value="1073749976" />
												</template_reference>
											</list>
											<uniqueid name="id" value="1073749977" />
										</template_reference>
									</list>
									<uniqueid name="id" value="1073749978" />
									<template_reference name="ui_help_text" value="tables\help_text_phrase">
										<int name="phrase_order" value="0" />
										<locstring name="phrase" value="0" />
									</template_reference>
									<template_reference name="behaviour_type" value="options\action\requirement_action\check_once_to_start_stop_when_requirements_fail">
									</template_reference>
								</template_reference>
								<template_reference name="action" value="action\upgrade_add">
									<bool name="apply_to_entities_in_squad" value="False" />
									<bool name="trigger_publish_event" value="False" />
									<instance_reference name="upgrade" value="upgrade\gameplay\detector_warning" />
									<uniqueid name="id" value="1073749979" />
									<bool name="allow_duplicates" value="False" />
								</template_reference>
							</list>
							<enum name="change_target_type" value="self" />
							<uniqueid name="id" value="1073749980" />
							<bool name="validate_sub_actions" value="False" />
						</template_reference>
						<template_reference name="action" value="action\apply_modifiers_action">
							<float name="duration" value="12" />
							<bool name="permanent" value="False" />
							<list name="modifiers">
								<template_reference name="modifier" value="modifiers\entity_modifier">
									<enum name="type" value="camouflage_enable" />
									<enum name="application_type" value="apply_to_entity" />
									<enum name="usage_type" value="enable" />
									<float name="value" value="-1" />
									<instance_reference name="tooltip" value="" />
									<bool name="exclusive" value="False" />
									<string name="modifier_id" value="" />
									<instance_reference name="target_type_name" value="" />
								</template_reference>
							</list>
							<uniqueid name="id" value="1073749981" />
						</template_reference>
					</list>
				</group>
			</list>
		</template_reference>
		<template_reference name="exts" value="ebpextensions\ui_ext">
			<bool name="ap_killed_kicker" value="True" />
			<bool name="ap_loss_kicker" value="True" />
			<float name="decorator_height" value="15" />
			<string name="extra_text_deprecated" value="" />
			<bool name="ghost_enable" value="True" />
			<locstring name="help_text" value="11090483" />
			<string name="hotkey_name" value="" />
			<icon name="icon_name" value="Icons_common_abilities_shields_up_objective" />
			<enum name="kill_type" value="building" />
			<colour name="minimap_color" value="*" />
			<bool name="minimap_enable" value="True" />
			<bool name="minimap_team_only" value="False" />
			<bool name="minimap_teamcolor" value="True" />
			<string name="overlay_name" value="" />
			<bool name="reveal_for_decryption" value="False" />
			<locstring name="screen_name" value="11090482" />
			<enum name="selection_name" value="" />
			<float name="selection_scale" value="1" />
			<enum name="selection_type" value="single_entity_select" />
			<locstring name="tooltip_txt" value="11090481" />
			<int name="ui_priority" value="0" />
			<icon name="minimap_icon" value="Icons_common_decorators_power_core" />
			<float name="minimap_icon_scale" value="0.5" />
			<icon name="portrait_icon" value="Icons_common_objects_power_core" />
			<locstring name="brief_text" value="0" />
			<locstring name="extra_text" value="11115365" />
			<bool name="show_in_build_log" value="True" />
			<locstring name="screen_name_short" value="0" />
			<bool name="show_entity_appearance" value="True" />
			<locstring name="screen_name_world" value="0" />
			<locstring name="help_text_world" value="0" />
			<locstring name="extra_text_world" value="0" />
			<enum name="map_rotation_type_override" value="no_override" />
			<icon name="symbol_icon_name" value="Icons_common_decorators_power_core" />
			<enum name="occlusion_state" value="can_be_occluded" />
			<enum name="decorator_visibility" value="visible" />
			<bool name="skin_pack_override" value="False" />
			<string name="skin_summer" value="" />
			<string name="skin_winter" value="" />
			<enum name="targeting_and_bandbox_selection_priority" value="lowest" />
			<enum name="selection_method" value="mesh" />
			<group name="terrain_info_display_offset">
				<float name="x" value="0" />
				<float name="y" value="0" />
			</group>
			<string name="decorator_ledger_key" value="" />
			<instance_reference name="decorator_ledger_bar_style" value="" />
			<enum name="selection_name_squad_override" value="" />
			<string name="selection_grouping_ledger_key" value="" />
			<float name="decorator_height_spatial_ability" value="15.3" />
		</template_reference>
		<template_reference name="exts" value="ebpextensions\combat_ext">
			<bool name="reject_attack_command" value="True" />
			<list name="hardpoints">
				<group name="hardpoint">
					<float name="parent_hardpoint" value="-1" />
					<list name="weapon_table">
					</list>
					<bool name="receives_attack_commands" value="False" />
					<bool name="display_in_forge" value="True" />
				</group>
			</list>
			<int name="sight_hardpoint" value="-1" />
			<list name="kill_actions">
			</list>
			<bool name="can_be_knocked_back" value="False" />
			<group name="reckoning_blow">
				<list name="attack_table">
				</list>
				<list name="defend_table">
				</list>
			</group>
			<bool name="can_be_stunned" value="True" />
			<bool name="update_facing_during_melee_swings" value="True" />
			<bool name="can_be_levitated" value="True" />
			<template_reference name="weapon_handling_option" value="options\none">
			</template_reference>
			<bool name="allow_auto_target_in_stealth_zone" value="False" />
		</template_reference>
		<template_reference name="exts" value="ebpextensions\action_apply_ext" comment="1) An action which targets all allies and applies an upgrade to tell them this is power core mode.  &#xD;&#xA;-- NOTE: This is referenced in multiple places, mostly when we need to tell if something is a multiplayer or campaign game.&#xD;&#xA;&#xD;&#xA;2) This fires the main powercore cannon fx. I used this so I can trigger camera shake through the OE, instead of using a looping FX. [moose]&#xD;&#xA;-- NOTE: This will likely be removed when this is using the proper asset and not something that fires a gun.&#xD;&#xA;&#xD;&#xA;3) Renders the power core invulnerable if:&#xD;&#xA;  a) If gate protection mode is still on.  Note I thought this was granted by the ability, but I guess its not.  Need to dig into this more- not sure why this and the turret killed are required?&#xD;&#xA;  b) If one of the turrets has NOT been killed&#xD;&#xA;  c) The valkyrie has been attacked.&#xD;&#xA;&#xD;&#xA;4) Every 5 seconds it checks if its been attacked and sends out a warning ping to the defenders.&#xD;&#xA;  a) only triggers if the structure is vulnerable&#xD;&#xA;">
			<list name="actions">
				<template_reference name="action" value="action\player_target_action" comment="1) An action which targets all allies and applies an upgrade to tell them this is power core mode.  &#xD;&#xA;-- NOTE: This is referenced in multiple places, mostly when we need to tell if something is a multiplayer or campaign game.">
					<bool name="allies" value="True" />
					<bool name="enemies" value="False" />
					<bool name="neutral" value="False" />
					<bool name="self" value="True" />
					<list name="subactions">
						<template_reference name="action" value="action\upgrade_add">
							<bool name="apply_to_entities_in_squad" value="False" />
							<bool name="trigger_publish_event" value="False" />
							<instance_reference name="upgrade" value="upgrade\gameplay\power_core_mode" />
							<uniqueid name="id" value="1073749982" />
							<bool name="allow_duplicates" value="True" />
						</template_reference>
						<template_reference name="action" value="action\delay">
							<float name="delay" value="3" />
							<float name="delay_min" value="0" />
							<bool name="progress_bar" value="False" />
							<bool name="randomize" value="False" />
							<list name="delayed_actions">
								<template_reference name="action" value="action\ui_text_action">
									<uniqueid name="id" value="1073749983" />
									<locstring name="display_string" value="11122998" />
									<float name="duration_seconds" value="2.75" />
									<enum name="visibility_type" value="ExecuterIsOwn" />
									<enum name="ui_text_transition_type" value="lose_warning" />
									<float name="fade_in_seconds" value="0.125" />
									<float name="fade_out_seconds" value="0.125" />
								</template_reference>
							</list>
							<uniqueid name="id" value="1073749984" />
							<bool name="can_prevent_refund" value="True" />
						</template_reference>
					</list>
					<uniqueid name="id" value="1073749985" />
					<bool name="player_target" value="True" />
				</template_reference>
				<template_reference name="action" value="action\interval_action" comment="2) This fires the main powercore cannon fx. I used this so I can trigger camera shake through the OE, instead of using a looping FX. [moose]&#xD;&#xA;-- NOTE: This will likely be removed when this is using the proper asset and not something that fires a gun.">
					<float name="interval_second" value="20" />
					<uniqueid name="id" value="1073749986" />
					<list name="interval_subactions">
						<group name="interval_subaction_group">
							<float name="trigger_time_second" value="10" />
							<list name="actions">
								<template_reference name="action" value="action\timed_action" comment="Timed action is used to flip the state machine.">
									<float name="duration" value="1" />
									<bool name="fire_and_forget" value="False" />
									<list name="subactions">
										<template_reference name="action" value="action\animator_set_state">
											<bool name="apply_to_leader_only" value="False" />
											<string name="do_action_state_name" value="fire" />
											<bool name="retrigger" value="False" />
											<string name="state_machine_name" value="main_weapon_fire" />
											<string name="undo_action_state_name" value="reloading" />
											<uniqueid name="id" value="1073749987" />
										</template_reference>
									</list>
									<uniqueid name="id" value="1073749988" />
								</template_reference>
							</list>
						</group>
					</list>
					<bool name="progress_bar" value="False" />
				</template_reference>
				<template_reference name="action" value="action\requirement_action" comment="3) Renders the power core invulnerable if:&#xD;&#xA;  a) If gate protection mode is still on.  Note I thought this was granted by the ability, but I guess its not.  Need to dig into this more- not sure why this and the turret killed are required?&#xD;&#xA;  b) The secondary objective has been destroyed&#xD;&#xA;-- NOTE: Not sure if we should let you attack the power core, this feature will be under review.&#xD;&#xA;  c) If one of the turrets has NOT been killed">
					<bool name="check_self" value="False" />
					<bool name="validation_requires_requirements" value="False" />
					<bool name="validate_all_sub_actions" value="False" />
					<list name="requirement_table">
						<template_reference name="required" value="requirements\required_player_upgrade">
							<enum name="reason" value="usage" />
							<locstring name="ui_name" value="0" />
							<bool name="is_present" value="False" />
							<int name="max_completed" value="100" />
							<int name="min_completed" value="1" />
							<instance_reference name="upgrade_name" value="upgrade\gameplay\turret_died" />
							<bool name="include_queued" value="False" />
						</template_reference>
					</list>
					<list name="action_table">
						<template_reference name="action" value="action\can_be_attacked_action">
							<uniqueid name="id" value="1073749989" />
							<list name="requirements">
								<template_reference name="requirement" value="requirements\required_not">
									<enum name="reason" value="usage" />
									<locstring name="ui_name" value="11121820" />
									<list name="requirement_table">
										<template_reference name="required" value="requirements\required_ownership">
											<enum name="reason" value="usage" />
											<locstring name="ui_name" value="0" />
											<enum name="ownership_type" value="enemy" />
										</template_reference>
									</list>
								</template_reference>
							</list>
						</template_reference>
						<template_reference name="action" value="action\invulnerable_action">
							<uniqueid name="id" value="1073749990" />
							<float name="invulnerable_health_percentage" value="1" />
							<int name="invulnerable_entity_count" value="0" />
						</template_reference>
						<template_reference name="action" value="action\animator_set_state">
							<bool name="apply_to_leader_only" value="False" />
							<string name="do_action_state_name" value="inactive" />
							<bool name="retrigger" value="False" />
							<string name="state_machine_name" value="structure_state" />
							<string name="undo_action_state_name" value="" />
							<uniqueid name="id" value="1073749991" />
						</template_reference>
					</list>
					<uniqueid name="id" value="1073749992" />
					<template_reference name="ui_help_text" value="tables\help_text_phrase">
						<int name="phrase_order" value="0" />
						<locstring name="phrase" value="0" />
					</template_reference>
					<template_reference name="behaviour_type" value="options\action\requirement_action\wait_until_requirements_pass_to_start_stop_when_requirements_fail">
					</template_reference>
				</template_reference>
				<template_reference name="action" value="action\interval_action" comment="4) Every 5 seconds it checks if its been attacked and sends out a warning ping to the defenders.&#xD;&#xA;  a) only triggers if the structure is vulnerable">
					<float name="interval_second" value="5" />
					<uniqueid name="id" value="1073749993" />
					<list name="interval_subactions">
						<group name="interval_subaction_group">
							<float name="trigger_time_second" value="0" />
							<list name="actions">
								<template_reference name="action" value="action\requirement_action">
									<bool name="check_self" value="False" />
									<bool name="validation_requires_requirements" value="True" />
									<bool name="validate_all_sub_actions" value="True" />
									<list name="requirement_table">
										<template_reference name="required" value="requirements\required_in_state">
											<enum name="reason" value="usage" />
											<locstring name="ui_name" value="0" />
											<float name="was_attacked_within_seconds" value="1" />
											<list name="check_states">
											</list>
											<float name="was_attacking_within_seconds" value="-1" />
										</template_reference>
										<template_reference name="required" value="requirements\required_player_upgrade">
											<enum name="reason" value="usage" />
											<locstring name="ui_name" value="0" />
											<bool name="is_present" value="True" />
											<int name="max_completed" value="100" />
											<int name="min_completed" value="1" />
											<instance_reference name="upgrade_name" value="upgrade\gameplay\turret_died" />
											<bool name="include_queued" value="False" />
										</template_reference>
									</list>
									<list name="action_table">
										<template_reference name="action" value="action\blip_action">
											<enum name="blip_type" value="defend_here" />
											<float name="duration" value="3" />
											<uniqueid name="id" value="1073749994" />
											<enum name="visibility_type" value="ExecuterIsOwnOrAlly" />
											<bool name="generate_event" value="False" />
											<int name="number_of_times_to_blip" value="1" />
										</template_reference>
										<template_reference name="action" value="action\blip_action">
											<enum name="blip_type" value="attack_here" />
											<float name="duration" value="3" />
											<uniqueid name="id" value="1073749995" />
											<enum name="visibility_type" value="ExecuterIsEnemy" />
											<bool name="generate_event" value="False" />
											<int name="number_of_times_to_blip" value="1" />
										</template_reference>
									</list>
									<uniqueid name="id" value="1073749996" />
									<template_reference name="ui_help_text" value="tables\help_text_phrase">
										<int name="phrase_order" value="0" />
										<locstring name="phrase" value="0" />
									</template_reference>
									<template_reference name="behaviour_type" value="options\action\requirement_action\check_once_to_start_stop_when_requirements_fail">
									</template_reference>
								</template_reference>
							</list>
						</group>
					</list>
					<bool name="progress_bar" value="False" />
				</template_reference>
				<template_reference name="action" value="action\requirement_action">
					<bool name="check_self" value="False" />
					<bool name="validation_requires_requirements" value="False" />
					<bool name="validate_all_sub_actions" value="True" />
					<list name="requirement_table">
						<template_reference name="required" value="requirements\required_player_upgrade">
							<enum name="reason" value="usage" />
							<locstring name="ui_name" value="0" />
							<bool name="is_present" value="True" />
							<int name="max_completed" value="100" />
							<int name="min_completed" value="1" />
							<instance_reference name="upgrade_name" value="upgrade\gameplay\turret_died" />
							<bool name="include_queued" value="False" />
						</template_reference>
					</list>
					<list name="action_table">
						<template_reference name="action" value="action\ui_change_minimap_icon_action">
							<uniqueid name="id" value="1073749997" />
							<icon name="minimap_icon" value="Icons_common_decorators_power_core_vulnerable" />
							<float name="duration_seconds" value="0" />
						</template_reference>
						<template_reference name="action" value="action\animator_set_state">
							<bool name="apply_to_leader_only" value="False" />
							<string name="do_action_state_name" value="active" />
							<bool name="retrigger" value="False" />
							<string name="state_machine_name" value="structure_state" />
							<string name="undo_action_state_name" value="" />
							<uniqueid name="id" value="1073749998" />
						</template_reference>
					</list>
					<uniqueid name="id" value="1073749999" />
					<template_reference name="ui_help_text" value="tables\help_text_phrase">
						<int name="phrase_order" value="0" />
						<locstring name="phrase" value="0" />
					</template_reference>
					<template_reference name="behaviour_type" value="options\action\requirement_action\wait_until_requirements_pass_to_start">
					</template_reference>
				</template_reference>
				<template_reference name="action" value="action\requirement_action" comment="Health regen for the power core">
					<bool name="check_self" value="True" />
					<bool name="validation_requires_requirements" value="False" />
					<bool name="validate_all_sub_actions" value="True" />
					<list name="requirement_table" comment="Health only regenerates if:&#xD;&#xA;- The core was not attacked for a duration.&#xD;&#xA;- The shield ability is not active.">
						<template_reference name="required" value="requirements\required_all_in_list">
							<enum name="reason" value="usage" />
							<locstring name="ui_name" value="0" />
							<list name="requirements">
								<template_reference name="requirement" value="requirements\required_not">
									<enum name="reason" value="usage" />
									<locstring name="ui_name" value="0" />
									<list name="requirement_table">
										<template_reference name="required" value="requirements\required_ability_state">
											<enum name="reason" value="usage" />
											<locstring name="ui_name" value="0" />
											<bool name="is_active" value="True" />
											<instance_reference name="ability_name" value="abilities\races\space_marines\hq\spa_powercore_shield" mod="a5fef7c6e07942ffb7483ef8065b8755" />
											<enum name="ability_active_prereq_owner_type" value="entity" />
										</template_reference>
									</list>
								</template_reference>
								<template_reference name="requirement" value="requirements\required_not">
									<enum name="reason" value="usage" />
									<locstring name="ui_name" value="0" />
									<list name="requirement_table">
										<template_reference name="required" value="requirements\required_in_state">
											<enum name="reason" value="usage" />
											<locstring name="ui_name" value="0" />
											<float name="was_attacked_within_seconds" value="20" />
											<list name="check_states">
											</list>
											<float name="was_attacking_within_seconds" value="-1" />
										</template_reference>
									</list>
								</template_reference>
								<template_reference name="requirement" value="requirements\required_ledger">
									<locstring name="ui_name" value="0" />
									<enum name="reason" value="usage" />
									<string name="key" value="escalation_phase" />
									<float name="default_value" value="0" />
									<float name="compare_to_value" value="3" />
									<enum name="comparison" value="less_than_or_equal_to" />
									<enum name="ledger_type" value="player_ledger" />
									<float name="ui_max_value" value="0" />
									<float name="ui_min_value" value="0" />
									<string name="read_key_from_ledger_key" value="" />
								</template_reference>
							</list>
						</template_reference>
					</list>
					<list name="action_table">
						<template_reference name="action" value="action\apply_modifiers_action">
							<float name="duration" value="0" />
							<bool name="permanent" value="False" />
							<list name="modifiers">
								<template_reference name="modifier" value="modifiers\entity_modifier">
									<enum name="type" value="health_regeneration_modifier" />
									<enum name="application_type" value="apply_to_entity" />
									<enum name="usage_type" value="addition" />
									<float name="value" value="6.25" />
									<instance_reference name="tooltip" value="" />
									<bool name="exclusive" value="True" />
									<string name="modifier_id" value="power_core_regen" />
									<instance_reference name="target_type_name" value="" />
								</template_reference>
							</list>
							<uniqueid name="id" value="1073750000" />
						</template_reference>
					</list>
					<uniqueid name="id" value="1073750001" />
					<template_reference name="ui_help_text" value="tables\help_text_phrase">
						<int name="phrase_order" value="0" />
						<locstring name="phrase" value="0" />
					</template_reference>
					<template_reference name="behaviour_type" value="options\action\requirement_action\wait_until_requirements_pass_to_start_wait_again_when_requirements_fail">
					</template_reference>
				</template_reference>
				<template_reference name="action" value="action\delay" comment="Briefly reveal the power core so that everyone can see a ghost of it in the FOW.">
					<float name="delay" value="0.5" />
					<float name="delay_min" value="0" />
					<bool name="progress_bar" value="False" />
					<bool name="randomize" value="False" />
					<list name="delayed_actions">
						<template_reference name="action" value="action\timed_action">
							<float name="duration" value="0.25" />
							<bool name="fire_and_forget" value="False" />
							<list name="subactions">
								<template_reference name="action" value="action\reveal_entity_action">
									<uniqueid name="id" value="1073750002" />
								</template_reference>
							</list>
							<uniqueid name="id" value="1073750003" />
						</template_reference>
					</list>
					<uniqueid name="id" value="1073750004" />
					<bool name="can_prevent_refund" value="True" />
				</template_reference>
				<template_reference name="action" value="action\delay" comment="Escalates Heavy Cover's Health by 50% every escalation phase.">
					<float name="delay" value="1" />
					<float name="delay_min" value="0" />
					<bool name="progress_bar" value="False" />
					<bool name="randomize" value="False" />
					<list name="delayed_actions">
						<template_reference name="action" value="action\requirement_action">
							<bool name="check_self" value="False" />
							<bool name="validation_requires_requirements" value="False" />
							<bool name="validate_all_sub_actions" value="False" />
							<list name="requirement_table">
								<template_reference name="required" value="requirements\required_ledger">
									<locstring name="ui_name" value="0" />
									<enum name="reason" value="usage" />
									<string name="key" value="escalation_phase" />
									<float name="default_value" value="0" />
									<float name="compare_to_value" value="1" />
									<enum name="comparison" value="greater_than_or_equal_to" />
									<enum name="ledger_type" value="player_ledger" />
									<float name="ui_max_value" value="0" />
									<float name="ui_min_value" value="0" />
									<string name="read_key_from_ledger_key" value="" />
								</template_reference>
							</list>
							<list name="action_table">
								<template_reference name="action" value="action\target">
									<template_reference name="area_info" value="options\area_info_options\circle_area_option">
										<float name="outer_radius" value="1000" />
										<float name="inner_radius" value="0" />
										<bool name="is_two_dimensional" value="True" />
										<enum name="dynamic_radius_type" value="fixed" />
									</template_reference>
									<bool name="die_with_creator" value="True" />
									<bool name="do_recalc_targets" value="False" />
									<float name="duration" value="0.1" />
									<bool name="entity_targets" value="False" />
									<instance_reference name="entity_types_to_choose" value="" />
									<bool name="stationary" value="True" />
									<enum name="unit_type" value="" />
									<list name="subactions">
										<template_reference name="action" value="action\apply_modifiers_action">
											<float name="duration" value="0" />
											<bool name="permanent" value="True" />
											<list name="modifiers">
												<template_reference name="modifier" value="modifiers\entity_modifier">
													<enum name="type" value="health_maximum_modifier" />
													<enum name="application_type" value="apply_to_entity" />
													<enum name="usage_type" value="multiply_add" />
													<float name="value" value="0.5" />
													<instance_reference name="tooltip" value="" />
													<bool name="exclusive" value="True" />
													<string name="modifier_id" value="escalation_1" />
													<instance_reference name="target_type_name" value="" />
												</template_reference>
											</list>
											<uniqueid name="id" value="1073750005" />
										</template_reference>
									</list>
									<uniqueid name="id" value="1073750006" />
									<bool name="any_subaction" value="False" />
									<bool name="finish_with_subactions" value="True" />
									<bool name="override_subactions_context" value="True" />
									<int name="max_target_count" value="0" />
									<bool name="ui_query" value="False" />
									<template_reference name="area_over_time_option" value="options\none">
									</template_reference>
									<bool name="apply_only_once_ever" value="False" />
									<list name="target_requirements">
										<template_reference name="required" value="requirements\required_unit_type">
											<enum name="reason" value="usage" />
											<locstring name="ui_name" value="0" />
											<enum name="unit_type" value="dow3_heavy_cover" />
											<template_reference name="qualify_option" value="options\none">
											</template_reference>
											<bool name="search_load_out" value="False" />
										</template_reference>
									</list>
									<bool name="reset_target_count_every_tick" value="False" />
								</template_reference>
							</list>
							<uniqueid name="id" value="1073750007" />
							<template_reference name="ui_help_text" value="tables\help_text_phrase">
								<int name="phrase_order" value="0" />
								<locstring name="phrase" value="0" />
							</template_reference>
							<template_reference name="behaviour_type" value="options\action\requirement_action\wait_until_requirements_pass_to_start">
							</template_reference>
						</template_reference>
						<template_reference name="action" value="action\requirement_action">
							<bool name="check_self" value="False" />
							<bool name="validation_requires_requirements" value="False" />
							<bool name="validate_all_sub_actions" value="False" />
							<list name="requirement_table">
								<template_reference name="required" value="requirements\required_ledger">
									<locstring name="ui_name" value="0" />
									<enum name="reason" value="usage" />
									<string name="key" value="escalation_phase" />
									<float name="default_value" value="0" />
									<float name="compare_to_value" value="2" />
									<enum name="comparison" value="greater_than_or_equal_to" />
									<enum name="ledger_type" value="player_ledger" />
									<float name="ui_max_value" value="0" />
									<float name="ui_min_value" value="0" />
									<string name="read_key_from_ledger_key" value="" />
								</template_reference>
							</list>
							<list name="action_table">
								<template_reference name="action" value="action\target">
									<template_reference name="area_info" value="options\area_info_options\circle_area_option">
										<float name="outer_radius" value="1000" />
										<float name="inner_radius" value="0" />
										<bool name="is_two_dimensional" value="True" />
										<enum name="dynamic_radius_type" value="fixed" />
									</template_reference>
									<bool name="die_with_creator" value="True" />
									<bool name="do_recalc_targets" value="False" />
									<float name="duration" value="0.1" />
									<bool name="entity_targets" value="False" />
									<instance_reference name="entity_types_to_choose" value="" />
									<bool name="stationary" value="True" />
									<enum name="unit_type" value="" />
									<list name="subactions">
										<template_reference name="action" value="action\apply_modifiers_action">
											<float name="duration" value="0" />
											<bool name="permanent" value="True" />
											<list name="modifiers">
												<template_reference name="modifier" value="modifiers\entity_modifier">
													<enum name="type" value="health_maximum_modifier" />
													<enum name="application_type" value="apply_to_entity" />
													<enum name="usage_type" value="multiply_add" />
													<float name="value" value="0.5" />
													<instance_reference name="tooltip" value="" />
													<bool name="exclusive" value="True" />
													<string name="modifier_id" value="escalation_2" />
													<instance_reference name="target_type_name" value="" />
												</template_reference>
											</list>
											<uniqueid name="id" value="1073750008" />
										</template_reference>
									</list>
									<uniqueid name="id" value="1073750009" />
									<bool name="any_subaction" value="False" />
									<bool name="finish_with_subactions" value="True" />
									<bool name="override_subactions_context" value="True" />
									<int name="max_target_count" value="0" />
									<bool name="ui_query" value="False" />
									<template_reference name="area_over_time_option" value="options\none">
									</template_reference>
									<bool name="apply_only_once_ever" value="False" />
									<list name="target_requirements">
										<template_reference name="required" value="requirements\required_unit_type">
											<enum name="reason" value="usage" />
											<locstring name="ui_name" value="0" />
											<enum name="unit_type" value="dow3_heavy_cover" />
											<template_reference name="qualify_option" value="options\none">
											</template_reference>
											<bool name="search_load_out" value="False" />
										</template_reference>
									</list>
									<bool name="reset_target_count_every_tick" value="False" />
								</template_reference>
							</list>
							<uniqueid name="id" value="1073750010" />
							<template_reference name="ui_help_text" value="tables\help_text_phrase">
								<int name="phrase_order" value="0" />
								<locstring name="phrase" value="0" />
							</template_reference>
							<template_reference name="behaviour_type" value="options\action\requirement_action\wait_until_requirements_pass_to_start">
							</template_reference>
						</template_reference>
						<template_reference name="action" value="action\requirement_action">
							<bool name="check_self" value="False" />
							<bool name="validation_requires_requirements" value="False" />
							<bool name="validate_all_sub_actions" value="False" />
							<list name="requirement_table">
								<template_reference name="required" value="requirements\required_ledger">
									<locstring name="ui_name" value="0" />
									<enum name="reason" value="usage" />
									<string name="key" value="escalation_phase" />
									<float name="default_value" value="0" />
									<float name="compare_to_value" value="3" />
									<enum name="comparison" value="greater_than_or_equal_to" />
									<enum name="ledger_type" value="player_ledger" />
									<float name="ui_max_value" value="0" />
									<float name="ui_min_value" value="0" />
									<string name="read_key_from_ledger_key" value="" />
								</template_reference>
							</list>
							<list name="action_table">
								<template_reference name="action" value="action\target">
									<template_reference name="area_info" value="options\area_info_options\circle_area_option">
										<float name="outer_radius" value="1000" />
										<float name="inner_radius" value="0" />
										<bool name="is_two_dimensional" value="True" />
										<enum name="dynamic_radius_type" value="fixed" />
									</template_reference>
									<bool name="die_with_creator" value="True" />
									<bool name="do_recalc_targets" value="False" />
									<float name="duration" value="0.1" />
									<bool name="entity_targets" value="False" />
									<instance_reference name="entity_types_to_choose" value="" />
									<bool name="stationary" value="True" />
									<enum name="unit_type" value="" />
									<list name="subactions">
										<template_reference name="action" value="action\apply_modifiers_action">
											<float name="duration" value="0" />
											<bool name="permanent" value="True" />
											<list name="modifiers">
												<template_reference name="modifier" value="modifiers\entity_modifier">
													<enum name="type" value="health_maximum_modifier" />
													<enum name="application_type" value="apply_to_entity" />
													<enum name="usage_type" value="multiply_add" />
													<float name="value" value="0.5" />
													<instance_reference name="tooltip" value="" />
													<bool name="exclusive" value="True" />
													<string name="modifier_id" value="escalation_3" />
													<instance_reference name="target_type_name" value="" />
												</template_reference>
											</list>
											<uniqueid name="id" value="1073750011" />
										</template_reference>
									</list>
									<uniqueid name="id" value="1073750012" />
									<bool name="any_subaction" value="False" />
									<bool name="finish_with_subactions" value="True" />
									<bool name="override_subactions_context" value="True" />
									<int name="max_target_count" value="0" />
									<bool name="ui_query" value="False" />
									<template_reference name="area_over_time_option" value="options\none">
									</template_reference>
									<bool name="apply_only_once_ever" value="False" />
									<list name="target_requirements">
										<template_reference name="required" value="requirements\required_unit_type">
											<enum name="reason" value="usage" />
											<locstring name="ui_name" value="0" />
											<enum name="unit_type" value="dow3_heavy_cover" />
											<template_reference name="qualify_option" value="options\none">
											</template_reference>
											<bool name="search_load_out" value="False" />
										</template_reference>
									</list>
									<bool name="reset_target_count_every_tick" value="False" />
								</template_reference>
							</list>
							<uniqueid name="id" value="1073750013" />
							<template_reference name="ui_help_text" value="tables\help_text_phrase">
								<int name="phrase_order" value="0" />
								<locstring name="phrase" value="0" />
							</template_reference>
							<template_reference name="behaviour_type" value="options\action\requirement_action\wait_until_requirements_pass_to_start">
							</template_reference>
						</template_reference>
					</list>
					<uniqueid name="id" value="1073750014" />
					<bool name="can_prevent_refund" value="True" />
				</template_reference>
			</list>
		</template_reference>
		<template_reference name="exts" value="ebpextensions\modifier_apply_ext">
			<list name="modifiers">
			</list>
		</template_reference>
		<template_reference name="exts" value="ebpextensions\upgrade_ext">
			<bool name="must_be_in_supply" value="False" />
			<float name="number_of_standard_slots" value="-1" />
			<list name="standard_upgrades">
			</list>
			<int name="max_queue_size_override" value="-1" />
		</template_reference>
		<template_reference name="exts" value="ebpextensions\requirement_ext">
			<list name="requirement_table">
			</list>
		</template_reference>
		<template_reference name="exts" value="ebpextensions\speech_ext">
			<string name="speaker_code" value="" />
			<group name="speech_parameters">
				<string name="class_code" value="power_core" />
				<string name="name_code" value="object" />
				<string name="unit_code" value="gen_power_core" />
			</group>
			<int name="importance" value="1" />
			<list name="speaker_code_overrides">
			</list>
		</template_reference>
		<template_reference name="exts" value="ebpextensions\marker_ext">
		</template_reference>
	</list>
	<uniqueid name="pbgid" value="92748" />
</instance>