<instance description="" template="upgrade">
	<group name="upgrade_bag">
		<bool name="enable_in_hold" value="True" />
		<float name="global_max_limit" value="0" />
		<bool name="has_speech_code" value="False" />
		<float name="local_max_limit" value="1" />
		<enum name="owner_type" value="player" />
		<group name="time_cost">
			<enum_table name="cost">
				<float name="action" value="0" />
				<float name="power" value="75" />
				<float name="requisition" value="75" />
				<float name="popcap" value="0" />
				<float name="command" value="0" />
				<float name="drop_pods" value="0" />
				<float name="feat" value="0" />
				<float name="gamma" value="0" />
			</enum_table>
			<float name="time_seconds" value="60" />
		</group>
		<bool name="ui_event_cue" value="False" />
		<enum name="ui_production_group" value="command_panel" />
		<int name="ui_position" value="23" />
		<group name="ui_info">
			<locstring name="extra_text" value="11129066" />
			<locstring name="help_text" value="11129074" />
			<string name="hotkey_name" value="" />
			<icon name="icon_name" value="Icons_eldar_upgrades_webway_reinforce" />
			<bool name="reveal_for_decryption" value="False" />
			<locstring name="screen_name" value="11129073" />
			<locstring name="brief_text" value="0" />
			<locstring name="screen_name_short" value="0" />
			<enum name="ui_style" value="default" />
			<bool name="nests" value="False" />
		</group>
		<bool name="validate_actions" value="False" />
		<list name="actions">
			<template_reference name="action" value="action\filter_action">
				<bool name="apply_to_future_units" value="True" />
				<bool name="apply_to_source_player_only" value="True" />
				<list name="action_table">
					<template_reference name="action" value="action\ui_selection_target_type_action">
						<uniqueid name="id" value="1073748823" />
						<bool name="permanent" value="True" />
						<enum name="selection_name" value="selection_structure_reinforce" />
					</template_reference>
				</list>
				<list name="target_requirements">
					<template_reference name="required" value="requirements\required_unit_type">
						<enum name="reason" value="usage" />
						<locstring name="ui_name" value="0" />
						<enum name="unit_type" value="dow3_eld_webway" />
						<template_reference name="qualify_option" value="options\none">
						</template_reference>
						<bool name="search_load_out" value="False" />
					</template_reference>
				</list>
				<bool name="target_squad" value="False" />
				<uniqueid name="id" value="1073748824" />
			</template_reference>
		</list>
		<list name="requirements">
			<template_reference name="required" value="requirements\required_player_upgrade">
				<enum name="reason" value="display" />
				<locstring name="ui_name" value="0" />
				<bool name="is_present" value="False" />
				<int name="max_completed" value="100" />
				<int name="min_completed" value="1" />
				<instance_reference name="upgrade_name" value="upgrade\races\eldar\structures\armory\eld_webway_reinforce" mod="a5fef7c6e07942ffb7483ef8065b8755" />
				<bool name="include_queued" value="True" />
			</template_reference>
		</list>
		<icon name="ui_kicker_icon_name" value="" />
		<locstring name="ui_squad_name_override" value="0" />
		<locstring name="ui_squad_help_text_override" value="0" />
		<locstring name="ui_squad_extra_text_override" value="0" />
		<list name="ui_preview">
			<group name="ui_preview">
				<locstring name="brief_text" value="0" />
				<icon name="icon_name" value="Icons_eldar_buildings_webway_gate" />
				<locstring name="screen_name" value="0" />
			</group>
		</list>
		<string name="speech_code" value="eldar_webwayreinforce" />
		<list name="on_cancel_actions">
		</list>
		<list name="on_begin_actions">
		</list>
		<icon name="ui_squad_portrait_icon_override" value="" />
	</group>
	<uniqueid name="pbgid" value="99425" />
</instance>