<instance description="" template="abilities">
	<group name="ability_bag">
		<group name="action_list">
			<list name="end_self_actions">
			</list>
			<list name="end_target_actions">
			</list>
			<list name="start_self_actions">
			</list>
			<list name="start_target_actions">
				<template_reference name="action" value="action\requirement_action">
					<bool name="check_self" value="True" />
					<bool name="validation_requires_requirements" value="False" />
					<bool name="validate_all_sub_actions" value="True" />
					<list name="requirement_table">
						<template_reference name="required" value="requirements\required_ledger">
							<locstring name="ui_name" value="0" />
							<enum name="reason" value="usage" />
							<string name="key" value="deathwatch_doctrine" />
							<float name="default_value" value="0" />
							<float name="compare_to_value" value="1" />
							<enum name="comparison" value="greater_than_or_equal_to" />
							<enum name="ledger_type" value="player_ledger" />
							<float name="ui_max_value" value="0" />
							<float name="ui_min_value" value="0" />
							<string name="read_key_from_ledger_key" value="" />
						</template_reference>
						<template_reference name="required" value="requirements\required_not">
							<enum name="reason" value="usage" />
							<locstring name="ui_name" value="0" />
							<list name="requirement_table">
								<template_reference name="required" value="requirements\required_squad">
									<enum name="reason" value="usage" />
									<locstring name="ui_name" value="0" />
									<float name="max_squad_cap" value="1" />
									<instance_reference name="squad_name" value="sbps\races\space_marines\elite_units\spa_deathwatch" />
								</template_reference>
							</list>
						</template_reference>
					</list>
					<list name="action_table">
						<template_reference name="action" value="action\spawn_squad">
							<bool name="check_popcap" value="False" />
							<bool name="spawn_at_ability_target" value="True" />
							<instance_reference name="squad_name" value="sbps\races\space_marines\elite_units\spa_librarian_jonah_orion" />
							<uniqueid name="id" value="1073742385" />
							<int name="num_squads_to_spawn" value="1" />
							<list name="subactions">
								<template_reference name="action" value="action\swap_executer_with_target_action">
									<uniqueid name="id" value="1073742386" />
									<list name="subactions">
										<template_reference name="action" value="action\change_target_action">
											<list name="actions">
												<template_reference name="action" value="action\change_target_action">
													<list name="actions">
														<template_reference name="action" value="action\spawn_entity">
															<float name="duration" value="0" />
															<instance_reference name="entity_blueprint" value="ebps\races\space_marines\gameplay\spa_drop_pod" />
															<bool name="permanent" value="False" />
															<bool name="player_owned" value="False" />
															<uniqueid name="id" value="1073742387" />
															<template_reference name="spawn_attached_option" value="options\none">
															</template_reference>
															<list name="spawned_entity_actions">
																<template_reference name="actions" value="action\issue_command_action">
																	<uniqueid name="id" value="1073742388" />
																	<bool name="check_fog_of_war" value="False" />
																	<template_reference name="issue_command_option" value="options\action\issue_command_action\instant_load_command">
																		<bool name="overload" value="False" />
																	</template_reference>
																</template_reference>
																<template_reference name="actions" value="action\swap_animator_action">
																	<uniqueid name="id" value="1073742389" />
																	<bool name="permanent" value="True" />
																	<string name="animator" value="armies\space_marines\vehicles\drop_pod\archetypes\droppod_small_range\droppod_small_range" />
																	<list name="additional_animator_blueprints">
																		<group name="animator_blueprint">
																			<list name="animator_overrides">
																			</list>
																			<file name="animator" value="armies\space_marines\vehicles\drop_pod\armour\drop_pod_deathwatch\drop_pod_deathwatch" />
																		</group>
																	</list>
																	<list name="animator_overrides">
																	</list>
																</template_reference>
																<template_reference name="actions" value="action\animator_set_state">
																	<bool name="apply_to_leader_only" value="False" />
																	<string name="do_action_state_name" value="deploy" />
																	<bool name="retrigger" value="False" />
																	<string name="state_machine_name" value="structure_state" />
																	<string name="undo_action_state_name" value="" />
																	<uniqueid name="id" value="1073742390" />
																</template_reference>
															</list>
															<group name="offset">
																<float name="x" value="0" />
																<float name="y" value="0" />
																<float name="z" value="0" />
															</group>
															<bool name="offset_in_target_coord_system" value="False" />
															<bool name="spawn_at_target_height" value="False" />
															<bool name="force_construction" value="True" />
															<list name="target_requirements">
															</list>
														</template_reference>
													</list>
													<enum name="change_target_type" value="position" />
													<uniqueid name="id" value="1073742391" />
													<bool name="validate_sub_actions" value="False" />
												</template_reference>
											</list>
											<enum name="change_target_type" value="self" />
											<uniqueid name="id" value="1073742392" />
											<bool name="validate_sub_actions" value="False" />
										</template_reference>
									</list>
								</template_reference>
							</list>
							<int name="load_out_limit" value="0" />
							<bool name="ignore_pathfinding" value="False" />
							<string name="read_sbp_from_ledger_key" value="" />
							<string name="animator_state" value="" />
							<bool name="ignore_formation_for_single_unit" value="False" />
							<string name="formation_override" value="" />
							<string name="read_ignore_entities_from_ledger_key" value="" />
							<enum name="ignore_entities_ledger_type" value="self_ledger" />
						</template_reference>
					</list>
					<uniqueid name="id" value="1073742393" />
					<template_reference name="ui_help_text" value="tables\help_text_phrase">
						<int name="phrase_order" value="0" />
						<locstring name="phrase" value="0" />
					</template_reference>
					<template_reference name="behaviour_type" value="options\action\requirement_action\check_only_when_this_starts">
					</template_reference>
				</template_reference>
				<template_reference name="action" value="action\requirement_action">
					<bool name="check_self" value="True" />
					<bool name="validation_requires_requirements" value="False" />
					<bool name="validate_all_sub_actions" value="True" />
					<list name="requirement_table">
						<template_reference name="required" value="requirements\required_any_in_list">
							<enum name="reason" value="usage" />
							<locstring name="ui_name" value="0" />
							<list name="requirements">
								<template_reference name="requirement" value="requirements\required_squad">
									<enum name="reason" value="usage" />
									<locstring name="ui_name" value="0" />
									<float name="max_squad_cap" value="1" />
									<instance_reference name="squad_name" value="sbps\races\space_marines\elite_units\spa_deathwatch" />
								</template_reference>
								<template_reference name="requirement" value="requirements\required_ledger">
									<locstring name="ui_name" value="0" />
									<enum name="reason" value="usage" />
									<string name="key" value="deathwatch_doctrine" />
									<float name="default_value" value="0" />
									<float name="compare_to_value" value="0" />
									<enum name="comparison" value="less_than_or_equal_to" />
									<enum name="ledger_type" value="player_ledger" />
									<float name="ui_max_value" value="0" />
									<float name="ui_min_value" value="0" />
									<string name="read_key_from_ledger_key" value="" />
								</template_reference>
							</list>
						</template_reference>
					</list>
					<list name="action_table">
						<template_reference name="action" value="action\spawn_entity">
							<float name="duration" value="0" />
							<instance_reference name="entity_blueprint" value="ebps\races\space_marines\gameplay\elite_units\spa_elite_spawn" />
							<bool name="permanent" value="False" />
							<bool name="player_owned" value="False" />
							<uniqueid name="id" value="1073742394" />
							<template_reference name="spawn_attached_option" value="options\none">
							</template_reference>
							<list name="spawned_entity_actions">
							</list>
							<group name="offset">
								<float name="x" value="0" />
								<float name="y" value="0" />
								<float name="z" value="0" />
							</group>
							<bool name="offset_in_target_coord_system" value="False" />
							<bool name="spawn_at_target_height" value="False" />
							<bool name="force_construction" value="True" />
							<list name="target_requirements">
							</list>
						</template_reference>
						<template_reference name="action" value="action\delay">
							<float name="delay" value="4.875" />
							<float name="delay_min" value="4.875" />
							<bool name="progress_bar" value="False" />
							<bool name="randomize" value="False" />
							<list name="delayed_actions">
								<template_reference name="action" value="action\target">
									<template_reference name="area_info" value="options\area_info_options\circle_area_option">
										<float name="outer_radius" value="4" />
										<float name="inner_radius" value="0" />
										<bool name="is_two_dimensional" value="True" />
										<enum name="dynamic_radius_type" value="fixed" />
									</template_reference>
									<bool name="die_with_creator" value="True" />
									<bool name="do_recalc_targets" value="False" />
									<float name="duration" value="0" />
									<bool name="entity_targets" value="True" />
									<instance_reference name="entity_types_to_choose" value="" />
									<bool name="stationary" value="True" />
									<enum name="unit_type" value="" />
									<list name="subactions">
										<template_reference name="action" value="action\knockback_action">
											<uniqueid name="id" value="1073742395" />
											<float name="distance" value="12" />
											<float name="height" value="2" />
											<list name="on_start_actions">
											</list>
											<list name="on_end_actions">
											</list>
											<float name="getup_time_seconds" value="1" />
											<enum name="mode" value="default" />
											<float name="time_to_slide_seconds" value="-1" />
											<float name="aggression" value="0.5" />
											<float name="time_in_air_seconds" value="1" />
											<template_reference name="area_scatter_option" value="options\none">
											</template_reference>
											<bool name="interpolate" value="False" />
											<enum name="ignore_passability_check_type" value="none" />
										</template_reference>
									</list>
									<uniqueid name="id" value="1073742396" />
									<bool name="any_subaction" value="False" />
									<bool name="finish_with_subactions" value="True" />
									<bool name="override_subactions_context" value="True" />
									<int name="max_target_count" value="0" />
									<bool name="ui_query" value="False" />
									<template_reference name="area_over_time_option" value="options\none">
									</template_reference>
									<bool name="apply_only_once_ever" value="False" />
									<list name="target_requirements">
										<template_reference name="required" value="requirements\required_ownership">
											<enum name="reason" value="usage" />
											<locstring name="ui_name" value="0" />
											<enum name="ownership_type" value="enemy" />
										</template_reference>
									</list>
									<bool name="reset_target_count_every_tick" value="False" />
								</template_reference>
								<template_reference name="action" value="action\spawn_squad">
									<bool name="check_popcap" value="False" />
									<bool name="spawn_at_ability_target" value="True" />
									<instance_reference name="squad_name" value="sbps\races\space_marines\elite_units\spa_librarian_jonah_orion" />
									<uniqueid name="id" value="1073742397" />
									<int name="num_squads_to_spawn" value="1" />
									<list name="subactions">
										<template_reference name="action" value="action\fire_and_forget_action">
											<uniqueid name="id" value="1073742398" />
											<list name="fire_and_forget_actions">
												<template_reference name="action" value="action\change_target_action">
													<list name="actions">
														<template_reference name="action" value="action\trigger_dca_action">
															<string name="dca_action_name" value="abilities\spacemarine\fx_ga_sm_elite_spawn_end" />
															<float name="duration" value="1" />
															<bool name="is_terrain_only" value="False" />
															<uniqueid name="id" value="1073742399" />
															<enum name="visibility_type" value="Global" />
														</template_reference>
														<template_reference name="action" value="action\animator_set_action">
															<string name="action_name" value="fx_act_sm_elite_spawn_lingering" />
															<bool name="allies_only" value="False" />
															<float name="duration" value="0" />
															<bool name="remove_on_parent_group_finish" value="True" />
															<bool name="is_terrain_only" value="False" />
															<uniqueid name="id" value="1073742400" />
														</template_reference>
													</list>
													<enum name="change_target_type" value="entities" />
													<uniqueid name="id" value="1073742401" />
													<bool name="validate_sub_actions" value="False" />
												</template_reference>
											</list>
											<bool name="fire_if_any_can" value="True" />
										</template_reference>
									</list>
									<int name="load_out_limit" value="0" />
									<bool name="ignore_pathfinding" value="False" />
									<string name="read_sbp_from_ledger_key" value="" />
									<string name="animator_state" value="" />
									<bool name="ignore_formation_for_single_unit" value="False" />
									<string name="formation_override" value="" />
									<string name="read_ignore_entities_from_ledger_key" value="" />
									<enum name="ignore_entities_ledger_type" value="self_ledger" />
								</template_reference>
							</list>
							<uniqueid name="id" value="1073742402" />
							<bool name="can_prevent_refund" value="True" />
						</template_reference>
					</list>
					<uniqueid name="id" value="1073742403" />
					<template_reference name="ui_help_text" value="tables\help_text_phrase">
						<int name="phrase_order" value="0" />
						<locstring name="phrase" value="0" />
					</template_reference>
					<template_reference name="behaviour_type" value="options\action\requirement_action\check_only_when_this_starts">
					</template_reference>
				</template_reference>
				<template_reference name="action" value="action\delay">
					<float name="delay" value="4.875" />
					<float name="delay_min" value="0" />
					<bool name="progress_bar" value="False" />
					<bool name="randomize" value="False" />
					<list name="delayed_actions">
						<template_reference name="action" value="action\fire_and_forget_action">
							<uniqueid name="id" value="1073742404" />
							<list name="fire_and_forget_actions">
								<template_reference name="action" value="action\delay">
									<float name="delay" value="0.75" />
									<float name="delay_min" value="0.75" />
									<bool name="progress_bar" value="False" />
									<bool name="randomize" value="False" />
									<list name="delayed_actions">
										<template_reference name="action" value="action\target">
											<template_reference name="area_info" value="options\area_info_options\circle_area_option">
												<float name="outer_radius" value="18" />
												<float name="inner_radius" value="0" />
												<bool name="is_two_dimensional" value="True" />
												<enum name="dynamic_radius_type" value="fixed" />
											</template_reference>
											<bool name="die_with_creator" value="True" />
											<bool name="do_recalc_targets" value="False" />
											<float name="duration" value="0" />
											<bool name="entity_targets" value="False" />
											<instance_reference name="entity_types_to_choose" value="" />
											<bool name="stationary" value="True" />
											<enum name="unit_type" value="" />
											<list name="subactions">
												<template_reference name="action" value="action\swap_executer_with_target_action">
													<uniqueid name="id" value="1073742405" />
													<list name="subactions">
														<template_reference name="action" value="action\speech_action">
															<uniqueid name="id" value="1073742406" />
															<list name="argument_overrides">
																<template_reference name="argument_override" value="speech_argument_override">
																	<enum name="argument_name" value="reaction_type" />
																	<string name="value" value="positive" />
																</template_reference>
															</list>
															<template_reference name="speech_event" value="speech_event_squad_name">
																<enum name="speech_event_squad" value="reaction" />
															</template_reference>
														</template_reference>
													</list>
												</template_reference>
											</list>
											<uniqueid name="id" value="1073742407" />
											<bool name="any_subaction" value="True" />
											<bool name="finish_with_subactions" value="True" />
											<bool name="override_subactions_context" value="True" />
											<int name="max_target_count" value="0" />
											<bool name="ui_query" value="False" />
											<template_reference name="area_over_time_option" value="options\none">
											</template_reference>
											<bool name="apply_only_once_ever" value="True" />
											<list name="target_requirements">
												<template_reference name="required" value="requirements\required_ownership">
													<enum name="reason" value="usage" />
													<locstring name="ui_name" value="0" />
													<enum name="ownership_type" value="self" />
												</template_reference>
											</list>
											<bool name="reset_target_count_every_tick" value="False" />
										</template_reference>
										<template_reference name="action" value="action\target">
											<template_reference name="area_info" value="options\area_info_options\circle_area_option">
												<float name="outer_radius" value="18" />
												<float name="inner_radius" value="0" />
												<bool name="is_two_dimensional" value="True" />
												<enum name="dynamic_radius_type" value="fixed" />
											</template_reference>
											<bool name="die_with_creator" value="True" />
											<bool name="do_recalc_targets" value="False" />
											<float name="duration" value="0" />
											<bool name="entity_targets" value="False" />
											<instance_reference name="entity_types_to_choose" value="" />
											<bool name="stationary" value="True" />
											<enum name="unit_type" value="" />
											<list name="subactions">
												<template_reference name="action" value="action\swap_executer_with_target_action">
													<uniqueid name="id" value="1073742408" />
													<list name="subactions">
														<template_reference name="action" value="action\speech_action">
															<uniqueid name="id" value="1073742409" />
															<list name="argument_overrides">
																<template_reference name="argument_override" value="speech_argument_override">
																	<enum name="argument_name" value="reaction_type" />
																	<string name="value" value="negative" />
																</template_reference>
															</list>
															<template_reference name="speech_event" value="speech_event_squad_name">
																<enum name="speech_event_squad" value="reaction" />
															</template_reference>
														</template_reference>
													</list>
												</template_reference>
											</list>
											<uniqueid name="id" value="1073742410" />
											<bool name="any_subaction" value="True" />
											<bool name="finish_with_subactions" value="True" />
											<bool name="override_subactions_context" value="True" />
											<int name="max_target_count" value="0" />
											<bool name="ui_query" value="False" />
											<template_reference name="area_over_time_option" value="options\none">
											</template_reference>
											<bool name="apply_only_once_ever" value="True" />
											<list name="target_requirements">
												<template_reference name="required" value="requirements\required_ownership">
													<enum name="reason" value="usage" />
													<locstring name="ui_name" value="0" />
													<enum name="ownership_type" value="enemy" />
												</template_reference>
											</list>
											<bool name="reset_target_count_every_tick" value="False" />
										</template_reference>
									</list>
									<uniqueid name="id" value="1073742411" />
									<bool name="can_prevent_refund" value="True" />
								</template_reference>
							</list>
							<bool name="fire_if_any_can" value="True" />
						</template_reference>
					</list>
					<uniqueid name="id" value="1073742412" />
					<bool name="can_prevent_refund" value="True" />
				</template_reference>
			</list>
			<list name="abort_target_actions">
			</list>
			<list name="abort_self_actions">
			</list>
			<bool name="wait_until_abort_and_end_actions_finish" value="False" />
		</group>
		<enum name="activation" value="targeted" />
		<bool name="can_target_in_fow" value="True" />
		<float name="caster_close_in_distance" value="2" />
		<bool name="casters_can_evacuate" value="False" />
		<enum_table name="cost_to_player">
			<float name="action" value="0" />
			<float name="popcap" value="0" />
			<float name="power" value="0" />
			<float name="requisition" value="0" />
			<float name="command" value="0" />
			<float name="drop_pods" value="0" />
			<float name="feat" value="0" />
			<float name="gamma" value="999" />
		</enum_table>
		<string name="cursor_ghost_blueprint" value="" />
		<float name="cursor_ghost_blueprint_angle" value="0" />
		<bool name="disable_combat" value="False" />
		<bool name="disable_when_active" value="True" />
		<bool name="enable_in_building" value="False" />
		<bool name="enable_in_vehicle" value="False" />
		<bool name="engage_combat" value="False" />
		<float name="entity_busy_time" value="0" />
		<float name="facing_angle" value="5" />
		<bool name="facing_ignore" value="False" />
		<float name="final_close_in_distance" value="0" />
		<bool name="fire_and_forget" value="False" />
		<bool name="garrison_target" value="False" />
		<bool name="initial_recharge" value="False" />
		<bool name="move_back" value="False" />
		<float name="move_back_distance" value="10" />
		<float name="range" value="0" />
		<bool name="range_ignore" value="True" />
		<float name="recharge_time" value="0" />
		<bool name="refundable" value="False" />
		<bool name="require_no_shot_block" value="False" />
		<enum name="shared_timer" value="" />
		<bool name="shared_timer_player_wide" value="True" />
		<enum name="squad_caster" value="one_entity" />
		<enum name="target" value="tp_position" />
		<float name="toggled_recharge_time_off" value="0" />
		<float name="toggled_recharge_time_on" value="0" />
		<group name="ui_cursor">
			<string name="cursor_bad" value="" />
			<string name="cursor_good" value="" />
			<string name="cursor_nonmodal_good" value="" />
		</group>
		<group name="ui_info">
			<locstring name="extra_text" value="0" />
			<locstring name="help_text" value="0" />
			<string name="hotkey_name" value="" />
			<icon name="icon_name" value="" />
			<string name="overlay_name" value="" />
			<bool name="reveal_for_decryption" value="False" />
			<locstring name="screen_name" value="0" />
			<icon name="icon_alternate_name" value="" />
			<locstring name="brief_text" value="0" />
			<locstring name="help_text_alternate" value="0" />
			<locstring name="screen_name_alternate" value="0" />
			<locstring name="screen_name_short" value="0" />
			<enum name="ui_style" value="default" />
			<list name="nested_ui_info_source">
			</list>
			<list name="effect_attributes">
			</list>
			<string name="info_video_url" value="" />
		</group>
		<locstring name="ui_usage_txt" value="0" />
		<bool name="validate_actions" value="False" />
		<list name="global_self_actions">
		</list>
		<list name="requirements">
			<template_reference name="required" value="requirements\required_player_upgrade">
				<enum name="reason" value="usage_and_display" />
				<locstring name="ui_name" value="0" />
				<bool name="is_present" value="True" />
				<int name="max_completed" value="100" />
				<int name="min_completed" value="1" />
				<instance_reference name="upgrade_name" value="upgrade\races\space_marines\elites\librarian_jonah_orion\spa_librarian_jonah_orion_enabled" />
				<bool name="include_queued" value="False" />
			</template_reference>
			<template_reference name="required" value="requirements\required_player_upgrade">
				<enum name="reason" value="usage_and_display" />
				<locstring name="ui_name" value="0" />
				<bool name="is_present" value="False" />
				<int name="max_completed" value="100" />
				<int name="min_completed" value="1" />
				<instance_reference name="upgrade_name" value="upgrade\races\space_marines\elites\elite_deploy\spa_librarian_jonah_orion_unlock" />
				<bool name="include_queued" value="False" />
			</template_reference>
			<template_reference name="required" value="requirements\required_squad" comment="Keeps the &quot;elite available&quot; speech from playing if the player starts with this elite in the campaign.">
				<enum name="reason" value="usage" />
				<locstring name="ui_name" value="0" />
				<float name="max_squad_cap" value="1" />
				<instance_reference name="squad_name" value="sbps\races\space_marines\elite_units\spa_librarian_jonah_orion" />
			</template_reference>
		</list>
		<enum name="ability_super" value="tp_none" />
		<int name="ui_position" value="-1" />
		<bool name="ui_mini_map_capture" value="False" />
		<bool name="facing_ignore_during_active" value="False" />
		<instance_reference name="ui_range" value="ui_reticule\elite_deployment" />
		<instance_reference name="ui_reticule" value="ui_reticule\elite_deployment_target" />
		<float name="ui_reticule_radius_min" value="4" />
		<float name="ui_reticule_radius_max" value="4" />
		<enum name="pending_ability_out_of_range_behaviour" value="chase" />
		<enum name="ui_ability_group" value="group_reinforcement" />
		<string name="ui_targetable_sm_key" value="" />
		<string name="ui_targetable_on_key" value="" />
		<string name="ui_targetable_off_key" value="" />
		<enum name="ui_targetable_receiver" value="local" />
		<enum name="ui_combine_type" value="intersection" />
		<enum_table name="ui_modal_highlight">
			<bool name="world_sector" value="False" />
			<bool name="map_sector" value="False" />
			<bool name="map_sector_hq_link_extender" value="False" />
		</enum_table>
		<enum name="ui_group_cast_type" value="multi" />
		<list name="requirements_target">
			<template_reference name="required" value="requirements\required_all_in_list">
				<enum name="reason" value="usage" />
				<locstring name="ui_name" value="11115140" />
				<list name="requirements">
					<template_reference name="requirement" value="requirements\required_pass_type">
						<instance_reference name="pass_type" value="pass_types\infantry" />
						<locstring name="ui_name" value="11115140" />
						<enum name="reason" value="usage" />
						<int name="size" value="1" />
					</template_reference>
					<template_reference name="requirement" value="requirements\required_interactive_stage">
						<locstring name="ui_name" value="11115140" />
						<enum name="reason" value="usage" />
					</template_reference>
				</list>
			</template_reference>
		</list>
		<template_reference name="targeted_ability_option" value="options\none">
		</template_reference>
		<enum name="ui_direction_requirement" value="nondirectional" />
		<instance_reference name="cursor_ghost_ebp" value="" />
		<bool name="can_cast_whilst_constructing" value="False" />
		<list name="requirements_self_recharge">
		</list>
		<bool name="can_cast_outside_active_battle_field" value="False" />
		<enum_table name="cost_to_squad">
			<float name="action" value="0" />
			<float name="popcap" value="0" />
			<float name="power" value="0" />
			<float name="requisition" value="0" />
			<float name="command" value="0" />
			<float name="drop_pods" value="0" />
			<float name="feat" value="0" />
			<float name="gamma" value="0" />
		</enum_table>
		<bool name="ability_super_event_cue" value="False" />
		<enum name="ui_progress_bar_type" value="auto_bar" />
		<group name="ability_tier">
			<list name="tiers">
			</list>
			<bool name="exclusive_tier_action" value="False" />
			<list name="passive_action_list">
			</list>
		</group>
		<enum name="ui_ability_issue_type" value="Normal" />
		<string name="speech_code" value="elite_unlock" />
		<template_reference name="channeling" value="options\abilities\channeling_option">
			<float name="channeling_time_second" value="5" />
			<list name="channeling_stop_self_requirement">
			</list>
			<list name="channeling_stop_target_requirement">
			</list>
			<bool name="can_be_cancelled" value="False" />
		</template_reference>
		<bool name="can_be_interrupted" value="True" />
		<template_reference name="casting_option" value="options\none">
		</template_reference>
		<template_reference name="proxy_range_option" value="options\abilities\proxy_cast_option">
			<list name="proxy_requirements">
				<template_reference name="required" value="requirements\required_any_in_list">
					<enum name="reason" value="usage" />
					<locstring name="ui_name" value="11106103" />
					<list name="requirements">
						<template_reference name="requirement" value="requirements\required_all_in_list">
							<enum name="reason" value="" />
							<locstring name="ui_name" value="0" />
							<list name="requirements">
								<template_reference name="requirement" value="requirements\required_unit_type">
									<enum name="reason" value="usage" />
									<locstring name="ui_name" value="0" />
									<enum name="unit_type" value="dow3_listening_post" />
									<template_reference name="qualify_option" value="options\none">
									</template_reference>
									<bool name="search_load_out" value="False" />
								</template_reference>
								<template_reference name="requirement" value="requirements\required_constructionstate">
									<enum name="reason" value="usage" />
									<locstring name="ui_name" value="0" />
									<bool name="do_construction_completion_check" value="True" />
								</template_reference>
								<template_reference name="requirement" value="requirements\required_ownership">
									<enum name="reason" value="usage" />
									<locstring name="ui_name" value="0" />
									<enum name="ownership_type" value="ally" />
								</template_reference>
								<template_reference name="requirement" value="requirements\required_ledger">
									<locstring name="ui_name" value="0" />
									<enum name="reason" value="usage" />
									<string name="key" value="disable_proxy_casting" />
									<float name="default_value" value="0" />
									<float name="compare_to_value" value="0" />
									<enum name="comparison" value="equal_to" />
									<enum name="ledger_type" value="player_ledger" />
									<float name="ui_max_value" value="0" />
									<float name="ui_min_value" value="0" />
									<string name="read_key_from_ledger_key" value="" />
								</template_reference>
							</list>
						</template_reference>
						<template_reference name="requirement" value="requirements\required_all_in_list">
							<enum name="reason" value="" />
							<locstring name="ui_name" value="0" />
							<list name="requirements">
								<template_reference name="requirement" value="requirements\required_unit_type">
									<enum name="reason" value="usage" />
									<locstring name="ui_name" value="0" />
									<enum name="unit_type" value="hq" />
									<template_reference name="qualify_option" value="options\none">
									</template_reference>
									<bool name="search_load_out" value="False" />
								</template_reference>
								<template_reference name="requirement" value="requirements\required_ownership">
									<enum name="reason" value="usage" />
									<locstring name="ui_name" value="0" />
									<enum name="ownership_type" value="ally" />
								</template_reference>
								<template_reference name="requirement" value="requirements\required_constructionstate">
									<enum name="reason" value="usage" />
									<locstring name="ui_name" value="0" />
									<bool name="do_construction_completion_check" value="True" />
								</template_reference>
								<template_reference name="requirement" value="requirements\required_ledger">
									<locstring name="ui_name" value="0" />
									<enum name="reason" value="usage" />
									<string name="key" value="disable_proxy_casting" />
									<float name="default_value" value="0" />
									<float name="compare_to_value" value="0" />
									<enum name="comparison" value="equal_to" />
									<enum name="ledger_type" value="player_ledger" />
									<float name="ui_max_value" value="0" />
									<float name="ui_min_value" value="0" />
									<string name="read_key_from_ledger_key" value="" />
								</template_reference>
							</list>
						</template_reference>
						<template_reference name="requirement" value="requirements\required_all_in_list">
							<enum name="reason" value="" />
							<locstring name="ui_name" value="0" />
							<list name="requirements">
								<template_reference name="requirement" value="requirements\required_unit_type">
									<enum name="reason" value="usage" />
									<locstring name="ui_name" value="0" />
									<enum name="unit_type" value="power_core" />
									<template_reference name="qualify_option" value="options\none">
									</template_reference>
									<bool name="search_load_out" value="False" />
								</template_reference>
								<template_reference name="requirement" value="requirements\required_ownership">
									<enum name="reason" value="usage" />
									<locstring name="ui_name" value="0" />
									<enum name="ownership_type" value="ally" />
								</template_reference>
								<template_reference name="requirement" value="requirements\required_constructionstate">
									<enum name="reason" value="usage" />
									<locstring name="ui_name" value="0" />
									<bool name="do_construction_completion_check" value="True" />
								</template_reference>
								<template_reference name="requirement" value="requirements\required_ledger">
									<locstring name="ui_name" value="0" />
									<enum name="reason" value="usage" />
									<string name="key" value="disable_proxy_casting" />
									<float name="default_value" value="0" />
									<float name="compare_to_value" value="0" />
									<enum name="comparison" value="equal_to" />
									<enum name="ledger_type" value="player_ledger" />
									<float name="ui_max_value" value="0" />
									<float name="ui_min_value" value="0" />
									<string name="read_key_from_ledger_key" value="" />
								</template_reference>
							</list>
						</template_reference>
						<template_reference name="requirement" value="requirements\required_all_in_list">
							<enum name="reason" value="" />
							<locstring name="ui_name" value="0" />
							<list name="requirements">
								<template_reference name="requirement" value="requirements\required_unit_type">
									<enum name="reason" value="usage" />
									<locstring name="ui_name" value="0" />
									<enum name="unit_type" value="dow3_disable_proxy_cast" />
									<template_reference name="qualify_option" value="options\none">
									</template_reference>
									<bool name="search_load_out" value="False" />
								</template_reference>
								<template_reference name="requirement" value="requirements\required_ownership">
									<enum name="reason" value="usage" />
									<locstring name="ui_name" value="0" />
									<enum name="ownership_type" value="ally" />
								</template_reference>
								<template_reference name="requirement" value="requirements\required_constructionstate">
									<enum name="reason" value="usage" />
									<locstring name="ui_name" value="0" />
									<bool name="do_construction_completion_check" value="True" />
								</template_reference>
							</list>
						</template_reference>
						<template_reference name="requirement" value="requirements\required_all_in_list">
							<enum name="reason" value="" />
							<locstring name="ui_name" value="0" />
							<list name="requirements">
								<template_reference name="requirement" value="requirements\required_unit_type">
									<enum name="reason" value="usage" />
									<locstring name="ui_name" value="0" />
									<enum name="unit_type" value="dow3_disruptor" />
									<template_reference name="qualify_option" value="options\none">
									</template_reference>
									<bool name="search_load_out" value="False" />
								</template_reference>
								<template_reference name="requirement" value="requirements\required_ownership">
									<enum name="reason" value="usage" />
									<locstring name="ui_name" value="0" />
									<enum name="ownership_type" value="ally" />
								</template_reference>
								<template_reference name="requirement" value="requirements\required_ledger">
									<locstring name="ui_name" value="0" />
									<enum name="reason" value="usage" />
									<string name="key" value="disable_proxy_casting" />
									<float name="default_value" value="0" />
									<float name="compare_to_value" value="0" />
									<enum name="comparison" value="equal_to" />
									<enum name="ledger_type" value="player_ledger" />
									<float name="ui_max_value" value="0" />
									<float name="ui_min_value" value="0" />
									<string name="read_key_from_ledger_key" value="" />
								</template_reference>
							</list>
						</template_reference>
						<template_reference name="requirement" value="requirements\required_all_in_list">
							<enum name="reason" value="" />
							<locstring name="ui_name" value="0" />
							<list name="requirements">
								<template_reference name="requirement" value="requirements\required_unit_type">
									<enum name="reason" value="usage" />
									<locstring name="ui_name" value="0" />
									<enum name="unit_type" value="dow3_base_turret" />
									<template_reference name="qualify_option" value="options\none">
									</template_reference>
									<bool name="search_load_out" value="False" />
								</template_reference>
								<template_reference name="requirement" value="requirements\required_ownership">
									<enum name="reason" value="usage" />
									<locstring name="ui_name" value="0" />
									<enum name="ownership_type" value="ally" />
								</template_reference>
								<template_reference name="requirement" value="requirements\required_ledger">
									<locstring name="ui_name" value="0" />
									<enum name="reason" value="usage" />
									<string name="key" value="disable_proxy_casting" />
									<float name="default_value" value="0" />
									<float name="compare_to_value" value="0" />
									<enum name="comparison" value="equal_to" />
									<enum name="ledger_type" value="player_ledger" />
									<float name="ui_max_value" value="0" />
									<float name="ui_min_value" value="0" />
									<string name="read_key_from_ledger_key" value="" />
								</template_reference>
							</list>
						</template_reference>
						<template_reference name="requirement" value="requirements\required_all_in_list">
							<enum name="reason" value="" />
							<locstring name="ui_name" value="0" />
							<list name="requirements">
								<template_reference name="requirement" value="requirements\required_unit_type">
									<enum name="reason" value="usage" />
									<locstring name="ui_name" value="0" />
									<enum name="unit_type" value="dow3_deathwatch" />
									<template_reference name="qualify_option" value="options\none">
									</template_reference>
									<bool name="search_load_out" value="False" />
								</template_reference>
								<template_reference name="requirement" value="requirements\required_ownership">
									<enum name="reason" value="usage" />
									<locstring name="ui_name" value="0" />
									<enum name="ownership_type" value="self" />
								</template_reference>
								<template_reference name="requirement" value="requirements\required_ledger">
									<locstring name="ui_name" value="0" />
									<enum name="reason" value="usage" />
									<string name="key" value="disable_proxy_casting" />
									<float name="default_value" value="0" />
									<float name="compare_to_value" value="0" />
									<enum name="comparison" value="equal_to" />
									<enum name="ledger_type" value="player_ledger" />
									<float name="ui_max_value" value="0" />
									<float name="ui_min_value" value="0" />
									<string name="read_key_from_ledger_key" value="" />
								</template_reference>
								<template_reference name="requirement" value="requirements\required_slot_item">
									<enum name="reason" value="usage" />
									<locstring name="ui_name" value="0" />
									<bool name="check_item_on_entity" value="True" />
									<bool name="display_requirement" value="True" />
									<float name="max_owned" value="10" />
									<float name="min_owned" value="1" />
									<instance_reference name="slot_item" value="slot_item\races\space_marines\elite_units\deathwatch\spa_proxy_cast_deathwatch" />
								</template_reference>
								<template_reference name="requirement" value="requirements\required_ledger">
									<locstring name="ui_name" value="0" />
									<enum name="reason" value="usage" />
									<string name="key" value="deathwatch_doctrine" />
									<float name="default_value" value="0" />
									<float name="compare_to_value" value="1" />
									<enum name="comparison" value="greater_than_or_equal_to" />
									<enum name="ledger_type" value="player_ledger" />
									<float name="ui_max_value" value="0" />
									<float name="ui_min_value" value="0" />
									<string name="read_key_from_ledger_key" value="" />
								</template_reference>
							</list>
						</template_reference>
					</list>
				</template_reference>
			</list>
		</template_reference>
		<instance_reference name="ability_category" value="ability_category\spa_deathwatch_global_deploy_other_elites" />
		<bool name="always_refund_cost_if_failed" value="False" />
		<instance_reference name="ui_menu" value="" />
		<int name="ui_combine_priority" value="0" />
		<bool name="ui_ignore_hide_spatial_abilities_option" value="False" />
	</group>
	<uniqueid name="pbgid" value="101357" />
</instance>