<instance description="Entities used by the unit entry system" template="precache_common">
	<uniqueid name="pbgid" value="107654" />
	<group name="precache_common_bag">
		<list name="ebps">
			<instance_reference name="ebp" value="ebps\races\space_marines\gameplay\spa_thunderhawk_unit_entry" />
			<instance_reference name="ebp" value="ebps\races\space_marines\gameplay\spa_thunderhawk_delivery" />
			<instance_reference name="ebp" value="ebps\races\orks\gameplay\ork_rokk_small" />
			<instance_reference name="ebp" value="ebps\races\orks\gameplay\ork_rokk_large" />
			<instance_reference name="ebp" value="ebps\races\eldar\structures\eld_webway_gate" mod="a5fef7c6e07942ffb7483ef8065b8755" />
			<instance_reference name="ebp" value="ebps\races\space_marines\gameplay\spa_drop_pod" />
			<instance_reference name="ebp" value="ebps\races\chaos_campaign\line_units\daemon_spawn_portal" />
		</list>
		<list name="sbps">
		</list>
	</group>
</instance>