<instance description="This is an important upgrade that dictates the pace at which resources are earned and other factors." template="upgrade">
	<group name="upgrade_bag" comment="This upgrade is granted on the start actions for each faction.  It determines the initial starting resources and grants bonuses based on the game time.  Each unit is also granting resources to their owner when they die BASED on the escalation phase.&#xD;&#xA;&#xD;&#xA;1) Set the base player income rates, this is the amount the player earns regardless of add-ons&#xD;&#xA;&#xD;&#xA;2) Increments the enemy power core health based on the # of players&#xD;&#xA;-- NOTE: For this system we might want a solution that modifies the health of ALL objectives based on the number of players.&#xD;&#xA;&#xD;&#xA;3) Every 10 minutes, increments the players escalation_phase ledger by 1.  Resources and health upgrades are unlocked based on this.&#xD;&#xA;&#xD;&#xA;4) Every 10 seconds increments game time by 10.  This is done to track progress on the escalation passive icons. &#xD;&#xA;--NOTE: Its every 10 seconds because it’s such a large time that 1 second barely moves the bar so it’s not worth calling that often.&#xD;&#xA;&#xD;&#xA;5) Requirement for Escalation Phase 1.  A number of filter actions that:&#xD;&#xA;&#xD;&#xA;  A) Increases the health and damage of power core objectives&#xD;&#xA;  B) Increases health and health regeneration of listening posts&#xD;&#xA;  C) Increases health and health regeneration of add-ons&#xD;&#xA;&#xD;&#xA;6) Same as above but for Escalation Phase 2&#xD;&#xA;&#xD;&#xA;7) Same as above but for Escalation Phase 3&#xD;&#xA;&#xD;&#xA;** NOTE Resource esclation is done on the game_resource_point&#xD;&#xA;&#xD;&#xA;">
		<bool name="enable_in_hold" value="False" />
		<float name="global_max_limit" value="0" />
		<bool name="has_speech_code" value="False" />
		<float name="local_max_limit" value="0" />
		<enum name="owner_type" value="player" />
		<group name="time_cost">
			<enum_table name="cost">
				<float name="action" value="0" />
				<float name="power" value="0" />
				<float name="requisition" value="0" />
				<float name="popcap" value="0" />
				<float name="command" value="0" />
				<float name="drop_pods" value="0" />
				<float name="feat" value="0" />
				<float name="gamma" value="0" />
			</enum_table>
			<float name="time_seconds" value="0" />
		</group>
		<bool name="ui_event_cue" value="False" />
		<enum name="ui_production_group" value="command_panel" />
		<int name="ui_position" value="0" />
		<group name="ui_info">
			<locstring name="extra_text" value="0" />
			<locstring name="help_text" value="0" />
			<string name="hotkey_name" value="" />
			<icon name="icon_name" value="" />
			<bool name="reveal_for_decryption" value="False" />
			<locstring name="screen_name" value="0" />
			<locstring name="brief_text" value="0" />
			<locstring name="screen_name_short" value="0" />
			<enum name="ui_style" value="default" />
			<bool name="nests" value="False" />
		</group>
		<bool name="validate_actions" value="False" />
		<list name="actions">
			<template_reference name="action" value="action\requirement_action" comment="1) Set the base player income rates, this is the amount the player earns regardless of add-ons&#xD;&#xA;&#xD;&#xA;-- NOTE this is wrapped in a requirement so that campaign scripts can disable it for specific missions.">
				<bool name="check_self" value="False" />
				<bool name="validation_requires_requirements" value="False" />
				<bool name="validate_all_sub_actions" value="False" />
				<list name="requirement_table">
					<template_reference name="required" value="requirements\required_ledger">
						<locstring name="ui_name" value="0" />
						<enum name="reason" value="usage" />
						<string name="key" value="disable_player_resources" />
						<float name="default_value" value="0" />
						<float name="compare_to_value" value="0" />
						<enum name="comparison" value="equal_to" />
						<enum name="ledger_type" value="player_ledger" />
						<float name="ui_max_value" value="0" />
						<float name="ui_min_value" value="0" />
						<string name="read_key_from_ledger_key" value="" />
					</template_reference>
				</list>
				<list name="action_table">
					<template_reference name="action" value="action\apply_modifiers_action" comment="1) Set the base player income rates, this is the amount the player earns regardless of add-ons">
						<float name="duration" value="0" />
						<bool name="permanent" value="False" />
						<list name="modifiers">
							<template_reference name="modifier" value="modifiers\player_modifier">
								<enum name="application_type" value="apply_to_player" />
								<bool name="exclusive" value="False" />
								<string name="modifier_id" value="" />
								<enum name="usage_type" value="addition" />
								<float name="value" value="0.5" />
								<instance_reference name="tooltip" value="" />
								<enum name="type" value="player_income_requisition_modifier" />
								<instance_reference name="target_type_name" value="" />
							</template_reference>
							<template_reference name="modifier" value="modifiers\player_modifier">
								<enum name="application_type" value="apply_to_player" />
								<bool name="exclusive" value="False" />
								<string name="modifier_id" value="" />
								<enum name="usage_type" value="addition" />
								<float name="value" value="0.025" />
								<instance_reference name="tooltip" value="" />
								<enum name="type" value="player_income_power_modifier" />
								<instance_reference name="target_type_name" value="" />
							</template_reference>
						</list>
						<uniqueid name="id" value="1073742898" />
					</template_reference>
				</list>
				<uniqueid name="id" value="1073742899" />
				<template_reference name="ui_help_text" value="tables\help_text_phrase">
					<int name="phrase_order" value="0" />
					<locstring name="phrase" value="0" />
				</template_reference>
				<template_reference name="behaviour_type" value="options\action\requirement_action\wait_until_requirements_pass_to_start_wait_again_when_requirements_fail">
				</template_reference>
			</template_reference>
			<template_reference name="action" value="action\filter_action" comment="2) Increments the enemy power core health based on the # of players&#xD;&#xA;-- NOTE: For this system we might want a solution that modifies the health of ALL objectives based on the number of players.">
				<bool name="apply_to_future_units" value="True" />
				<bool name="apply_to_source_player_only" value="False" />
				<list name="action_table">
					<template_reference name="action" value="action\apply_modifiers_action">
						<float name="duration" value="0" />
						<bool name="permanent" value="True" />
						<list name="modifiers">
							<template_reference name="modifier" value="modifiers\entity_modifier">
								<enum name="application_type" value="apply_to_entity" />
								<bool name="exclusive" value="False" />
								<string name="modifier_id" value="" />
								<enum name="usage_type" value="multiply_add" />
								<float name="value" value="0.4" />
								<instance_reference name="tooltip" value="" />
								<enum name="type" value="health_maximum_modifier" />
								<instance_reference name="target_type_name" value="" />
							</template_reference>
						</list>
						<uniqueid name="id" value="1073742902" />
					</template_reference>
				</list>
				<list name="target_requirements">
					<template_reference name="required" value="requirements\required_ownership">
						<enum name="reason" value="usage" />
						<locstring name="ui_name" value="0" />
						<enum name="ownership_type" value="enemy" />
					</template_reference>
					<template_reference name="required" value="requirements\required_unit_type">
						<enum name="reason" value="usage" />
						<locstring name="ui_name" value="0" />
						<enum name="unit_type" value="power_core" />
						<template_reference name="qualify_option" value="options\none">
						</template_reference>
						<bool name="search_load_out" value="False" />
					</template_reference>
				</list>
				<bool name="target_squad" value="False" />
				<uniqueid name="id" value="1073742903" />
			</template_reference>
			<template_reference name="action" value="action\filter_action" comment="2) Increments the enemy shield generator and turret health based on the # of players&#xD;&#xA;">
				<bool name="apply_to_future_units" value="True" />
				<bool name="apply_to_source_player_only" value="False" />
				<list name="action_table">
					<template_reference name="action" value="action\apply_modifiers_action">
						<float name="duration" value="0" />
						<bool name="permanent" value="True" />
						<list name="modifiers">
							<template_reference name="modifier" value="modifiers\entity_modifier">
								<enum name="application_type" value="apply_to_entity" />
								<bool name="exclusive" value="False" />
								<string name="modifier_id" value="" />
								<enum name="usage_type" value="multiply_add" />
								<float name="value" value="0.4" />
								<instance_reference name="tooltip" value="" />
								<enum name="type" value="health_maximum_modifier" />
								<instance_reference name="target_type_name" value="" />
							</template_reference>
							<template_reference name="modifier" value="modifiers\weapon_modifier">
								<enum name="type" value="damage_weapon_modifier" />
								<enum name="application_type" value="apply_to_weapon" />
								<enum name="usage_type" value="addition" />
								<float name="value" value="12.5" />
								<instance_reference name="tooltip" value="" />
								<bool name="exclusive" value="False" />
								<string name="modifier_id" value="" />
								<string name="target_type_name" value="hardpoint_01" />
							</template_reference>
							<template_reference name="modifier" value="modifiers\weapon_modifier">
								<enum name="type" value="damage_weapon_modifier" />
								<enum name="application_type" value="apply_to_weapon" />
								<enum name="usage_type" value="addition" />
								<float name="value" value="6.25" />
								<instance_reference name="tooltip" value="" />
								<bool name="exclusive" value="False" />
								<string name="modifier_id" value="" />
								<string name="target_type_name" value="hardpoint_02" />
							</template_reference>
							<template_reference name="modifier" value="modifiers\weapon_modifier">
								<enum name="type" value="damage_weapon_modifier" />
								<enum name="application_type" value="apply_to_weapon" />
								<enum name="usage_type" value="addition" />
								<float name="value" value="12.5" />
								<instance_reference name="tooltip" value="" />
								<bool name="exclusive" value="False" />
								<string name="modifier_id" value="" />
								<string name="target_type_name" value="hardpoint_03" />
							</template_reference>
						</list>
						<uniqueid name="id" value="1073742904" />
					</template_reference>
				</list>
				<list name="target_requirements">
					<template_reference name="required" value="requirements\required_ownership">
						<enum name="reason" value="usage" />
						<locstring name="ui_name" value="0" />
						<enum name="ownership_type" value="enemy" />
					</template_reference>
					<template_reference name="required" value="requirements\required_unit_type">
						<enum name="reason" value="usage" />
						<locstring name="ui_name" value="0" />
						<enum name="unit_type" value="dow3_power_core_objective_object" />
						<template_reference name="qualify_option" value="options\none">
						</template_reference>
						<bool name="search_load_out" value="False" />
					</template_reference>
				</list>
				<bool name="target_squad" value="False" />
				<uniqueid name="id" value="1073742905" />
			</template_reference>
			<template_reference name="action" value="action\filter_action" comment="2) Increments the enemy shield generator shield health based on the # of players&#xD;&#xA;">
				<bool name="apply_to_future_units" value="True" />
				<bool name="apply_to_source_player_only" value="False" />
				<list name="action_table">
					<template_reference name="action" value="action\apply_modifiers_action">
						<float name="duration" value="0" />
						<bool name="permanent" value="True" />
						<list name="modifiers">
							<template_reference name="modifier" value="modifiers\entity_modifier">
								<enum name="application_type" value="apply_to_entity" />
								<bool name="exclusive" value="False" />
								<string name="modifier_id" value="" />
								<enum name="usage_type" value="multiply_add" />
								<float name="value" value="0.4" />
								<instance_reference name="tooltip" value="" />
								<enum name="type" value="health_maximum_modifier" />
								<instance_reference name="target_type_name" value="" />
							</template_reference>
						</list>
						<uniqueid name="id" value="1073742906" />
					</template_reference>
				</list>
				<list name="target_requirements">
					<template_reference name="required" value="requirements\required_ownership">
						<enum name="reason" value="usage" />
						<locstring name="ui_name" value="0" />
						<enum name="ownership_type" value="enemy" />
					</template_reference>
					<template_reference name="required" value="requirements\required_unit_type">
						<enum name="reason" value="usage" />
						<locstring name="ui_name" value="0" />
						<enum name="unit_type" value="dow3_shield_generator_shield" />
						<template_reference name="qualify_option" value="options\none">
						</template_reference>
						<bool name="search_load_out" value="False" />
					</template_reference>
				</list>
				<bool name="target_squad" value="False" />
				<uniqueid name="id" value="1073742907" />
			</template_reference>
			<template_reference name="action" value="action\interval_action" comment="3) Every 10 minutes, increments the players escalation_phase ledger by 1.  Resources and health upgrades are unlocked based on this.">
				<float name="interval_second" value="600" />
				<uniqueid name="id" value="1073742908" />
				<list name="interval_subactions">
					<group name="interval_subaction_group">
						<float name="trigger_time_second" value="600" />
						<list name="actions">
							<template_reference name="action" value="action\requirement_action">
								<bool name="check_self" value="False" />
								<bool name="validation_requires_requirements" value="True" />
								<bool name="validate_all_sub_actions" value="False" />
								<list name="requirement_table">
									<template_reference name="required" value="requirements\required_ledger">
										<locstring name="ui_name" value="0" />
										<enum name="reason" value="usage" />
										<string name="key" value="escalation_phase" />
										<float name="default_value" value="0" />
										<float name="compare_to_value" value="4" />
										<enum name="comparison" value="less_than" />
										<enum name="ledger_type" value="player_ledger" />
										<float name="ui_max_value" value="0" />
										<float name="ui_min_value" value="0" />
										<string name="read_key_from_ledger_key" value="" />
									</template_reference>
								</list>
								<list name="action_table">
									<template_reference name="action" value="action\ledger_write_action">
										<uniqueid name="id" value="1073742909" />
										<string name="key" value="escalation_phase" />
										<enum name="operator" value="add" />
										<float name="operand" value="1" />
										<bool name="persistent" value="False" />
										<string name="read_key_from_ledger_key" value="" />
									</template_reference>
								</list>
								<uniqueid name="id" value="1073742910" />
								<template_reference name="ui_help_text" value="tables\help_text_phrase">
									<int name="phrase_order" value="0" />
									<locstring name="phrase" value="0" />
								</template_reference>
								<template_reference name="behaviour_type" value="options\action\requirement_action\check_once_to_start_stop_when_requirements_fail">
								</template_reference>
							</template_reference>
						</list>
					</group>
				</list>
				<bool name="progress_bar" value="False" />
			</template_reference>
			<template_reference name="action" value="action\interval_action" comment="4) Every 10 seconds increments game time by 10.  This is done to track progress on the escalation passive icons. &#xD;&#xA;--NOTE: Its every 10 seconds because it’s such a large time that 1 second barely moves the bar so it’s not worth calling that often.">
				<float name="interval_second" value="10" />
				<uniqueid name="id" value="1073742911" />
				<list name="interval_subactions">
					<group name="interval_subaction_group">
						<float name="trigger_time_second" value="10" />
						<list name="actions">
							<template_reference name="action" value="action\ledger_write_action">
								<uniqueid name="id" value="1073742912" />
								<string name="key" value="game_time" />
								<enum name="operator" value="add" />
								<float name="operand" value="10" />
								<bool name="persistent" value="False" />
								<string name="read_key_from_ledger_key" value="" />
							</template_reference>
						</list>
					</group>
				</list>
				<bool name="progress_bar" value="False" />
			</template_reference>
			<template_reference name="action" value="action\requirement_action" comment="5) Requirement for Escalation Phase 1.  A number of filter actions that:&#xD;&#xA;  &#xD;&#xA;  A) Increases the damage of power core objectives&#xD;&#xA;  B) Increases health and health regeneration of listening posts&#xD;&#xA;  C) Increases health and health regeneration of add-ons&#xD;&#xA;&#xD;&#xA;-- NOTE: Using exclusive modifiers so that it won't stack based on number of players, may want to re-consider this if needed for balance reasons.">
				<bool name="check_self" value="False" />
				<bool name="validation_requires_requirements" value="False" />
				<bool name="validate_all_sub_actions" value="False" />
				<list name="requirement_table">
					<template_reference name="required" value="requirements\required_ledger">
						<locstring name="ui_name" value="0" />
						<enum name="reason" value="usage" />
						<string name="key" value="escalation_phase" />
						<float name="default_value" value="0" />
						<float name="compare_to_value" value="1" />
						<enum name="comparison" value="greater_than_or_equal_to" />
						<enum name="ledger_type" value="player_ledger" />
						<float name="ui_max_value" value="0" />
						<float name="ui_min_value" value="0" />
						<string name="read_key_from_ledger_key" value="" />
					</template_reference>
				</list>
				<list name="action_table">
					<template_reference name="action" value="action\filter_action" comment="escalation phase 1: objective weapon modifier ">
						<bool name="apply_to_future_units" value="True" />
						<bool name="apply_to_source_player_only" value="False" />
						<list name="action_table">
							<template_reference name="action" value="action\apply_modifiers_action">
								<float name="duration" value="0" />
								<bool name="permanent" value="True" />
								<list name="modifiers">
									<template_reference name="modifier" value="modifiers\weapon_modifier">
										<enum name="application_type" value="apply_to_weapon" />
										<bool name="exclusive" value="True" />
										<string name="modifier_id" value="escalation_phase_1" />
										<string name="target_type_name" value="hardpoint_02" />
										<enum name="usage_type" value="addition" />
										<float name="value" value="25" />
										<instance_reference name="tooltip" value="" />
										<enum name="type" value="damage_weapon_modifier" />
									</template_reference>
								</list>
								<uniqueid name="id" value="1073742913" />
							</template_reference>
						</list>
						<list name="target_requirements">
							<template_reference name="required" value="requirements\required_ownership">
								<enum name="reason" value="usage" />
								<locstring name="ui_name" value="0" />
								<enum name="ownership_type" value="ally" />
							</template_reference>
							<template_reference name="required" value="requirements\required_unit_type">
								<enum name="reason" value="usage" />
								<locstring name="ui_name" value="0" />
								<enum name="unit_type" value="dow3_power_core_objective_object" />
								<template_reference name="qualify_option" value="options\none">
								</template_reference>
								<bool name="search_load_out" value="False" />
							</template_reference>
						</list>
						<bool name="target_squad" value="False" />
						<uniqueid name="id" value="1073742914" />
					</template_reference>
					<template_reference name="action" value="action\filter_action">
						<bool name="apply_to_future_units" value="True" />
						<bool name="apply_to_source_player_only" value="False" />
						<list name="action_table">
							<template_reference name="action" value="action\apply_modifiers_action">
								<float name="duration" value="0" />
								<bool name="permanent" value="True" />
								<list name="modifiers">
									<template_reference name="modifier" value="modifiers\entity_modifier">
										<enum name="application_type" value="apply_to_entity" />
										<bool name="exclusive" value="True" />
										<string name="modifier_id" value="escalation_phase_1" />
										<enum name="usage_type" value="multiply_add" />
										<float name="value" value="0.25" />
										<instance_reference name="tooltip" value="" />
										<enum name="type" value="health_maximum_modifier" />
										<instance_reference name="target_type_name" value="" />
									</template_reference>
									<template_reference name="modifier" value="modifiers\entity_modifier">
										<enum name="application_type" value="apply_to_entity" />
										<bool name="exclusive" value="True" />
										<string name="modifier_id" value="escalation_phase_1" />
										<enum name="usage_type" value="addition" />
										<float name="value" value="0.2" />
										<instance_reference name="tooltip" value="" />
										<enum name="type" value="health_regeneration_modifier" />
										<instance_reference name="target_type_name" value="" />
									</template_reference>
								</list>
								<uniqueid name="id" value="1073742915" />
							</template_reference>
						</list>
						<list name="target_requirements">
							<template_reference name="required" value="requirements\required_ownership">
								<enum name="reason" value="usage" />
								<locstring name="ui_name" value="0" />
								<enum name="ownership_type" value="ally" />
							</template_reference>
							<template_reference name="required" value="requirements\required_unit_type">
								<enum name="reason" value="usage" />
								<locstring name="ui_name" value="0" />
								<enum name="unit_type" value="dow3_listening_post" />
								<template_reference name="qualify_option" value="options\none">
								</template_reference>
								<bool name="search_load_out" value="False" />
							</template_reference>
						</list>
						<bool name="target_squad" value="False" />
						<uniqueid name="id" value="1073742916" />
					</template_reference>
					<template_reference name="action" value="action\filter_action">
						<bool name="apply_to_future_units" value="True" />
						<bool name="apply_to_source_player_only" value="False" />
						<list name="action_table">
							<template_reference name="action" value="action\apply_modifiers_action">
								<float name="duration" value="0" />
								<bool name="permanent" value="True" />
								<list name="modifiers">
									<template_reference name="modifier" value="modifiers\entity_modifier">
										<enum name="application_type" value="apply_to_entity" />
										<bool name="exclusive" value="True" />
										<string name="modifier_id" value="escalation_phase_1" />
										<enum name="usage_type" value="multiplication" />
										<float name="value" value="1.5" />
										<instance_reference name="tooltip" value="" />
										<enum name="type" value="health_maximum_modifier" />
										<instance_reference name="target_type_name" value="" />
									</template_reference>
									<template_reference name="modifier" value="modifiers\entity_modifier">
										<enum name="application_type" value="apply_to_entity" />
										<bool name="exclusive" value="True" />
										<string name="modifier_id" value="escalation_phase_1" />
										<enum name="usage_type" value="addition" />
										<float name="value" value="0.2" />
										<instance_reference name="tooltip" value="" />
										<enum name="type" value="health_regeneration_modifier" />
										<instance_reference name="target_type_name" value="" />
									</template_reference>
								</list>
								<uniqueid name="id" value="1073742917" />
							</template_reference>
						</list>
						<list name="target_requirements">
							<template_reference name="required" value="requirements\required_ownership">
								<enum name="reason" value="usage" />
								<locstring name="ui_name" value="0" />
								<enum name="ownership_type" value="ally" />
							</template_reference>
							<template_reference name="required" value="requirements\required_unit_type">
								<enum name="reason" value="usage" />
								<locstring name="ui_name" value="0" />
								<enum name="unit_type" value="dow3_addon" />
								<template_reference name="qualify_option" value="options\none">
								</template_reference>
								<bool name="search_load_out" value="False" />
							</template_reference>
						</list>
						<bool name="target_squad" value="False" />
						<uniqueid name="id" value="1073742918" />
					</template_reference>
					<template_reference name="action" value="action\sound_action">
						<sound name="play_event" value="t01mus_stinger_gameplay_escalation_02_play" />
						<uniqueid name="id" value="1073742919" />
						<sound name="stop_event" value="t01mus_stinger_gameplay_escalation_02_stop" />
						<enum name="visibility_type" value="Global" />
					</template_reference>
					<template_reference name="action" value="action\requirement_action">
						<bool name="check_self" value="False" />
						<bool name="validation_requires_requirements" value="False" />
						<bool name="validate_all_sub_actions" value="False" />
						<list name="requirement_table">
							<template_reference name="required" value="requirements\required_player_upgrade">
								<enum name="reason" value="usage" />
								<locstring name="ui_name" value="0" />
								<bool name="is_present" value="True" />
								<int name="max_completed" value="100" />
								<int name="min_completed" value="1" />
								<instance_reference name="upgrade_name" value="upgrade\gameplay\power_core_mode" />
								<bool name="include_queued" value="False" />
							</template_reference>
						</list>
						<list name="action_table">
							<template_reference name="action" value="action\ui_text_action">
								<uniqueid name="id" value="1073742920" />
								<locstring name="display_string" value="11116556" />
								<float name="duration_seconds" value="2.25" />
								<enum name="visibility_type" value="ExecuterIsOwn" />
								<enum name="ui_text_transition_type" value="lose_warning" />
								<float name="fade_in_seconds" value="0.125" />
								<float name="fade_out_seconds" value="0.125" />
							</template_reference>
						</list>
						<uniqueid name="id" value="1073742921" />
						<template_reference name="ui_help_text" value="tables\help_text_phrase">
							<int name="phrase_order" value="0" />
							<locstring name="phrase" value="0" />
						</template_reference>
						<template_reference name="behaviour_type" value="options\action\requirement_action\wait_until_requirements_pass_to_start_wait_again_when_requirements_fail">
						</template_reference>
					</template_reference>
					<template_reference name="action" value="action\speech_action">
						<uniqueid name="id" value="1073742922" />
						<list name="argument_overrides">
							<template_reference name="argument_override" value="speech_argument_override">
								<enum name="argument_name" value="escalation_phase" />
								<string name="value" value="escalation_two" />
							</template_reference>
						</list>
						<template_reference name="speech_event" value="speech_event_intel_name">
							<enum name="speech_event_intel" value="escalation_phase" />
						</template_reference>
					</template_reference>
					<template_reference name="action" value="action\apply_modifiers_action">
						<float name="duration" value="0" />
						<bool name="permanent" value="False" />
						<list name="modifiers">
							<template_reference name="modifier" value="modifiers\player_modifier">
								<enum name="type" value="max_personnel_cap_player_modifier" />
								<enum name="application_type" value="apply_to_player" />
								<enum name="usage_type" value="addition" />
								<float name="value" value="5" />
								<instance_reference name="tooltip" value="" />
								<bool name="exclusive" value="False" />
								<string name="modifier_id" value="" />
								<instance_reference name="target_type_name" value="" />
							</template_reference>
							<template_reference name="modifier" value="modifiers\player_modifier">
								<enum name="type" value="personnel_cap_player_modifier" />
								<enum name="application_type" value="apply_to_player" />
								<enum name="usage_type" value="addition" />
								<float name="value" value="5" />
								<instance_reference name="tooltip" value="" />
								<bool name="exclusive" value="False" />
								<string name="modifier_id" value="" />
								<instance_reference name="target_type_name" value="" />
							</template_reference>
						</list>
						<uniqueid name="id" value="1073749579" />
					</template_reference>
				</list>
				<uniqueid name="id" value="1073742923" />
				<template_reference name="ui_help_text" value="tables\help_text_phrase">
					<int name="phrase_order" value="0" />
					<locstring name="phrase" value="0" />
				</template_reference>
				<template_reference name="behaviour_type" value="options\action\requirement_action\wait_until_requirements_pass_to_start_wait_again_when_requirements_fail">
				</template_reference>
			</template_reference>
			<template_reference name="action" value="action\requirement_action" comment="6) Same as above but for Escalation Phase 2">
				<bool name="check_self" value="False" />
				<bool name="validation_requires_requirements" value="False" />
				<bool name="validate_all_sub_actions" value="False" />
				<list name="requirement_table">
					<template_reference name="required" value="requirements\required_ledger">
						<locstring name="ui_name" value="0" />
						<enum name="reason" value="usage" />
						<string name="key" value="escalation_phase" />
						<float name="default_value" value="0" />
						<float name="compare_to_value" value="2" />
						<enum name="comparison" value="greater_than_or_equal_to" />
						<enum name="ledger_type" value="player_ledger" />
						<float name="ui_max_value" value="0" />
						<float name="ui_min_value" value="0" />
						<string name="read_key_from_ledger_key" value="" />
					</template_reference>
				</list>
				<list name="action_table">
					<template_reference name="action" value="action\filter_action" comment="escalation phase 2: objective damage modifier ">
						<bool name="apply_to_future_units" value="True" />
						<bool name="apply_to_source_player_only" value="False" />
						<list name="action_table">
							<template_reference name="action" value="action\apply_modifiers_action">
								<float name="duration" value="0" />
								<bool name="permanent" value="False" />
								<list name="modifiers">
									<template_reference name="modifier" value="modifiers\weapon_modifier">
										<enum name="application_type" value="apply_to_weapon" />
										<bool name="exclusive" value="False" />
										<string name="modifier_id" value="" />
										<string name="target_type_name" value="hardpoint_03" />
										<enum name="usage_type" value="enable" />
										<float name="value" value="1" />
										<instance_reference name="tooltip" value="" />
										<enum name="type" value="enable_weapon_modifier" />
									</template_reference>
									<template_reference name="modifier" value="modifiers\weapon_modifier">
										<enum name="application_type" value="apply_to_weapon" />
										<bool name="exclusive" value="True" />
										<string name="modifier_id" value="escalation_phase_2" />
										<string name="target_type_name" value="hardpoint_02" />
										<enum name="usage_type" value="addition" />
										<float name="value" value="25" />
										<instance_reference name="tooltip" value="" />
										<enum name="type" value="damage_weapon_modifier" />
									</template_reference>
								</list>
								<uniqueid name="id" value="1073742924" />
							</template_reference>
						</list>
						<list name="target_requirements">
							<template_reference name="required" value="requirements\required_ownership">
								<enum name="reason" value="usage" />
								<locstring name="ui_name" value="0" />
								<enum name="ownership_type" value="ally" />
							</template_reference>
							<template_reference name="required" value="requirements\required_unit_type">
								<enum name="reason" value="usage" />
								<locstring name="ui_name" value="0" />
								<enum name="unit_type" value="dow3_power_core_objective_object" />
								<template_reference name="qualify_option" value="options\none">
								</template_reference>
								<bool name="search_load_out" value="False" />
							</template_reference>
						</list>
						<bool name="target_squad" value="False" />
						<uniqueid name="id" value="1073742925" />
					</template_reference>
					<template_reference name="action" value="action\filter_action">
						<bool name="apply_to_future_units" value="True" />
						<bool name="apply_to_source_player_only" value="False" />
						<list name="action_table">
							<template_reference name="action" value="action\apply_modifiers_action">
								<float name="duration" value="0" />
								<bool name="permanent" value="True" />
								<list name="modifiers">
									<template_reference name="modifier" value="modifiers\entity_modifier">
										<enum name="application_type" value="apply_to_entity" />
										<bool name="exclusive" value="True" />
										<string name="modifier_id" value="escalation_phase_2" />
										<enum name="usage_type" value="multiply_add" />
										<float name="value" value="0.25" />
										<instance_reference name="tooltip" value="" />
										<enum name="type" value="health_maximum_modifier" />
										<instance_reference name="target_type_name" value="" />
									</template_reference>
									<template_reference name="modifier" value="modifiers\entity_modifier">
										<enum name="application_type" value="apply_to_entity" />
										<bool name="exclusive" value="True" />
										<string name="modifier_id" value="escalation_phase_2" />
										<enum name="usage_type" value="addition" />
										<float name="value" value="0.2" />
										<instance_reference name="tooltip" value="" />
										<enum name="type" value="health_regeneration_modifier" />
										<instance_reference name="target_type_name" value="" />
									</template_reference>
								</list>
								<uniqueid name="id" value="1073742926" />
							</template_reference>
						</list>
						<list name="target_requirements">
							<template_reference name="required" value="requirements\required_ownership">
								<enum name="reason" value="usage" />
								<locstring name="ui_name" value="0" />
								<enum name="ownership_type" value="ally" />
							</template_reference>
							<template_reference name="required" value="requirements\required_unit_type">
								<enum name="reason" value="usage" />
								<locstring name="ui_name" value="0" />
								<enum name="unit_type" value="dow3_listening_post" />
								<template_reference name="qualify_option" value="options\none">
								</template_reference>
								<bool name="search_load_out" value="False" />
							</template_reference>
						</list>
						<bool name="target_squad" value="False" />
						<uniqueid name="id" value="1073742927" />
					</template_reference>
					<template_reference name="action" value="action\filter_action">
						<bool name="apply_to_future_units" value="True" />
						<bool name="apply_to_source_player_only" value="False" />
						<list name="action_table">
							<template_reference name="action" value="action\apply_modifiers_action">
								<float name="duration" value="0" />
								<bool name="permanent" value="True" />
								<list name="modifiers">
									<template_reference name="modifier" value="modifiers\entity_modifier">
										<enum name="application_type" value="apply_to_entity" />
										<bool name="exclusive" value="True" />
										<string name="modifier_id" value="escalation_phase_2" />
										<enum name="usage_type" value="multiply_add" />
										<float name="value" value="0.5" />
										<instance_reference name="tooltip" value="" />
										<enum name="type" value="health_maximum_modifier" />
										<instance_reference name="target_type_name" value="" />
									</template_reference>
									<template_reference name="modifier" value="modifiers\entity_modifier">
										<enum name="application_type" value="apply_to_entity" />
										<bool name="exclusive" value="True" />
										<string name="modifier_id" value="escalation_phase_2" />
										<enum name="usage_type" value="addition" />
										<float name="value" value="0.2" />
										<instance_reference name="tooltip" value="" />
										<enum name="type" value="health_regeneration_modifier" />
										<instance_reference name="target_type_name" value="" />
									</template_reference>
								</list>
								<uniqueid name="id" value="1073742928" />
							</template_reference>
						</list>
						<list name="target_requirements">
							<template_reference name="required" value="requirements\required_ownership">
								<enum name="reason" value="usage" />
								<locstring name="ui_name" value="0" />
								<enum name="ownership_type" value="ally" />
							</template_reference>
							<template_reference name="required" value="requirements\required_unit_type">
								<enum name="reason" value="usage" />
								<locstring name="ui_name" value="0" />
								<enum name="unit_type" value="dow3_addon" />
								<template_reference name="qualify_option" value="options\none">
								</template_reference>
								<bool name="search_load_out" value="False" />
							</template_reference>
						</list>
						<bool name="target_squad" value="False" />
						<uniqueid name="id" value="1073742929" />
					</template_reference>
					<template_reference name="action" value="action\sound_action">
						<sound name="play_event" value="t01mus_stinger_gameplay_escalation_03_play" />
						<uniqueid name="id" value="1073742930" />
						<sound name="stop_event" value="t01mus_stinger_gameplay_escalation_03_stop" />
						<enum name="visibility_type" value="Global" />
					</template_reference>
					<template_reference name="action" value="action\requirement_action">
						<bool name="check_self" value="False" />
						<bool name="validation_requires_requirements" value="False" />
						<bool name="validate_all_sub_actions" value="False" />
						<list name="requirement_table">
							<template_reference name="required" value="requirements\required_player_upgrade">
								<enum name="reason" value="usage" />
								<locstring name="ui_name" value="0" />
								<bool name="is_present" value="True" />
								<int name="max_completed" value="100" />
								<int name="min_completed" value="1" />
								<instance_reference name="upgrade_name" value="upgrade\gameplay\power_core_mode" />
								<bool name="include_queued" value="False" />
							</template_reference>
						</list>
						<list name="action_table">
							<template_reference name="action" value="action\ui_text_action">
								<uniqueid name="id" value="1073742931" />
								<locstring name="display_string" value="11116558" />
								<float name="duration_seconds" value="2.25" />
								<enum name="visibility_type" value="ExecuterIsOwn" />
								<enum name="ui_text_transition_type" value="lose_warning" />
								<float name="fade_in_seconds" value="0.125" />
								<float name="fade_out_seconds" value="0.125" />
							</template_reference>
						</list>
						<uniqueid name="id" value="1073742932" />
						<template_reference name="ui_help_text" value="tables\help_text_phrase">
							<int name="phrase_order" value="0" />
							<locstring name="phrase" value="0" />
						</template_reference>
						<template_reference name="behaviour_type" value="options\action\requirement_action\wait_until_requirements_pass_to_start_wait_again_when_requirements_fail">
						</template_reference>
					</template_reference>
					<template_reference name="action" value="action\speech_action">
						<uniqueid name="id" value="1073742933" />
						<list name="argument_overrides">
							<template_reference name="argument_override" value="speech_argument_override">
								<enum name="argument_name" value="escalation_phase" />
								<string name="value" value="escalation_three" />
							</template_reference>
						</list>
						<template_reference name="speech_event" value="speech_event_intel_name">
							<enum name="speech_event_intel" value="escalation_phase" />
						</template_reference>
					</template_reference>
					<template_reference name="action" value="action\apply_modifiers_action">
						<float name="duration" value="0" />
						<bool name="permanent" value="False" />
						<list name="modifiers">
							<template_reference name="modifier" value="modifiers\player_modifier">
								<enum name="type" value="max_personnel_cap_player_modifier" />
								<enum name="application_type" value="apply_to_player" />
								<enum name="usage_type" value="addition" />
								<float name="value" value="5" />
								<instance_reference name="tooltip" value="" />
								<bool name="exclusive" value="False" />
								<string name="modifier_id" value="" />
								<instance_reference name="target_type_name" value="" />
							</template_reference>
							<template_reference name="modifier" value="modifiers\player_modifier">
								<enum name="type" value="personnel_cap_player_modifier" />
								<enum name="application_type" value="apply_to_player" />
								<enum name="usage_type" value="addition" />
								<float name="value" value="5" />
								<instance_reference name="tooltip" value="" />
								<bool name="exclusive" value="False" />
								<string name="modifier_id" value="" />
								<instance_reference name="target_type_name" value="" />
							</template_reference>
						</list>
						<uniqueid name="id" value="1073749580" />
					</template_reference>
				</list>
				<uniqueid name="id" value="1073742934" />
				<template_reference name="ui_help_text" value="tables\help_text_phrase">
					<int name="phrase_order" value="0" />
					<locstring name="phrase" value="0" />
				</template_reference>
				<template_reference name="behaviour_type" value="options\action\requirement_action\wait_until_requirements_pass_to_start_wait_again_when_requirements_fail">
				</template_reference>
			</template_reference>
			<template_reference name="action" value="action\requirement_action" comment="6) Same as above but for Escalation Phase 3">
				<bool name="check_self" value="False" />
				<bool name="validation_requires_requirements" value="False" />
				<bool name="validate_all_sub_actions" value="False" />
				<list name="requirement_table">
					<template_reference name="required" value="requirements\required_ledger">
						<locstring name="ui_name" value="0" />
						<enum name="reason" value="usage" />
						<string name="key" value="escalation_phase" />
						<float name="default_value" value="0" />
						<float name="compare_to_value" value="3" />
						<enum name="comparison" value="greater_than_or_equal_to" />
						<enum name="ledger_type" value="player_ledger" />
						<float name="ui_max_value" value="0" />
						<float name="ui_min_value" value="0" />
						<string name="read_key_from_ledger_key" value="" />
					</template_reference>
				</list>
				<list name="action_table">
					<template_reference name="action" value="action\filter_action" comment="escalation phase 3: objective damage modifier ">
						<bool name="apply_to_future_units" value="True" />
						<bool name="apply_to_source_player_only" value="False" />
						<list name="action_table">
							<template_reference name="action" value="action\apply_modifiers_action">
								<float name="duration" value="0" />
								<bool name="permanent" value="True" />
								<list name="modifiers">
									<template_reference name="modifier" value="modifiers\weapon_modifier">
										<enum name="application_type" value="apply_to_weapon" />
										<bool name="exclusive" value="True" />
										<string name="modifier_id" value="escalation_phase_3" />
										<string name="target_type_name" value="hardpoint_02" />
										<enum name="usage_type" value="addition" />
										<float name="value" value="25" />
										<instance_reference name="tooltip" value="" />
										<enum name="type" value="damage_weapon_modifier" />
									</template_reference>
								</list>
								<uniqueid name="id" value="1073742935" />
							</template_reference>
						</list>
						<list name="target_requirements">
							<template_reference name="required" value="requirements\required_ownership">
								<enum name="reason" value="usage" />
								<locstring name="ui_name" value="0" />
								<enum name="ownership_type" value="ally" />
							</template_reference>
							<template_reference name="required" value="requirements\required_unit_type">
								<enum name="reason" value="usage" />
								<locstring name="ui_name" value="0" />
								<enum name="unit_type" value="dow3_power_core_objective_object" />
								<template_reference name="qualify_option" value="options\none">
								</template_reference>
								<bool name="search_load_out" value="False" />
							</template_reference>
						</list>
						<bool name="target_squad" value="False" />
						<uniqueid name="id" value="1073742936" />
					</template_reference>
					<template_reference name="action" value="action\filter_action">
						<bool name="apply_to_future_units" value="True" />
						<bool name="apply_to_source_player_only" value="False" />
						<list name="action_table">
							<template_reference name="action" value="action\apply_modifiers_action">
								<float name="duration" value="0" />
								<bool name="permanent" value="True" />
								<list name="modifiers">
									<template_reference name="modifier" value="modifiers\entity_modifier">
										<enum name="application_type" value="apply_to_entity" />
										<bool name="exclusive" value="True" />
										<string name="modifier_id" value="escalation_phase_3" />
										<enum name="usage_type" value="multiply_add" />
										<float name="value" value="0.25" />
										<instance_reference name="tooltip" value="" />
										<enum name="type" value="health_maximum_modifier" />
										<instance_reference name="target_type_name" value="" />
									</template_reference>
									<template_reference name="modifier" value="modifiers\entity_modifier">
										<enum name="application_type" value="apply_to_entity" />
										<bool name="exclusive" value="True" />
										<string name="modifier_id" value="escalation_phase_3" />
										<enum name="usage_type" value="addition" />
										<float name="value" value="0.2" />
										<instance_reference name="tooltip" value="" />
										<enum name="type" value="health_regeneration_modifier" />
										<instance_reference name="target_type_name" value="" />
									</template_reference>
								</list>
								<uniqueid name="id" value="1073742937" />
							</template_reference>
						</list>
						<list name="target_requirements">
							<template_reference name="required" value="requirements\required_ownership">
								<enum name="reason" value="usage" />
								<locstring name="ui_name" value="0" />
								<enum name="ownership_type" value="ally" />
							</template_reference>
							<template_reference name="required" value="requirements\required_unit_type">
								<enum name="reason" value="usage" />
								<locstring name="ui_name" value="0" />
								<enum name="unit_type" value="dow3_listening_post" />
								<template_reference name="qualify_option" value="options\none">
								</template_reference>
								<bool name="search_load_out" value="False" />
							</template_reference>
						</list>
						<bool name="target_squad" value="False" />
						<uniqueid name="id" value="1073742938" />
					</template_reference>
					<template_reference name="action" value="action\filter_action">
						<bool name="apply_to_future_units" value="True" />
						<bool name="apply_to_source_player_only" value="False" />
						<list name="action_table">
							<template_reference name="action" value="action\apply_modifiers_action">
								<float name="duration" value="0" />
								<bool name="permanent" value="True" />
								<list name="modifiers">
									<template_reference name="modifier" value="modifiers\entity_modifier">
										<enum name="application_type" value="apply_to_entity" />
										<bool name="exclusive" value="True" />
										<string name="modifier_id" value="escalation_phase_3" />
										<enum name="usage_type" value="multiply_add" />
										<float name="value" value="0.5" />
										<instance_reference name="tooltip" value="" />
										<enum name="type" value="health_maximum_modifier" />
										<instance_reference name="target_type_name" value="" />
									</template_reference>
									<template_reference name="modifier" value="modifiers\entity_modifier">
										<enum name="application_type" value="apply_to_entity" />
										<bool name="exclusive" value="True" />
										<string name="modifier_id" value="escalation_phase_3" />
										<enum name="usage_type" value="addition" />
										<float name="value" value="0.2" />
										<instance_reference name="tooltip" value="" />
										<enum name="type" value="health_regeneration_modifier" />
										<instance_reference name="target_type_name" value="" />
									</template_reference>
								</list>
								<uniqueid name="id" value="1073742939" />
							</template_reference>
						</list>
						<list name="target_requirements">
							<template_reference name="required" value="requirements\required_ownership">
								<enum name="reason" value="usage" />
								<locstring name="ui_name" value="0" />
								<enum name="ownership_type" value="ally" />
							</template_reference>
							<template_reference name="required" value="requirements\required_unit_type">
								<enum name="reason" value="usage" />
								<locstring name="ui_name" value="0" />
								<enum name="unit_type" value="dow3_addon" />
								<template_reference name="qualify_option" value="options\none">
								</template_reference>
								<bool name="search_load_out" value="False" />
							</template_reference>
						</list>
						<bool name="target_squad" value="False" />
						<uniqueid name="id" value="1073742940" />
					</template_reference>
					<template_reference name="action" value="action\sound_action">
						<sound name="play_event" value="t01mus_stinger_gameplay_escalation_04_play" />
						<uniqueid name="id" value="1073742941" />
						<sound name="stop_event" value="t01mus_stinger_gameplay_escalation_04_stop" />
						<enum name="visibility_type" value="Global" />
					</template_reference>
					<template_reference name="action" value="action\requirement_action">
						<bool name="check_self" value="False" />
						<bool name="validation_requires_requirements" value="False" />
						<bool name="validate_all_sub_actions" value="False" />
						<list name="requirement_table">
							<template_reference name="required" value="requirements\required_player_upgrade">
								<enum name="reason" value="usage" />
								<locstring name="ui_name" value="0" />
								<bool name="is_present" value="True" />
								<int name="max_completed" value="100" />
								<int name="min_completed" value="1" />
								<instance_reference name="upgrade_name" value="upgrade\gameplay\power_core_mode" />
								<bool name="include_queued" value="False" />
							</template_reference>
						</list>
						<list name="action_table">
							<template_reference name="action" value="action\ui_text_action">
								<uniqueid name="id" value="1073742942" />
								<locstring name="display_string" value="11116560" />
								<float name="duration_seconds" value="2.25" />
								<enum name="visibility_type" value="ExecuterIsOwn" />
								<enum name="ui_text_transition_type" value="lose_warning" />
								<float name="fade_in_seconds" value="0.125" />
								<float name="fade_out_seconds" value="0.125" />
							</template_reference>
						</list>
						<uniqueid name="id" value="1073742943" />
						<template_reference name="ui_help_text" value="tables\help_text_phrase">
							<int name="phrase_order" value="0" />
							<locstring name="phrase" value="0" />
						</template_reference>
						<template_reference name="behaviour_type" value="options\action\requirement_action\wait_until_requirements_pass_to_start_wait_again_when_requirements_fail">
						</template_reference>
					</template_reference>
					<template_reference name="action" value="action\speech_action">
						<uniqueid name="id" value="1073742944" />
						<list name="argument_overrides">
							<template_reference name="argument_override" value="speech_argument_override">
								<enum name="argument_name" value="escalation_phase" />
								<string name="value" value="escalation_four" />
							</template_reference>
						</list>
						<template_reference name="speech_event" value="speech_event_intel_name">
							<enum name="speech_event_intel" value="escalation_phase" />
						</template_reference>
					</template_reference>
					<template_reference name="action" value="action\apply_modifiers_action">
						<float name="duration" value="0" />
						<bool name="permanent" value="False" />
						<list name="modifiers">
							<template_reference name="modifier" value="modifiers\player_modifier">
								<enum name="type" value="max_personnel_cap_player_modifier" />
								<enum name="application_type" value="apply_to_player" />
								<enum name="usage_type" value="addition" />
								<float name="value" value="10" />
								<instance_reference name="tooltip" value="" />
								<bool name="exclusive" value="False" />
								<string name="modifier_id" value="" />
								<instance_reference name="target_type_name" value="" />
							</template_reference>
							<template_reference name="modifier" value="modifiers\player_modifier">
								<enum name="type" value="personnel_cap_player_modifier" />
								<enum name="application_type" value="apply_to_player" />
								<enum name="usage_type" value="addition" />
								<float name="value" value="10" />
								<instance_reference name="tooltip" value="" />
								<bool name="exclusive" value="False" />
								<string name="modifier_id" value="" />
								<instance_reference name="target_type_name" value="" />
							</template_reference>
						</list>
						<uniqueid name="id" value="1073749581" />
					</template_reference>
				</list>
				<uniqueid name="id" value="1073742945" />
				<template_reference name="ui_help_text" value="tables\help_text_phrase">
					<int name="phrase_order" value="0" />
					<locstring name="phrase" value="0" />
				</template_reference>
				<template_reference name="behaviour_type" value="options\action\requirement_action\wait_until_requirements_pass_to_start_wait_again_when_requirements_fail">
				</template_reference>
			</template_reference>
			<template_reference name="action" value="action\requirement_action" comment="5) Requirement for Escalation Phase 1.  A number of filter actions that:&#xD;&#xA;  &#xD;&#xA;  A) Increases the health of objectives&#xD;&#xA;&#xD;&#xA;&#xD;&#xA;-- NOTE: Using exclusive modifiers so that it won't stack based on number of players, may want to re-consider this if needed for balance reasons.">
				<bool name="check_self" value="False" />
				<bool name="validation_requires_requirements" value="False" />
				<bool name="validate_all_sub_actions" value="False" />
				<list name="requirement_table">
					<template_reference name="required" value="requirements\required_ledger">
						<locstring name="ui_name" value="0" />
						<enum name="reason" value="usage" />
						<string name="key" value="escalation_phase" />
						<float name="default_value" value="0" />
						<float name="compare_to_value" value="1" />
						<enum name="comparison" value="equal_to" />
						<enum name="ledger_type" value="player_ledger" />
						<float name="ui_max_value" value="0" />
						<float name="ui_min_value" value="0" />
						<string name="read_key_from_ledger_key" value="" />
					</template_reference>
				</list>
				<list name="action_table">
					<template_reference name="action" value="action\filter_action" comment="escalation phase 1: objective health modifier ">
						<bool name="apply_to_future_units" value="True" />
						<bool name="apply_to_source_player_only" value="False" />
						<list name="action_table">
							<template_reference name="action" value="action\apply_modifiers_action">
								<float name="duration" value="0" />
								<bool name="permanent" value="False" />
								<list name="modifiers">
									<template_reference name="modifier" value="modifiers\entity_modifier">
										<enum name="application_type" value="apply_to_entity" />
										<bool name="exclusive" value="True" />
										<string name="modifier_id" value="escalation_health" />
										<enum name="usage_type" value="multiplication" />
										<float name="value" value="1.5" />
										<instance_reference name="tooltip" value="" />
										<enum name="type" value="health_maximum_modifier" />
										<instance_reference name="target_type_name" value="" />
									</template_reference>
								</list>
								<uniqueid name="id" value="1073742946" />
							</template_reference>
						</list>
						<list name="target_requirements">
							<template_reference name="required" value="requirements\required_ownership">
								<enum name="reason" value="usage" />
								<locstring name="ui_name" value="0" />
								<enum name="ownership_type" value="ally" />
							</template_reference>
							<template_reference name="required" value="requirements\required_unit_type">
								<enum name="reason" value="usage" />
								<locstring name="ui_name" value="0" />
								<enum name="unit_type" value="dow3_power_core_objective_object" />
								<template_reference name="qualify_option" value="options\none">
								</template_reference>
								<bool name="search_load_out" value="False" />
							</template_reference>
						</list>
						<bool name="target_squad" value="False" />
						<uniqueid name="id" value="1073742947" />
					</template_reference>
					<template_reference name="action" value="action\filter_action" comment="Increments the power core health based on escalation&#xD;&#xA;">
						<bool name="apply_to_future_units" value="True" />
						<bool name="apply_to_source_player_only" value="False" />
						<list name="action_table">
							<template_reference name="action" value="action\apply_modifiers_action">
								<float name="duration" value="0" />
								<bool name="permanent" value="False" />
								<list name="modifiers">
									<template_reference name="modifier" value="modifiers\entity_modifier">
										<enum name="application_type" value="apply_to_entity" />
										<bool name="exclusive" value="True" />
										<string name="modifier_id" value="power_core_escalation" />
										<enum name="usage_type" value="multiplication" />
										<float name="value" value="1.5" />
										<instance_reference name="tooltip" value="" />
										<enum name="type" value="health_maximum_modifier" />
										<instance_reference name="target_type_name" value="" />
									</template_reference>
								</list>
								<uniqueid name="id" value="1073742948" />
							</template_reference>
						</list>
						<list name="target_requirements">
							<template_reference name="required" value="requirements\required_ownership">
								<enum name="reason" value="usage" />
								<locstring name="ui_name" value="0" />
								<enum name="ownership_type" value="ally" />
							</template_reference>
							<template_reference name="required" value="requirements\required_unit_type">
								<enum name="reason" value="usage" />
								<locstring name="ui_name" value="0" />
								<enum name="unit_type" value="power_core" />
								<template_reference name="qualify_option" value="options\none">
								</template_reference>
								<bool name="search_load_out" value="False" />
							</template_reference>
						</list>
						<bool name="target_squad" value="False" />
						<uniqueid name="id" value="1073742949" />
					</template_reference>
				</list>
				<uniqueid name="id" value="1073742950" />
				<template_reference name="ui_help_text" value="tables\help_text_phrase">
					<int name="phrase_order" value="0" />
					<locstring name="phrase" value="0" />
				</template_reference>
				<template_reference name="behaviour_type" value="options\action\requirement_action\wait_until_requirements_pass_to_start_wait_again_when_requirements_fail">
				</template_reference>
			</template_reference>
			<template_reference name="action" value="action\requirement_action" comment="5) Requirement for Escalation Phase 2.  A number of filter actions that:&#xD;&#xA;  &#xD;&#xA;  A) Increases the health of objectives&#xD;&#xA;&#xD;&#xA;&#xD;&#xA;-- NOTE: Using exclusive modifiers so that it won't stack based on number of players, may want to re-consider this if needed for balance reasons.">
				<bool name="check_self" value="False" />
				<bool name="validation_requires_requirements" value="False" />
				<bool name="validate_all_sub_actions" value="False" />
				<list name="requirement_table">
					<template_reference name="required" value="requirements\required_ledger">
						<locstring name="ui_name" value="0" />
						<enum name="reason" value="usage" />
						<string name="key" value="escalation_phase" />
						<float name="default_value" value="0" />
						<float name="compare_to_value" value="2" />
						<enum name="comparison" value="equal_to" />
						<enum name="ledger_type" value="player_ledger" />
						<float name="ui_max_value" value="0" />
						<float name="ui_min_value" value="0" />
						<string name="read_key_from_ledger_key" value="" />
					</template_reference>
				</list>
				<list name="action_table">
					<template_reference name="action" value="action\filter_action" comment="escalation phase 2: objective health modifier ">
						<bool name="apply_to_future_units" value="True" />
						<bool name="apply_to_source_player_only" value="False" />
						<list name="action_table">
							<template_reference name="action" value="action\apply_modifiers_action">
								<float name="duration" value="0" />
								<bool name="permanent" value="False" />
								<list name="modifiers">
									<template_reference name="modifier" value="modifiers\entity_modifier">
										<enum name="application_type" value="apply_to_entity" />
										<bool name="exclusive" value="True" />
										<string name="modifier_id" value="escalation_health" />
										<enum name="usage_type" value="multiplication" />
										<float name="value" value="2" />
										<instance_reference name="tooltip" value="" />
										<enum name="type" value="health_maximum_modifier" />
										<instance_reference name="target_type_name" value="" />
									</template_reference>
								</list>
								<uniqueid name="id" value="1073742951" />
							</template_reference>
						</list>
						<list name="target_requirements">
							<template_reference name="required" value="requirements\required_ownership">
								<enum name="reason" value="usage" />
								<locstring name="ui_name" value="0" />
								<enum name="ownership_type" value="ally" />
							</template_reference>
							<template_reference name="required" value="requirements\required_unit_type">
								<enum name="reason" value="usage" />
								<locstring name="ui_name" value="0" />
								<enum name="unit_type" value="dow3_power_core_objective_object" />
								<template_reference name="qualify_option" value="options\none">
								</template_reference>
								<bool name="search_load_out" value="False" />
							</template_reference>
						</list>
						<bool name="target_squad" value="False" />
						<uniqueid name="id" value="1073742952" />
					</template_reference>
					<template_reference name="action" value="action\filter_action" comment="Increments the enemy power core health based on escalation&#xD;&#xA;">
						<bool name="apply_to_future_units" value="True" />
						<bool name="apply_to_source_player_only" value="False" />
						<list name="action_table">
							<template_reference name="action" value="action\apply_modifiers_action">
								<float name="duration" value="0" />
								<bool name="permanent" value="False" />
								<list name="modifiers">
									<template_reference name="modifier" value="modifiers\entity_modifier">
										<enum name="application_type" value="apply_to_entity" />
										<bool name="exclusive" value="True" />
										<string name="modifier_id" value="power_core_escalation" />
										<enum name="usage_type" value="multiplication" />
										<float name="value" value="2" />
										<instance_reference name="tooltip" value="" />
										<enum name="type" value="health_maximum_modifier" />
										<instance_reference name="target_type_name" value="" />
									</template_reference>
								</list>
								<uniqueid name="id" value="1073742953" />
							</template_reference>
						</list>
						<list name="target_requirements">
							<template_reference name="required" value="requirements\required_ownership">
								<enum name="reason" value="usage" />
								<locstring name="ui_name" value="0" />
								<enum name="ownership_type" value="ally" />
							</template_reference>
							<template_reference name="required" value="requirements\required_unit_type">
								<enum name="reason" value="usage" />
								<locstring name="ui_name" value="0" />
								<enum name="unit_type" value="power_core" />
								<template_reference name="qualify_option" value="options\none">
								</template_reference>
								<bool name="search_load_out" value="False" />
							</template_reference>
						</list>
						<bool name="target_squad" value="False" />
						<uniqueid name="id" value="1073742954" />
					</template_reference>
				</list>
				<uniqueid name="id" value="1073742955" />
				<template_reference name="ui_help_text" value="tables\help_text_phrase">
					<int name="phrase_order" value="0" />
					<locstring name="phrase" value="0" />
				</template_reference>
				<template_reference name="behaviour_type" value="options\action\requirement_action\wait_until_requirements_pass_to_start_wait_again_when_requirements_fail">
				</template_reference>
			</template_reference>
			<template_reference name="action" value="action\requirement_action" comment="5) Requirement for Escalation Phase 3.  A number of filter actions that:&#xD;&#xA;  &#xD;&#xA;  A) Increases the health of objectives&#xD;&#xA;&#xD;&#xA;&#xD;&#xA;-- NOTE: Using exclusive modifiers so that it won't stack based on number of players, may want to re-consider this if needed for balance reasons.">
				<bool name="check_self" value="False" />
				<bool name="validation_requires_requirements" value="False" />
				<bool name="validate_all_sub_actions" value="False" />
				<list name="requirement_table">
					<template_reference name="required" value="requirements\required_ledger">
						<locstring name="ui_name" value="0" />
						<enum name="reason" value="usage" />
						<string name="key" value="escalation_phase" />
						<float name="default_value" value="0" />
						<float name="compare_to_value" value="3" />
						<enum name="comparison" value="greater_than_or_equal_to" />
						<enum name="ledger_type" value="player_ledger" />
						<float name="ui_max_value" value="0" />
						<float name="ui_min_value" value="0" />
						<string name="read_key_from_ledger_key" value="" />
					</template_reference>
				</list>
				<list name="action_table">
					<template_reference name="action" value="action\filter_action" comment="escalation phase 2: objective health modifier ">
						<bool name="apply_to_future_units" value="True" />
						<bool name="apply_to_source_player_only" value="False" />
						<list name="action_table">
							<template_reference name="action" value="action\apply_modifiers_action">
								<float name="duration" value="0" />
								<bool name="permanent" value="False" />
								<list name="modifiers">
									<template_reference name="modifier" value="modifiers\entity_modifier">
										<enum name="application_type" value="apply_to_entity" />
										<bool name="exclusive" value="True" />
										<string name="modifier_id" value="escalation_health" />
										<enum name="usage_type" value="multiplication" />
										<float name="value" value="2.5" />
										<instance_reference name="tooltip" value="" />
										<enum name="type" value="health_maximum_modifier" />
										<instance_reference name="target_type_name" value="" />
									</template_reference>
								</list>
								<uniqueid name="id" value="1073742956" />
							</template_reference>
						</list>
						<list name="target_requirements">
							<template_reference name="required" value="requirements\required_ownership">
								<enum name="reason" value="usage" />
								<locstring name="ui_name" value="0" />
								<enum name="ownership_type" value="ally" />
							</template_reference>
							<template_reference name="required" value="requirements\required_unit_type">
								<enum name="reason" value="usage" />
								<locstring name="ui_name" value="0" />
								<enum name="unit_type" value="dow3_power_core_objective_object" />
								<template_reference name="qualify_option" value="options\none">
								</template_reference>
								<bool name="search_load_out" value="False" />
							</template_reference>
						</list>
						<bool name="target_squad" value="False" />
						<uniqueid name="id" value="1073742957" />
					</template_reference>
					<template_reference name="action" value="action\filter_action" comment="Increments the enemy power core health based on escalation&#xD;&#xA;">
						<bool name="apply_to_future_units" value="True" />
						<bool name="apply_to_source_player_only" value="False" />
						<list name="action_table">
							<template_reference name="action" value="action\apply_modifiers_action">
								<float name="duration" value="0" />
								<bool name="permanent" value="False" />
								<list name="modifiers">
									<template_reference name="modifier" value="modifiers\entity_modifier">
										<enum name="application_type" value="apply_to_entity" />
										<bool name="exclusive" value="True" />
										<string name="modifier_id" value="power_core_escalation" />
										<enum name="usage_type" value="multiplication" />
										<float name="value" value="2" />
										<instance_reference name="tooltip" value="" />
										<enum name="type" value="health_maximum_modifier" />
										<instance_reference name="target_type_name" value="" />
									</template_reference>
								</list>
								<uniqueid name="id" value="1073742958" />
							</template_reference>
						</list>
						<list name="target_requirements">
							<template_reference name="required" value="requirements\required_ownership">
								<enum name="reason" value="usage" />
								<locstring name="ui_name" value="0" />
								<enum name="ownership_type" value="ally" />
							</template_reference>
							<template_reference name="required" value="requirements\required_unit_type">
								<enum name="reason" value="usage" />
								<locstring name="ui_name" value="0" />
								<enum name="unit_type" value="power_core" />
								<template_reference name="qualify_option" value="options\none">
								</template_reference>
								<bool name="search_load_out" value="False" />
							</template_reference>
						</list>
						<bool name="target_squad" value="False" />
						<uniqueid name="id" value="1073742959" />
					</template_reference>
				</list>
				<uniqueid name="id" value="1073742960" />
				<template_reference name="ui_help_text" value="tables\help_text_phrase">
					<int name="phrase_order" value="0" />
					<locstring name="phrase" value="0" />
				</template_reference>
				<template_reference name="behaviour_type" value="options\action\requirement_action\wait_until_requirements_pass_to_start_wait_again_when_requirements_fail">
				</template_reference>
			</template_reference>
		</list>
		<list name="requirements">
		</list>
		<icon name="ui_kicker_icon_name" value="" />
		<locstring name="ui_squad_name_override" value="0" />
		<locstring name="ui_squad_help_text_override" value="0" />
		<locstring name="ui_squad_extra_text_override" value="0" />
		<list name="ui_preview">
		</list>
		<string name="speech_code" value="" />
		<list name="on_cancel_actions">
		</list>
		<list name="on_begin_actions">
		</list>
		<icon name="ui_squad_portrait_icon_override" value="" />
	</group>
	<uniqueid name="pbgid" value="101156" />
</instance>