<instance description="" template="upgrade">
	<group name="upgrade_bag" comment="Target all allied players and self&#xD;&#xA;- Add Resources&#xD;&#xA;- Set a ledger (basically this variable helps determine if we've already played one type of turret warning)">
		<bool name="enable_in_hold" value="False" />
		<float name="global_max_limit" value="0" />
		<bool name="has_speech_code" value="False" />
		<float name="local_max_limit" value="0" />
		<enum name="owner_type" value="player" />
		<group name="time_cost">
			<enum_table name="cost">
				<float name="action" value="0" />
				<float name="power" value="0" />
				<float name="requisition" value="0" />
				<float name="popcap" value="0" />
				<float name="command" value="0" />
				<float name="drop_pods" value="0" />
				<float name="feat" value="0" />
				<float name="gamma" value="0" />
			</enum_table>
			<float name="time_seconds" value="0" />
		</group>
		<bool name="ui_event_cue" value="True" />
		<enum name="ui_production_group" value="command_panel" />
		<int name="ui_position" value="33" />
		<group name="ui_info">
			<locstring name="extra_text" value="0" />
			<locstring name="help_text" value="0" />
			<string name="hotkey_name" value="C" />
			<icon name="icon_name" value="Icons_space_marines_upgrades_unlock_tier_2_hq" />
			<bool name="reveal_for_decryption" value="False" />
			<locstring name="screen_name" value="0" />
			<locstring name="brief_text" value="0" />
			<locstring name="screen_name_short" value="0" />
			<enum name="ui_style" value="default" />
			<bool name="nests" value="False" />
		</group>
		<bool name="validate_actions" value="False" />
		<list name="actions">
			<template_reference name="action" value="action\modify_resources">
				<enum_table name="resource_to_modify">
					<float name="action" value="0" />
					<float name="power" value="0" />
					<float name="requisition" value="0" />
					<float name="popcap" value="0" />
					<float name="command" value="0" />
					<float name="drop_pods" value="0" />
					<float name="feat" value="0" />
					<float name="gamma" value="0" />
				</enum_table>
				<bool name="modify_per_second" value="False" />
				<bool name="ignore_resource_cap" value="False" />
				<uniqueid name="id" value="1073750117" />
				<enum name="modification_type" value="adjust" />
				<template_reference name="read_from_ledger_option" value="options\none">
				</template_reference>
			</template_reference>
			<template_reference name="action" value="action\delay">
				<float name="delay" value="1" />
				<float name="delay_min" value="1" />
				<bool name="progress_bar" value="False" />
				<bool name="randomize" value="False" />
				<list name="delayed_actions">
					<template_reference name="action" value="action\ledger_write_action">
						<uniqueid name="id" value="1073750118" />
						<string name="key" value="power_core_mode_killed_first_turret" />
						<enum name="operator" value="set" />
						<float name="operand" value="1" />
						<bool name="persistent" value="False" />
						<string name="read_key_from_ledger_key" value="" />
					</template_reference>
				</list>
				<uniqueid name="id" value="1073750119" />
				<bool name="can_prevent_refund" value="True" />
			</template_reference>
		</list>
		<list name="requirements">
		</list>
		<icon name="ui_kicker_icon_name" value="" />
		<locstring name="ui_squad_name_override" value="0" />
		<locstring name="ui_squad_help_text_override" value="0" />
		<locstring name="ui_squad_extra_text_override" value="0" />
		<list name="ui_preview">
		</list>
		<string name="speech_code" value="" />
		<list name="on_cancel_actions">
		</list>
		<list name="on_begin_actions">
		</list>
		<icon name="ui_squad_portrait_icon_override" value="" />
	</group>
	<uniqueid name="pbgid" value="100017" />
</instance>