<instance description="" template="sbps">
	<list name="extensions">
		<template_reference name="squadexts" value="sbpextensions\squad_blueprint_ext">
		</template_reference>
		<template_reference name="squadexts" value="sbpextensions\squad_ui_ext">
			<list name="race_list">
				<group name="race_data">
					<group name="info">
						<bool name="allow_spawner_production" value="False" />
						<locstring name="extra_text" value="0" />
						<locstring name="help_text" value="0" />
						<string name="hotkey_name" value="R" />
						<icon name="icon_name" value="Icons_space_marines_portraits_elite_terminators" />
						<bool name="minimap_team_only" value="False" />
						<icon name="minimap_texture" value="Icons_common_decorators_space_marines_elite_terminators" />
						<instance_reference name="modal_ability" value="" />
						<bool name="reveal_for_decryption" value="False" />
						<locstring name="screen_name" value="0" />
						<string name="selection_group" value="spa_terminator" />
						<int name="ui_priority" value="0" />
						<bool name="use_random_entity_speaker" value="False" />
						<icon name="portrait_name" value="Icons_space_marines_portraits_elite_terminators" />
						<float name="minimap_texture_scale" value="0.65" />
						<locstring name="brief_text" value="0" />
						<locstring name="screen_name_short" value="0" />
						<enum name="map_rotation_type_override" value="no_override" />
						<bool name="show_in_build_log" value="True" />
						<icon name="symbol_icon_name" value="Icons_common_decorators_space_marines_elite_terminators" />
						<enum name="ui_style" value="default" />
						<string name="cover_level_icon_postfix" value="" />
						<bool name="hide_ucs" value="False" />
						<enum name="decorator_visibility" value="visible" />
					</group>
					<instance_reference name="ext_key" value="" />
				</group>
			</list>
		</template_reference>
		<template_reference name="squadexts" value="sbpextensions\squad_combat_stance_ext">
			<enum name="default_stance" value="attack" />
		</template_reference>
		<template_reference name="squadexts" value="sbpextensions\squad_formation_ext">
			<float name="combat_follower_cover_search_radius" value="2" />
			<float name="move_dest_cover_search_radius" value="3" />
			<group name="squad_distribution_table">
				<group name="01_soldiers">
					<float name="units_in_core" value="1" />
					<float name="units_in_left_flank" value="0" />
					<float name="units_in_right_flank" value="0" />
					<float name="units_in_scout" value="0" />
				</group>
				<group name="02_soldiers">
					<float name="units_in_core" value="2" />
					<float name="units_in_left_flank" value="0" />
					<float name="units_in_right_flank" value="0" />
					<float name="units_in_scout" value="0" />
				</group>
				<group name="03_soldiers">
					<float name="units_in_core" value="3" />
					<float name="units_in_left_flank" value="0" />
					<float name="units_in_right_flank" value="0" />
					<float name="units_in_scout" value="0" />
				</group>
				<group name="04_soldiers">
					<float name="units_in_core" value="4" />
					<float name="units_in_left_flank" value="0" />
					<float name="units_in_right_flank" value="0" />
					<float name="units_in_scout" value="0" />
				</group>
				<group name="05_soldiers">
					<float name="units_in_core" value="5" />
					<float name="units_in_left_flank" value="0" />
					<float name="units_in_right_flank" value="0" />
					<float name="units_in_scout" value="0" />
				</group>
				<group name="06_soldiers">
					<float name="units_in_core" value="6" />
					<float name="units_in_left_flank" value="0" />
					<float name="units_in_right_flank" value="0" />
					<float name="units_in_scout" value="0" />
				</group>
				<group name="07_soldiers">
					<float name="units_in_core" value="7" />
					<float name="units_in_left_flank" value="0" />
					<float name="units_in_right_flank" value="0" />
					<float name="units_in_scout" value="0" />
				</group>
				<group name="08_soldiers">
					<float name="units_in_core" value="8" />
					<float name="units_in_left_flank" value="0" />
					<float name="units_in_right_flank" value="0" />
					<float name="units_in_scout" value="0" />
				</group>
				<group name="09_soldiers">
					<float name="units_in_core" value="9" />
					<float name="units_in_left_flank" value="0" />
					<float name="units_in_right_flank" value="0" />
					<float name="units_in_scout" value="0" />
				</group>
				<group name="10_soldiers">
					<float name="units_in_core" value="10" />
					<float name="units_in_left_flank" value="0" />
					<float name="units_in_right_flank" value="0" />
					<float name="units_in_scout" value="0" />
				</group>
			</group>
			<bool name="support_weapons_to_flanks" value="False" />
			<list name="formation_overrides">
				<group name="formation_override_entry">
					<enum name="squad_formation_override" value="forge_idle" />
					<instance_reference name="formation" value="squad_formations\forge\sm_3man_wedge" />
				</group>
			</list>
			<enum_table name="cover_formation_table">
				<instance_reference name="tp_defcover" value="squad_formations\races\space_marines\spa_arrow_assault_terminators" />
				<instance_reference name="tp_defcover_narrow" value="squad_formations\races\space_marines\spa_arrow_assault_terminators" />
				<instance_reference name="tp_garrison_cover" value="squad_formations\races\space_marines\spa_arrow_assault_terminators" />
				<instance_reference name="tp_garrison_halftrack" value="squad_formations\races\space_marines\spa_arrow_assault_terminators" />
				<instance_reference name="tp_heavy" value="squad_formations\races\space_marines\spa_arrow_assault_terminators" />
				<instance_reference name="tp_light" value="squad_formations\races\space_marines\spa_arrow_assault_terminators" />
				<instance_reference name="tp_negative" value="squad_formations\races\space_marines\spa_arrow_assault_terminators" />
				<instance_reference name="tp_open" value="squad_formations\races\space_marines\spa_arrow_assault_terminators" />
				<instance_reference name="tp_smoke" value="squad_formations\races\space_marines\spa_arrow_assault_terminators" />
				<instance_reference name="tp_trench" value="squad_formations\races\space_marines\spa_arrow_assault_terminators" />
				<instance_reference name="tp_water" value="squad_formations\races\space_marines\spa_arrow_assault_terminators" />
				<instance_reference name="tp_z_bunker" value="squad_formations\races\space_marines\spa_arrow_assault_terminators" />
				<instance_reference name="tp_z_emplacement" value="squad_formations\races\space_marines\spa_arrow_assault_terminators" />
				<instance_reference name="tp_z_ice" value="squad_formations\races\space_marines\spa_arrow_assault_terminators" />
				<instance_reference name="tp_z_snow" value="squad_formations\races\space_marines\spa_arrow_assault_terminators" />
				<instance_reference name="tp_zz_deep_snow" value="squad_formations\races\space_marines\spa_arrow_assault_terminators" />
				<instance_reference name="tp_zz_mud" value="squad_formations\races\space_marines\spa_arrow_assault_terminators" />
				<instance_reference name="tp_zz_team_weapon_heavy" value="squad_formations\races\space_marines\spa_arrow_assault_terminators" />
				<instance_reference name="tp_shot_absorber" value="squad_formations\races\space_marines\spa_arrow_assault_terminators" />
			</enum_table>
			<enum_table name="moving_cover_formation_override_table">
				<instance_reference name="tp_defcover" value="squad_formations\races\space_marines\spa_arrow_assault_terminators" />
				<instance_reference name="tp_defcover_narrow" value="squad_formations\races\space_marines\spa_arrow_assault_terminators" />
				<instance_reference name="tp_garrison_cover" value="squad_formations\races\space_marines\spa_arrow_assault_terminators" />
				<instance_reference name="tp_garrison_halftrack" value="squad_formations\races\space_marines\spa_arrow_assault_terminators" />
				<instance_reference name="tp_heavy" value="squad_formations\races\space_marines\spa_arrow_assault_terminators" />
				<instance_reference name="tp_light" value="squad_formations\races\space_marines\spa_arrow_assault_terminators" />
				<instance_reference name="tp_negative" value="squad_formations\races\space_marines\spa_arrow_assault_terminators" />
				<instance_reference name="tp_open" value="squad_formations\races\space_marines\spa_arrow_assault_terminators" />
				<instance_reference name="tp_smoke" value="squad_formations\races\space_marines\spa_arrow_assault_terminators" />
				<instance_reference name="tp_trench" value="squad_formations\races\space_marines\spa_arrow_assault_terminators" />
				<instance_reference name="tp_water" value="squad_formations\races\space_marines\spa_arrow_assault_terminators" />
				<instance_reference name="tp_z_bunker" value="squad_formations\races\space_marines\spa_arrow_assault_terminators" />
				<instance_reference name="tp_z_emplacement" value="squad_formations\races\space_marines\spa_arrow_assault_terminators" />
				<instance_reference name="tp_z_ice" value="squad_formations\races\space_marines\spa_arrow_assault_terminators" />
				<instance_reference name="tp_z_snow" value="squad_formations\races\space_marines\spa_arrow_assault_terminators" />
				<instance_reference name="tp_zz_deep_snow" value="squad_formations\races\space_marines\spa_arrow_assault_terminators" />
				<instance_reference name="tp_zz_mud" value="squad_formations\races\space_marines\spa_arrow_assault_terminators" />
				<instance_reference name="tp_zz_team_weapon_heavy" value="squad_formations\races\space_marines\spa_arrow_assault_terminators" />
				<instance_reference name="tp_shot_absorber" value="squad_formations\races\space_marines\spa_arrow_assault_terminators" />
			</enum_table>
		</template_reference>
		<template_reference name="squadexts" value="sbpextensions\squad_item_slot_ext">
			<bool name="can_pick_up" value="False" />
			<float name="num_slots" value="1" />
		</template_reference>
		<template_reference name="squadexts" value="sbpextensions\squad_loadout_ext">
			<list name="unit_list">
				<group name="loadout_data">
					<float name="num" value="3" />
					<instance_reference name="type" value="ebps\races\space_marines\elite_units\spa_terminator" mod="60ed49e7f5804e029b05dbf2d2806718" />
				</group>
			</list>
			<float name="squad_female_chance" value="0" />
		</template_reference>
		<template_reference name="squadexts" value="sbpextensions\squad_modifier_ext">
		</template_reference>
		<template_reference name="squadexts" value="sbpextensions\squad_requirement_ext">
			<list name="requirement_table">
				<template_reference name="required" value="requirements\required_structure">
					<enum name="reason" value="usage" />
					<locstring name="ui_name" value="0" />
					<instance_reference name="structure_name" value="ebps\races\space_marines\structures\spa_barracks" mod="60ed49e7f5804e029b05dbf2d2806718" />
					<int name="required_structure_count" value="1" />
					<bool name="check_team" value="False" />
					<bool name="require_construction_complete" value="True" />
				</template_reference>
			</list>
		</template_reference>
		<template_reference name="squadexts" value="sbpextensions\squad_upgrade_apply_ext">
			<list name="upgrades">
			</list>
		</template_reference>
		<template_reference name="squadexts" value="sbpextensions\squad_upgrade_ext">
			<float name="number_of_slots" value="-1" />
			<list name="upgrades">
			</list>
			<int name="max_queue_size_override" value="-1" />
		</template_reference>
		<template_reference name="squadexts" value="sbpextensions\squad_action_apply_ext">
			<list name="actions">
				<template_reference name="action" value="action\sound_action">
					<sound name="play_event" value="t05mis_spa_terminator_squad_squad_spawn" />
					<uniqueid name="id" value="1073742011" />
					<sound name="stop_event" value="t05mis_spa_terminator_squad_squad_death" />
					<enum name="visibility_type" value="Global" />
				</template_reference>
				<template_reference name="action" value="action\player_target_action" comment="Write a ledger to the player so that we know the elite is alive.  This is removed when the elite squad is dead (squad_health_ext).  Used for presence doctrines in lieu of a proper requirement.">
					<bool name="allies" value="False" />
					<bool name="enemies" value="False" />
					<bool name="neutral" value="False" />
					<bool name="self" value="True" />
					<list name="subactions">
						<template_reference name="action" value="action\ledger_write_action">
							<uniqueid name="id" value="1073742012" />
							<string name="key" value="terminator_alive" />
							<enum name="operator" value="set" />
							<float name="operand" value="1" />
							<bool name="persistent" value="False" />
							<string name="read_key_from_ledger_key" value="" />
						</template_reference>
					</list>
					<uniqueid name="id" value="1073742013" />
					<bool name="player_target" value="True" />
				</template_reference>
				<template_reference name="action" value="action\add_shield_action" comment="Standard Shield - Added and then turned off">
					<uniqueid name="id" value="1073742014" />
					<bool name="permanent" value="False" />
					<instance_reference name="shield" value="shield\space_marines\gameplay\spa_standard_temporary_shield" />
				</template_reference>
				<template_reference name="action" value="action\apply_modifiers_action" comment="Turns off the standard shield which is then turned on with an aura">
					<float name="duration" value="0" />
					<bool name="permanent" value="False" />
					<list name="modifiers">
						<template_reference name="modifier" value="modifiers\shield_modifier">
							<enum name="application_type" value="apply_to_shield" />
							<bool name="exclusive" value="False" />
							<string name="modifier_id" value="" />
							<instance_reference name="tooltip" value="" />
							<enum name="usage_type" value="enable" />
							<float name="value" value="-1" />
							<instance_reference name="target_type_name" value="shield\space_marines\gameplay\spa_standard_temporary_shield" />
							<enum name="type" value="shield_enable_modifier" />
						</template_reference>
					</list>
					<uniqueid name="id" value="1073742015" />
				</template_reference>
				<template_reference name="action" value="action\slot_item_add">
					<instance_reference name="slot_item" value="slot_item\races\space_marines\elite_units\terminator\spa_cyclone_missile_launcher_terminator" />
					<bool name="permanent" value="True" />
					<uniqueid name="id" value="1073742016" />
				</template_reference>
				<template_reference name="action" value="action\requirement_action" comment="Change the Elite's reticule to the Mastery Reticule">
					<bool name="check_self" value="False" />
					<bool name="validation_requires_requirements" value="False" />
					<bool name="validate_all_sub_actions" value="False" />
					<list name="requirement_table">
						<template_reference name="required" value="requirements\required_squad_experience">
							<enum name="reason" value="usage" />
							<locstring name="ui_name" value="0" />
							<int name="minimum_level" value="10" />
						</template_reference>
					</list>
					<list name="action_table">
						<template_reference name="action" value="action\ui_selection_target_type_action">
							<uniqueid name="id" value="1073742017" />
							<bool name="permanent" value="True" />
							<enum name="selection_name" value="selection_elite_progression_spa" />
						</template_reference>
					</list>
					<uniqueid name="id" value="1073742018" />
					<template_reference name="ui_help_text" value="tables\help_text_phrase">
						<int name="phrase_order" value="0" />
						<locstring name="phrase" value="0" />
					</template_reference>
					<template_reference name="behaviour_type" value="options\action\requirement_action\check_only_when_this_starts">
					</template_reference>
				</template_reference>
			</list>
		</template_reference>
		<template_reference name="squadexts" value="sbpextensions\squad_combat_behaviour_ext">
			<float name="heavy_weapon_setup_delay" value="999" />
			<float name="reaction_delay_seconds" value="25" />
			<float name="reveal_self_attacker_time" value="0" />
			<bool name="reveal_self_attacker_time_use" value="False" />
			<file name="squad_ai_file" value="" />
			<file name="squad_ai_pinned_file" value="" />
			<file name="squad_ai_reaction_file" value="" />
			<file name="squad_ai_retaliation_file" value="" />
			<group name="suppression">
				<bool name="can_be_suppressed" value="False" />
				<float name="noncombat_delay" value="7" />
				<float name="noncombat_recover_multiplier" value="50" />
				<float name="pin_down_activate_threshold" value="0.6" />
				<float name="pin_down_recover_threshold" value="0.5" />
				<float name="recover_rate" value="0.008" />
				<float name="suppressed_activate_threshold" value="0.2" />
				<float name="suppressed_recover_threshold" value="0.15" />
				<list name="pin_down_activate_actions">
				</list>
				<list name="suppressed_activate_actions">
				</list>
				<enum_table name="cover_info">
					<template_reference name="tp_defcover" value="suppression_cover_info">
						<float name="recover_multiplier" value="1" />
					</template_reference>
					<template_reference name="tp_defcover_narrow" value="suppression_cover_info">
						<float name="recover_multiplier" value="1" />
					</template_reference>
					<template_reference name="tp_garrison_cover" value="suppression_cover_info">
						<float name="recover_multiplier" value="500" />
					</template_reference>
					<template_reference name="tp_garrison_halftrack" value="suppression_cover_info">
						<float name="recover_multiplier" value="1" />
					</template_reference>
					<template_reference name="tp_heavy" value="suppression_cover_info">
						<float name="recover_multiplier" value="5" />
					</template_reference>
					<template_reference name="tp_light" value="suppression_cover_info">
						<float name="recover_multiplier" value="2.5" />
					</template_reference>
					<template_reference name="tp_negative" value="suppression_cover_info">
						<float name="recover_multiplier" value="0.5" />
					</template_reference>
					<template_reference name="tp_open" value="suppression_cover_info">
						<float name="recover_multiplier" value="0.75" />
					</template_reference>
					<template_reference name="tp_smoke" value="suppression_cover_info">
						<float name="recover_multiplier" value="1" />
					</template_reference>
					<template_reference name="tp_trench" value="suppression_cover_info">
						<float name="recover_multiplier" value="1" />
					</template_reference>
					<template_reference name="tp_water" value="suppression_cover_info">
						<float name="recover_multiplier" value="1" />
					</template_reference>
					<template_reference name="tp_z_bunker" value="suppression_cover_info">
						<float name="recover_multiplier" value="1" />
					</template_reference>
					<template_reference name="tp_z_emplacement" value="suppression_cover_info">
						<float name="recover_multiplier" value="1" />
					</template_reference>
					<template_reference name="tp_z_ice" value="suppression_cover_info">
						<float name="recover_multiplier" value="1" />
					</template_reference>
					<template_reference name="tp_z_snow" value="suppression_cover_info">
						<float name="recover_multiplier" value="1" />
					</template_reference>
					<template_reference name="tp_zz_deep_snow" value="suppression_cover_info">
						<float name="recover_multiplier" value="1" />
					</template_reference>
					<template_reference name="tp_zz_mud" value="suppression_cover_info">
						<float name="recover_multiplier" value="1" />
					</template_reference>
					<template_reference name="tp_zz_team_weapon_heavy" value="suppression_cover_info">
						<float name="recover_multiplier" value="1" />
					</template_reference>
					<template_reference name="tp_shot_absorber" value="suppression_cover_info">
						<float name="recover_multiplier" value="1" />
					</template_reference>
				</enum_table>
			</group>
			<group name="pilfer">
				<bool name="can_pilfer" value="False" />
				<group name="weapon">
					<group name="heading">
						<float name="x" value="0" />
						<float name="y" value="0" />
						<float name="z" value="1" />
					</group>
					<float name="length" value="0" />
					<group name="origin">
						<float name="x" value="0" />
						<float name="y" value="0.5" />
						<float name="z" value="0" />
					</group>
					<enum name="type" value="default" />
					<instance_reference name="weapon" value="" />
				</group>
				<instance_reference name="remove_weapon" value="" />
			</group>
			<float name="reaction_combat_delay_seconds" value="30" />
			<file name="squad_ai_sniped_file" value="" />
			<template_reference name="can_recrew_abandoned_option" value="options\none">
			</template_reference>
			<template_reference name="charge_option" value="options\none">
			</template_reference>
			<bool name="disable_ranged_weapons_when_tied_up" value="True" />
			<int name="melee_tieup_attacking_priority" value="0" />
			<int name="melee_tieup_defending_priority" value="0" />
			<bool name="ranged_weapons_prefer_single_squad_target" value="True" />
			<bool name="accept_move_commands_while_combat" value="False" />
			<float name="reveal_defender_time" value="0" />
			<bool name="reveal_defender_time_use" value="False" />
			<instance_reference name="range_reticule" value="ui_reticule\ability_range_default_marines" />
		</template_reference>
		<template_reference name="squadexts" value="sbpextensions\squad_holdable_ext">
			<list name="modifier_table">
			</list>
		</template_reference>
		<template_reference name="squadexts" value="sbpextensions\squad_ability_ext">
			<list name="abilities">
				<instance_reference name="ability" value="abilities\races\space_marines\terminator\spa_teleport_terminator" />
				<instance_reference name="ability" value="abilities\races\space_marines\terminator\spa_cyclone_missile_barrage_terminator" />
				<instance_reference name="ability" value="abilities\races\eldar\structures\eld_teleport_webway_portal_ork_tunnel" />
				<instance_reference name="ability" value="abilities\races\eldar\warp_spiders\eld_warp_rift" />
			</list>
			<bool name="allow_targeted_abilities_whilst_moving" value="False" />
			<int name="ui_combine_priority" value="160" />
		</template_reference>
		<template_reference name="squadexts" value="sbpextensions\squad_capture_strategic_point_ext">
			<float name="capture_distance" value="4" />
			<float name="capture_rate_multiplier" value="1" />
			<float name="revert_rate_multiplier" value="1" />
		</template_reference>
		<template_reference name="squadexts" value="sbpextensions\squad_population_ext">
			<float name="personnel_pop" value="0" />
		</template_reference>
		<template_reference name="squadexts" value="sbpextensions\squad_type_ext">
			<list name="squad_type_list">
			</list>
		</template_reference>
		<template_reference name="squadexts" value="sbpextensions\squad_health_ext">
			<float name="regeneration_per_second" value="1" />
			<list name="shields">
			</list>
			<list name="death_actions">
				<template_reference name="action" value="action\spawn_entity" comment="This is a system that escalates an elite units respawn timer by 30 seconds every time they die. The unit gets a first 'free' death where they don't incur a penalty (their base respawn rate, essentially).  Works as follows:&#xD;&#xA;&#xD;&#xA;1) Changes target to self (so the unit dying, not the killer)&#xD;&#xA;2) Sets the target to player&#xD;&#xA;3) Increases the recharge time of the ability by 30 seconds&#xD;&#xA;4) After a 1 tick delay, sets a ledger to 1&#xD;&#xA;5) Checks to see if the ledger has been set and plays a kicker that says +30 sec respawn&#xD;&#xA;&#xD;&#xA;NOTE: I have to apply this modifier the first time they die.  Reason being is that the cooldown doesn't update if its already in the process of cooling down. When I was only granting it from the 2nd time onward, it didn't actually apply until their third death. Unintuitive for implementation, but it works.  I could use the action, but I think that would be expensive since they'd be hanging around forever.">
					<float name="duration" value="0.75" />
					<instance_reference name="entity_blueprint" value="ebps\gameplay\elite_squad_cooldown_object" />
					<bool name="permanent" value="False" />
					<bool name="player_owned" value="True" />
					<uniqueid name="id" value="1073742019" />
					<template_reference name="spawn_attached_option" value="options\none">
					</template_reference>
					<list name="spawned_entity_actions">
						<template_reference name="actions" value="action\set_is_hidden_action">
							<uniqueid name="id" value="1073742020" />
							<bool name="is_hidden" value="True" />
						</template_reference>
						<template_reference name="actions" value="action\requirement_action">
							<bool name="check_self" value="False" />
							<bool name="validation_requires_requirements" value="False" />
							<bool name="validate_all_sub_actions" value="False" />
							<list name="requirement_table">
								<template_reference name="required" value="requirements\required_any_in_list" comment="Bug fix so this doesn't appear for enemies in campaign. Basically checks to see if you are a player because either power core mode is enabled or you have one of the assigned difficulties.">
									<enum name="reason" value="usage" />
									<locstring name="ui_name" value="0" />
									<list name="requirements">
										<template_reference name="requirement" value="requirements\required_player_upgrade">
											<enum name="reason" value="usage" />
											<locstring name="ui_name" value="0" />
											<bool name="is_present" value="True" />
											<int name="max_completed" value="100" />
											<int name="min_completed" value="1" />
											<instance_reference name="upgrade_name" value="upgrade\gameplay\power_core_mode" />
											<bool name="include_queued" value="False" />
										</template_reference>
										<template_reference name="requirement" value="requirements\required_player_upgrade">
											<enum name="reason" value="usage" />
											<locstring name="ui_name" value="0" />
											<bool name="is_present" value="True" />
											<int name="max_completed" value="100" />
											<int name="min_completed" value="1" />
											<instance_reference name="upgrade_name" value="upgrade\gameplay\sp\common\dow3_sp_difficulty_easy" />
											<bool name="include_queued" value="False" />
										</template_reference>
										<template_reference name="requirement" value="requirements\required_player_upgrade">
											<enum name="reason" value="usage" />
											<locstring name="ui_name" value="0" />
											<bool name="is_present" value="True" />
											<int name="max_completed" value="100" />
											<int name="min_completed" value="1" />
											<instance_reference name="upgrade_name" value="upgrade\gameplay\sp\common\dow3_sp_difficulty_normal" />
											<bool name="include_queued" value="False" />
										</template_reference>
										<template_reference name="requirement" value="requirements\required_player_upgrade">
											<enum name="reason" value="usage" />
											<locstring name="ui_name" value="0" />
											<bool name="is_present" value="True" />
											<int name="max_completed" value="100" />
											<int name="min_completed" value="1" />
											<instance_reference name="upgrade_name" value="upgrade\gameplay\sp\common\dow3_sp_difficulty_hard" />
											<bool name="include_queued" value="False" />
										</template_reference>
									</list>
								</template_reference>
							</list>
							<list name="action_table">
								<template_reference name="action" value="action\requirement_action">
									<bool name="check_self" value="False" />
									<bool name="validation_requires_requirements" value="False" />
									<bool name="validate_all_sub_actions" value="False" />
									<list name="requirement_table">
										<template_reference name="required" value="requirements\required_ledger">
											<locstring name="ui_name" value="0" />
											<enum name="reason" value="usage" />
											<string name="key" value="terminator_first_death" />
											<float name="default_value" value="0" />
											<float name="compare_to_value" value="1" />
											<enum name="comparison" value="equal_to" />
											<enum name="ledger_type" value="player_ledger" />
											<float name="ui_max_value" value="0" />
											<float name="ui_min_value" value="0" />
											<string name="read_key_from_ledger_key" value="" />
										</template_reference>
									</list>
									<list name="action_table">
										<template_reference name="action" value="action\requirement_action">
											<bool name="check_self" value="False" />
											<bool name="validation_requires_requirements" value="False" />
											<bool name="validate_all_sub_actions" value="False" />
											<list name="requirement_table">
												<template_reference name="required" value="requirements\required_any_in_list" comment="Bug fix so this doesn't appear for enemies in campaign. Basically checks to see if you are a player because either power core mode is enabled or you have one of the assigned difficulties.">
													<enum name="reason" value="usage" />
													<locstring name="ui_name" value="0" />
													<list name="requirements">
														<template_reference name="requirement" value="requirements\required_player_upgrade">
															<enum name="reason" value="usage" />
															<locstring name="ui_name" value="0" />
															<bool name="is_present" value="True" />
															<int name="max_completed" value="100" />
															<int name="min_completed" value="1" />
															<instance_reference name="upgrade_name" value="upgrade\gameplay\power_core_mode" />
															<bool name="include_queued" value="False" />
														</template_reference>
														<template_reference name="requirement" value="requirements\required_player_upgrade">
															<enum name="reason" value="usage" />
															<locstring name="ui_name" value="0" />
															<bool name="is_present" value="True" />
															<int name="max_completed" value="100" />
															<int name="min_completed" value="1" />
															<instance_reference name="upgrade_name" value="upgrade\gameplay\sp\common\dow3_sp_difficulty_hard" />
															<bool name="include_queued" value="False" />
														</template_reference>
													</list>
												</template_reference>
											</list>
											<list name="action_table">
												<template_reference name="action" value="action\kicker_message_action">
													<float name="loop_interval" value="0" />
													<locstring name="message" value="0" />
													<colour name="message_colour" value="*" />
													<float name="message_duration" value="1" />
													<bool name="team_only" value="False" />
													<bool name="check_fow" value="False" />
													<uniqueid name="id" value="1073742021" />
												</template_reference>
											</list>
											<uniqueid name="id" value="1073742022" />
											<template_reference name="ui_help_text" value="tables\help_text_phrase">
												<int name="phrase_order" value="0" />
												<locstring name="phrase" value="0" />
											</template_reference>
											<template_reference name="behaviour_type" value="options\action\requirement_action\check_only_when_this_starts">
											</template_reference>
										</template_reference>
										<template_reference name="action" value="action\requirement_action">
											<bool name="check_self" value="False" />
											<bool name="validation_requires_requirements" value="False" />
											<bool name="validate_all_sub_actions" value="False" />
											<list name="requirement_table">
												<template_reference name="required" value="requirements\required_player_upgrade" comment="Bug fix so this doesn't appear for enemies in campaign. Basically checks to see if you are a player because either power core mode is enabled or you have one of the assigned difficulties.">
													<enum name="reason" value="usage" />
													<locstring name="ui_name" value="0" />
													<bool name="is_present" value="True" />
													<int name="max_completed" value="100" />
													<int name="min_completed" value="1" />
													<instance_reference name="upgrade_name" value="upgrade\gameplay\sp\common\dow3_sp_difficulty_easy" />
													<bool name="include_queued" value="False" />
												</template_reference>
											</list>
											<list name="action_table">
												<template_reference name="action" value="action\kicker_message_action">
													<float name="loop_interval" value="0" />
													<locstring name="message" value="0" />
													<colour name="message_colour" value="*" />
													<float name="message_duration" value="1" />
													<bool name="team_only" value="False" />
													<bool name="check_fow" value="False" />
													<uniqueid name="id" value="1073742023" />
												</template_reference>
											</list>
											<uniqueid name="id" value="1073742024" />
											<template_reference name="ui_help_text" value="tables\help_text_phrase">
												<int name="phrase_order" value="0" />
												<locstring name="phrase" value="0" />
											</template_reference>
											<template_reference name="behaviour_type" value="options\action\requirement_action\check_only_when_this_starts">
											</template_reference>
										</template_reference>
										<template_reference name="action" value="action\requirement_action">
											<bool name="check_self" value="False" />
											<bool name="validation_requires_requirements" value="False" />
											<bool name="validate_all_sub_actions" value="False" />
											<list name="requirement_table">
												<template_reference name="required" value="requirements\required_player_upgrade" comment="Bug fix so this doesn't appear for enemies in campaign. Basically checks to see if you are a player because either power core mode is enabled or you have one of the assigned difficulties.">
													<enum name="reason" value="usage" />
													<locstring name="ui_name" value="0" />
													<bool name="is_present" value="True" />
													<int name="max_completed" value="100" />
													<int name="min_completed" value="1" />
													<instance_reference name="upgrade_name" value="upgrade\gameplay\sp\common\dow3_sp_difficulty_normal" />
													<bool name="include_queued" value="False" />
												</template_reference>
											</list>
											<list name="action_table">
												<template_reference name="action" value="action\kicker_message_action">
													<float name="loop_interval" value="0" />
													<locstring name="message" value="0" />
													<colour name="message_colour" value="*" />
													<float name="message_duration" value="1" />
													<bool name="team_only" value="False" />
													<bool name="check_fow" value="False" />
													<uniqueid name="id" value="1073742025" />
												</template_reference>
											</list>
											<uniqueid name="id" value="1073742026" />
											<template_reference name="ui_help_text" value="tables\help_text_phrase">
												<int name="phrase_order" value="0" />
												<locstring name="phrase" value="0" />
											</template_reference>
											<template_reference name="behaviour_type" value="options\action\requirement_action\check_only_when_this_starts">
											</template_reference>
										</template_reference>
									</list>
									<uniqueid name="id" value="1073742027" />
									<template_reference name="ui_help_text" value="tables\help_text_phrase">
										<int name="phrase_order" value="0" />
										<locstring name="phrase" value="0" />
									</template_reference>
									<template_reference name="behaviour_type" value="options\action\requirement_action\check_only_when_this_starts">
									</template_reference>
								</template_reference>
								<template_reference name="action" value="action\player_target_action">
									<bool name="allies" value="False" />
									<bool name="enemies" value="False" />
									<bool name="neutral" value="False" />
									<bool name="self" value="True" />
									<list name="subactions">
										<template_reference name="action" value="action\fire_and_forget_action">
											<uniqueid name="id" value="1073742028" />
											<list name="fire_and_forget_actions">
												<template_reference name="action" value="action\apply_modifiers_action">
													<float name="duration" value="0" />
													<bool name="permanent" value="True" />
													<list name="modifiers">
														<template_reference name="modifier" value="modifiers\ability_modifier">
															<enum name="type" value="ability_recharge_time_modifier" />
															<enum name="application_type" value="apply_to_ability" />
															<enum name="usage_type" value="addition" />
															<float name="value" value="30" />
															<instance_reference name="tooltip" value="" />
															<bool name="exclusive" value="False" />
															<string name="modifier_id" value="" />
															<instance_reference name="target_type_name" value="abilities\races\space_marines\elite_deploy\spa_ed_terminator" />
														</template_reference>
													</list>
													<uniqueid name="id" value="1073742029" />
												</template_reference>
											</list>
											<bool name="fire_if_any_can" value="True" />
										</template_reference>
										<template_reference name="action" value="action\delay">
											<float name="delay" value="0.125" />
											<float name="delay_min" value="0" />
											<bool name="progress_bar" value="False" />
											<bool name="randomize" value="False" />
											<list name="delayed_actions">
												<template_reference name="action" value="action\ledger_write_action">
													<uniqueid name="id" value="1073742030" />
													<string name="key" value="terminator_first_death" />
													<enum name="operator" value="set" />
													<float name="operand" value="1" />
													<bool name="persistent" value="False" />
													<string name="read_key_from_ledger_key" value="" />
												</template_reference>
											</list>
											<uniqueid name="id" value="1073742031" />
											<bool name="can_prevent_refund" value="False" />
										</template_reference>
									</list>
									<uniqueid name="id" value="1073742032" />
									<bool name="player_target" value="True" />
								</template_reference>
							</list>
							<uniqueid name="id" value="1073742033" />
							<template_reference name="ui_help_text" value="tables\help_text_phrase">
								<int name="phrase_order" value="0" />
								<locstring name="phrase" value="0" />
							</template_reference>
							<template_reference name="behaviour_type" value="options\action\requirement_action\check_only_when_this_starts">
							</template_reference>
						</template_reference>
					</list>
					<group name="offset">
						<float name="x" value="0" />
						<float name="y" value="0" />
						<float name="z" value="0" />
					</group>
					<bool name="offset_in_target_coord_system" value="False" />
					<bool name="spawn_at_target_height" value="False" />
					<bool name="force_construction" value="True" />
					<list name="target_requirements">
					</list>
				</template_reference>
				<template_reference name="action" value="action\player_target_action" comment="Write a ledger to the player so that we know the elite is alive.  This is removed when the elite is dead (entity health_ext).  Used for presence doctrines in lieu of a proper requirement.">
					<bool name="allies" value="False" />
					<bool name="enemies" value="False" />
					<bool name="neutral" value="False" />
					<bool name="self" value="True" />
					<list name="subactions">
						<template_reference name="action" value="action\ledger_write_action">
							<uniqueid name="id" value="1073742034" />
							<string name="key" value="terminator_alive" />
							<enum name="operator" value="set" />
							<float name="operand" value="0" />
							<bool name="persistent" value="False" />
							<string name="read_key_from_ledger_key" value="" />
						</template_reference>
					</list>
					<uniqueid name="id" value="1073742035" />
					<bool name="player_target" value="True" />
				</template_reference>
				<template_reference name="action" value="action\speech_action">
					<uniqueid name="id" value="1073742036" />
					<list name="argument_overrides">
						<template_reference name="argument_override" value="speech_argument_override">
							<enum name="argument_name" value="death_type" />
							<string name="value" value="squad" />
						</template_reference>
					</list>
					<template_reference name="speech_event" value="speech_event_squad_name">
						<enum name="speech_event_squad" value="death" />
					</template_reference>
				</template_reference>
			</list>
			<enum name="regenerated_entity_spawn_type_key" value="sm_unit_reinforce" />
		</template_reference>
		<template_reference name="squadexts" value="sbpextensions\squad_experience_ext">
			<list name="trait_list">
				<group name="elite_trait">
					<instance_reference name="trait_upgrade" value="" />
					<locstring name="text_name" value="0" />
					<locstring name="text_description" value="0" />
					<enum name="unlock_level" value="1" />
					<icon name="icon_force" value="" />
				</group>
			</list>
			<float name="exp_gain_multiplier" value="1" />
			<bool name="event_on_levelup" value="False" />
		</template_reference>
		<template_reference name="squadexts" value="sbpextensions\squad_item_ext">
		</template_reference>
		<template_reference name="squadexts" value="sbpextensions\squad_resource_ext">
			<enum_table name="initial_resources">
				<float name="action" value="0" />
				<float name="power" value="0" />
				<float name="requisition" value="0" />
				<float name="popcap" value="0" />
				<float name="command" value="0" />
				<float name="drop_pods" value="0" />
				<float name="feat" value="0" />
				<float name="gamma" value="0" />
			</enum_table>
			<enum_table name="max_resources">
				<float name="action" value="300" />
				<float name="power" value="0" />
				<float name="requisition" value="0" />
				<float name="popcap" value="0" />
				<float name="command" value="0" />
				<float name="drop_pods" value="0" />
				<float name="feat" value="0" />
				<float name="gamma" value="0" />
			</enum_table>
			<list name="conditional_incomes">
				<group name="conditional_income">
					<enum_table name="resource_income_per_second">
						<float name="action" value="7.5" />
						<float name="command" value="0" />
						<float name="power" value="0" />
						<float name="requisition" value="0" />
						<float name="popcap" value="0" />
						<float name="drop_pods" value="0" />
						<float name="feat" value="0" />
						<float name="gamma" value="0" />
					</enum_table>
					<list name="resource_income_requirements">
						<template_reference name="requirement" value="requirements\required_all_in_list">
							<enum name="reason" value="usage" />
							<locstring name="ui_name" value="0" />
							<list name="requirements">
								<template_reference name="requirement" value="requirements\required_in_state">
									<enum name="reason" value="usage" />
									<locstring name="ui_name" value="0" />
									<list name="check_states">
									</list>
									<float name="was_attacked_within_seconds" value="-1" />
									<float name="was_attacking_within_seconds" value="1" />
								</template_reference>
								<template_reference name="requirement" value="requirements\required_not">
									<enum name="reason" value="usage" />
									<locstring name="ui_name" value="0" />
									<list name="requirement_table">
										<template_reference name="required" value="requirements\required_in_state">
											<enum name="reason" value="usage" />
											<locstring name="ui_name" value="0" />
											<list name="check_states">
												<enum name="state_requirement_type" value="in_melee" />
											</list>
											<float name="was_attacked_within_seconds" value="-1" />
											<float name="was_attacking_within_seconds" value="-1" />
										</template_reference>
									</list>
								</template_reference>
								<template_reference name="requirement" value="requirements\required_ability_state">
									<enum name="reason" value="usage" />
									<locstring name="ui_name" value="0" />
									<bool name="is_active" value="False" />
									<instance_reference name="ability_name" value="abilities\races\space_marines\terminator\spa_cyclone_missile_barrage_terminator" />
									<enum name="ability_active_prereq_owner_type" value="entity" />
								</template_reference>
								<template_reference name="requirement" value="requirements\required_ledger">
									<locstring name="ui_name" value="0" />
									<enum name="reason" value="usage" />
									<string name="key" value="disable_fury_against_neutral" />
									<float name="default_value" value="0" />
									<float name="compare_to_value" value="0" />
									<enum name="comparison" value="less_than_or_equal_to" />
									<enum name="ledger_type" value="squad_ledger" />
									<float name="ui_max_value" value="0" />
									<float name="ui_min_value" value="0" />
									<string name="read_key_from_ledger_key" value="" />
								</template_reference>
							</list>
						</template_reference>
					</list>
				</group>
				<group name="conditional_income">
					<enum_table name="resource_income_per_second">
						<float name="action" value="-40" />
						<float name="command" value="0" />
						<float name="power" value="0" />
						<float name="requisition" value="0" />
						<float name="popcap" value="0" />
						<float name="drop_pods" value="0" />
						<float name="feat" value="0" />
						<float name="gamma" value="0" />
					</enum_table>
					<list name="resource_income_requirements">
						<template_reference name="requirement" value="requirements\required_any_in_list">
							<enum name="reason" value="usage" />
							<locstring name="ui_name" value="0" />
							<list name="requirements">
								<template_reference name="requirement" value="requirements\required_not">
									<enum name="reason" value="usage" />
									<locstring name="ui_name" value="0" />
									<list name="requirement_table">
										<template_reference name="required" value="requirements\required_in_state">
											<enum name="reason" value="usage" />
											<locstring name="ui_name" value="0" />
											<list name="check_states">
											</list>
											<float name="was_attacked_within_seconds" value="-1" />
											<float name="was_attacking_within_seconds" value="16" />
										</template_reference>
									</list>
								</template_reference>
							</list>
						</template_reference>
					</list>
				</group>
			</list>
			<group name="resource_bar">
				<enum name="resource_shown" value="action" />
				<instance_reference name="bar_style" value="ui_resource_bar_style\rage" />
			</group>
		</template_reference>
		<template_reference name="squadexts" value="sbpextensions\squad_speech_ext">
			<string name="squad_speaker_code" value="terminator" />
			<group name="squad_speech_parameters">
				<string name="squad_class_code" value="infantry_ranged" />
				<string name="squad_name_code" value="unit" />
				<string name="squad_unit_code" value="spa_terminator" />
			</group>
			<int name="importance" value="46" />
			<bool name="is_idle_battle_chatter_enabled" value="False" />
			<list name="squad_speaker_code_overrides">
			</list>
		</template_reference>
		<template_reference name="squadexts" value="sbpextensions\squad_audio_ext">
			<list name="rtpc_events">
				<template_reference name="rtpc_event" value="rtpc_event">
					<uniqueid name="pbgid" value="1073741823" />
					<float name="threshold" value="1" />
					<string name="event" value="t05mis_spa_terminator_in_fov_increment" />
					<bool name="trigger_when_increasing" value="True" />
					<bool name="trigger_when_decreasing" value="True" />
					<enum name="rtpc" value="in_fov" />
				</template_reference>
				<template_reference name="rtpc_event" value="rtpc_event">
					<uniqueid name="pbgid" value="1073741824" />
					<float name="threshold" value="0" />
					<string name="event" value="t05mis_spa_terminator_in_fov_decrement" />
					<bool name="trigger_when_increasing" value="True" />
					<bool name="trigger_when_decreasing" value="True" />
					<enum name="rtpc" value="in_fov" />
				</template_reference>
			</list>
			<list name="sound_banks">
				<enum name="sound_bank" value="media_memory_sfx_race_spa_elite_00_terminator" />
				<enum name="sound_bank" value="structures_speech_gameplay_spa_elite_00_terminator" />
			</list>
			<template_reference name="kill_streak_option" value="options\sbpextensions\squad_audio_ext\kill_streak_option">
				<float name="max_seconds_between_kills" value="13" />
				<group name="kill_streak_thresholds">
					<int name="low" value="3" />
					<int name="medium" value="5" />
					<int name="high" value="7" />
					<int name="ultra" value="9" />
				</group>
			</template_reference>
			<enum name="death_event_type" value="" />
			<list name="sound_banks_overrides">
			</list>
			<bool name="in_fow_distance_to_enemy_rtpc_enabled" value="False" />
			<enum name="initial_spawn_event_type" value="" />
		</template_reference>
	</list>
	<uniqueid name="pbgid" value="1073741825" />
</instance>