<instance description="" template="ai\ai_personality">
	<group name="ai_personality_bag">
		<enum_table name="difficulty">
			<group name="easy">
				<instance_reference name="settings" value="ai\ai_settings\default_skirmish_standard" mod="a5fef7c6e07942ffb7483ef8065b8755" />
				<file name="lua_script" value="default_skirmish" />
				<instance_reference name="economy" value="ai\ai_economy_group\default_economy_group" mod="a5fef7c6e07942ffb7483ef8065b8755" />
			</group>
			<group name="standard">
				<instance_reference name="settings" value="ai\ai_settings\default_skirmish_hard" mod="a5fef7c6e07942ffb7483ef8065b8755" />
				<file name="lua_script" value="default_skirmish" />
				<instance_reference name="economy" value="ai\ai_economy_group\default_economy_group" mod="a5fef7c6e07942ffb7483ef8065b8755" />
			</group>
			<group name="hard">
				<instance_reference name="settings" value="ai\ai_settings\default_skirmish_hardest" mod="a5fef7c6e07942ffb7483ef8065b8755" />
				<file name="lua_script" value="default_skirmish" />
				<instance_reference name="economy" value="ai\ai_economy_group\default_economy_group" mod="a5fef7c6e07942ffb7483ef8065b8755" />
			</group>
		</enum_table>
	</group>
	<uniqueid name="pbgid" value="110167" />
</instance>