<instance description="Ability that allows trukks to pickup scrap for an UPGRADE" template="abilities">
	<group name="ability_bag" comment="Ability works as follows:&#xD;&#xA;&#xD;&#xA;1) Has a casting time that disables other units from looting that piece of scrap and adds to the decorator&#xD;&#xA;&#xD;&#xA;2) After casting write a ledger to the scrap (which tells it to destroy itself) and grant yourself an upgrade/ledger value.&#xD;&#xA;&#xD;&#xA;-- NOTE: I changed it so the scrap downgrades/destroys itself and spawns a unit so that it would be compatible with the Waaagh! tower scrap (this way we can have the waaagh tower spawn it instead, so it will know not to spawn another piece of scrap over top of it).">
		<group name="action_list">
			<list name="end_self_actions">
				<template_reference name="action" value="action\timed_action">
					<float name="duration" value="0.25" />
					<bool name="fire_and_forget" value="False" />
					<list name="subactions">
						<template_reference name="action" value="action\animator_set_state">
							<bool name="apply_to_leader_only" value="False" />
							<string name="do_action_state_name" value="wind_down" />
							<bool name="retrigger" value="False" />
							<string name="state_machine_name" value="ability_instant_state" />
							<string name="undo_action_state_name" value="off" />
							<uniqueid name="id" value="1073746171" />
						</template_reference>
						<template_reference name="action" value="action\animator_set_state">
							<bool name="apply_to_leader_only" value="False" />
							<string name="do_action_state_name" value="z" />
							<bool name="retrigger" value="False" />
							<string name="state_machine_name" value="ability_instant_id" />
							<string name="undo_action_state_name" value="off" />
							<uniqueid name="id" value="1073746172" />
						</template_reference>
					</list>
					<uniqueid name="id" value="1073746173" />
				</template_reference>
				<template_reference name="action" value="action\speech_action">
					<uniqueid name="id" value="1073746174" />
					<list name="argument_overrides">
						<template_reference name="argument_override" value="speech_argument_override">
							<enum name="argument_name" value="ability_speech_code" />
							<string name="value" value="ork_scrap" />
						</template_reference>
						<template_reference name="argument_override" value="speech_argument_override">
							<enum name="argument_name" value="ability_status" />
							<string name="value" value="complete" />
						</template_reference>
					</list>
					<template_reference name="speech_event" value="speech_event_squad_name">
						<enum name="speech_event_squad" value="ability" />
					</template_reference>
				</template_reference>
			</list>
			<list name="end_target_actions">
			</list>
			<list name="start_self_actions">
				<template_reference name="action" value="action\upgrade_add">
					<bool name="apply_to_entities_in_squad" value="False" />
					<bool name="trigger_publish_event" value="False" />
					<instance_reference name="upgrade" value="upgrade\ork_health_shield_tank" mod="a5fef7c6e07942ffb7483ef8065b8755" />
					<uniqueid name="id" value="1073746175" />
					<bool name="allow_duplicates" value="True" />
				</template_reference>
				<template_reference name="action" value="action\requirement_action" comment="Doctrine Bandage It: When you loot scrap you gain up to 35% of your health back">
					<bool name="check_self" value="True" />
					<bool name="validation_requires_requirements" value="False" />
					<bool name="validate_all_sub_actions" value="True" />
					<list name="requirement_table">
						<template_reference name="required" value="requirements\required_ledger">
							<locstring name="ui_name" value="0" />
							<enum name="reason" value="usage" />
							<string name="key" value="bandage_it_doctrine_unlock" />
							<float name="default_value" value="0" />
							<float name="compare_to_value" value="1" />
							<enum name="comparison" value="equal_to" />
							<enum name="ledger_type" value="player_ledger" />
							<float name="ui_max_value" value="0" />
							<float name="ui_min_value" value="0" />
							<string name="read_key_from_ledger_key" value="" />
						</template_reference>
					</list>
					<list name="action_table">
						<template_reference name="action" value="action\heal_action">
							<float name="amount_over_time" value="0" />
							<uniqueid name="id" value="1073746176" />
							<float name="amount_immediate" value="315" />
							<enum name="heal_type" value="raw_hp_with_overheal" />
							<list name="target_requirements">
							</list>
							<instance_reference name="optional_shield_pbg" value="" />
						</template_reference>
					</list>
					<uniqueid name="id" value="1073746177" />
					<template_reference name="ui_help_text" value="tables\help_text_phrase">
						<int name="phrase_order" value="0" />
						<locstring name="phrase" value="0" />
					</template_reference>
					<template_reference name="behaviour_type" value="options\action\requirement_action\check_only_when_this_starts">
					</template_reference>
				</template_reference>
				<template_reference name="action" value="action\animator_set_state">
					<bool name="apply_to_leader_only" value="False" />
					<string name="do_action_state_name" value="on" />
					<bool name="retrigger" value="False" />
					<string name="state_machine_name" value="upgrade" />
					<string name="undo_action_state_name" value="" />
					<uniqueid name="id" value="1073746178" />
				</template_reference>
			</list>
			<list name="start_target_actions" comment="2) After casting write a ledger to the scrap (which tells it to destroy itself) and grant yourself an upgrade/ledger value.&#xD;&#xA;&#xD;&#xA;-- NOTE: I changed it so the scrap downgrades/destroys itself and spawns a unit so that it would be compatible with the Waaagh! tower scrap (this way we can have the waaagh tower spawn it instead, so it will know not to spawn another piece of scrap over top of it).">
				<template_reference name="action" value="action\ledger_write_action">
					<uniqueid name="id" value="1073746179" />
					<string name="key" value="looted" />
					<enum name="operator" value="set" />
					<float name="operand" value="1" />
					<bool name="persistent" value="False" />
					<string name="read_key_from_ledger_key" value="" />
				</template_reference>
				<template_reference name="action" value="action\speech_action">
					<uniqueid name="id" value="1073746180" />
					<list name="argument_overrides">
						<template_reference name="argument_override" value="speech_argument_override">
							<enum name="argument_name" value="pickup_status" />
							<string name="value" value="complete" />
						</template_reference>
					</list>
					<template_reference name="speech_event" value="speech_event_squad_name">
						<enum name="speech_event_squad" value="pickup" />
					</template_reference>
				</template_reference>
			</list>
			<list name="abort_target_actions">
			</list>
			<list name="abort_self_actions">
			</list>
			<bool name="wait_until_abort_and_end_actions_finish" value="True" />
		</group>
		<enum name="activation" value="targeted" />
		<bool name="can_target_in_fow" value="True" />
		<float name="caster_close_in_distance" value="0" />
		<bool name="casters_can_evacuate" value="False" />
		<enum_table name="cost_to_player">
			<float name="action" value="0" />
			<float name="power" value="0" />
			<float name="requisition" value="0" />
			<float name="popcap" value="0" />
			<float name="command" value="0" />
			<float name="drop_pods" value="0" />
			<float name="feat" value="0" />
			<float name="gamma" value="0" />
		</enum_table>
		<string name="cursor_ghost_blueprint" value="" />
		<float name="cursor_ghost_blueprint_angle" value="0" />
		<bool name="disable_combat" value="True" />
		<bool name="disable_when_active" value="True" />
		<bool name="enable_in_building" value="False" />
		<bool name="enable_in_vehicle" value="False" />
		<bool name="engage_combat" value="False" />
		<float name="entity_busy_time" value="0" />
		<float name="facing_angle" value="25" />
		<bool name="facing_ignore" value="False" />
		<float name="final_close_in_distance" value="0" />
		<bool name="fire_and_forget" value="False" />
		<bool name="garrison_target" value="False" />
		<bool name="initial_recharge" value="False" />
		<bool name="move_back" value="False" />
		<float name="move_back_distance" value="10" />
		<float name="range" value="0" />
		<bool name="range_ignore" value="False" />
		<float name="recharge_time" value="1" />
		<bool name="refundable" value="True" />
		<bool name="require_no_shot_block" value="False" />
		<enum name="shared_timer" value="" />
		<bool name="shared_timer_player_wide" value="False" />
		<enum name="squad_caster" value="squad" />
		<enum name="target" value="tp_entity" />
		<float name="toggled_recharge_time_off" value="0" />
		<float name="toggled_recharge_time_on" value="0" />
		<group name="ui_cursor">
			<string name="cursor_bad" value="modal_ability_cancel" />
			<string name="cursor_good" value="modal_salvage" />
			<string name="cursor_nonmodal_good" value="modal_salvage" />
		</group>
		<group name="ui_info">
			<locstring name="extra_text" value="11116757" />
			<locstring name="help_text" value="224" mod="a5fef7c6e07942ffb7483ef8065b8755" />
			<string name="hotkey_name" value="E" />
			<icon name="icon_name" value="Icons_orks_abilities_loot" />
			<string name="overlay_name" value="" />
			<bool name="reveal_for_decryption" value="False" />
			<locstring name="screen_name" value="11128270" />
			<icon name="icon_alternate_name" value="" />
			<locstring name="brief_text" value="0" />
			<locstring name="help_text_alternate" value="0" />
			<locstring name="screen_name_alternate" value="0" />
			<locstring name="screen_name_short" value="0" />
			<enum name="ui_style" value="default" />
			<list name="nested_ui_info_source">
			</list>
			<list name="effect_attributes">
				<instance_reference name="ability_effect" value="ui_ability_effect\ability_effect_upgrade_temporary" />
			</list>
			<string name="info_video_url" value="" />
		</group>
		<locstring name="ui_usage_txt" value="0" />
		<bool name="validate_actions" value="False" />
		<list name="global_self_actions">
		</list>
		<list name="requirements">
			<template_reference name="required" value="requirements\required_squad_upgrade">
				<enum name="reason" value="usage_and_display" />
				<locstring name="ui_name" value="0" />
				<bool name="include_queued" value="False" />
				<bool name="is_present" value="False" />
				<instance_reference name="upgrade_name" value="upgrade\races\orks\line_units\trukk\ork_health_shield_trukk" mod="a5fef7c6e07942ffb7483ef8065b8755" />
				<int name="min_completed" value="1" />
				<int name="max_completed" value="100" />
			</template_reference>
		</list>
		<enum name="ability_super" value="tp_none" />
		<int name="ui_position" value="31" />
		<bool name="ui_mini_map_capture" value="False" />
		<bool name="facing_ignore_during_active" value="False" />
		<instance_reference name="ui_range" value="ui_reticule\ability_range_default_orks" />
		<instance_reference name="ui_reticule" value="" />
		<float name="ui_reticule_radius_min" value="1" />
		<float name="ui_reticule_radius_max" value="1" />
		<enum name="pending_ability_out_of_range_behaviour" value="ignore_range" />
		<enum name="ui_ability_group" value="group_primary" />
		<string name="ui_targetable_sm_key" value="" />
		<string name="ui_targetable_on_key" value="" />
		<string name="ui_targetable_off_key" value="" />
		<enum name="ui_targetable_receiver" value="local" />
		<enum name="ui_combine_type" value="intersection" />
		<enum_table name="ui_modal_highlight">
			<bool name="world_sector" value="False" />
			<bool name="map_sector" value="False" />
			<bool name="map_sector_hq_link_extender" value="False" />
		</enum_table>
		<enum name="ui_group_cast_type" value="single" />
		<list name="requirements_target" comment="Only allow looting if nobody else is currently looting!">
			<template_reference name="required" value="requirements\required_ledger">
				<locstring name="ui_name" value="0" />
				<enum name="reason" value="usage_and_display" />
				<string name="key" value="scrap_temporarily_disable_looting" />
				<float name="default_value" value="0" />
				<float name="compare_to_value" value="1" />
				<enum name="comparison" value="less_than" />
				<enum name="ledger_type" value="entity_ledger" />
				<float name="ui_max_value" value="0" />
				<float name="ui_min_value" value="0" />
				<string name="read_key_from_ledger_key" value="" />
			</template_reference>
			<template_reference name="required" value="requirements\required_unit_type">
				<enum name="reason" value="usage" />
				<locstring name="ui_name" value="0" />
				<enum name="unit_type" value="dow3_scrap" />
				<template_reference name="qualify_option" value="options\none">
				</template_reference>
				<bool name="search_load_out" value="False" />
			</template_reference>
		</list>
		<template_reference name="targeted_ability_option" value="options\abilities\targeted_ability_option">
			<bool name="persist_targeted_ability" value="False" />
			<bool name="post_ability_out_of_range_stop" value="False" />
			<bool name="range_ignore_target_far_position" value="False" />
			<template_reference name="quick_cast_option" value="options\abilities\quick_cast\scan_option">
				<enum name="sort_criteria" value="None" />
				<list name="additional_requirements">
				</list>
				<bool name="positional_target_must_be_passable" value="True" />
			</template_reference>
			<template_reference name="multi_target_option" value="options\none">
			</template_reference>
			<list name="target_selected_actions">
			</list>
		</template_reference>
		<enum name="ui_direction_requirement" value="nondirectional" />
		<instance_reference name="cursor_ghost_ebp" value="" />
		<bool name="can_cast_whilst_constructing" value="False" />
		<list name="requirements_self_recharge">
		</list>
		<bool name="can_cast_outside_active_battle_field" value="False" />
		<enum_table name="cost_to_squad">
			<float name="action" value="0" />
			<float name="power" value="0" />
			<float name="requisition" value="0" />
			<float name="popcap" value="0" />
			<float name="command" value="0" />
			<float name="drop_pods" value="0" />
			<float name="feat" value="0" />
			<float name="gamma" value="0" />
		</enum_table>
		<bool name="ability_super_event_cue" value="False" />
		<enum name="ui_progress_bar_type" value="auto_bar" />
		<group name="ability_tier">
			<list name="tiers">
			</list>
			<bool name="exclusive_tier_action" value="False" />
			<list name="passive_action_list">
			</list>
		</group>
		<enum name="ui_ability_issue_type" value="DefaultAction" />
		<string name="speech_code" value="ork_scrap" />
		<template_reference name="channeling" value="options\abilities\channeling_option">
			<float name="channeling_time_second" value="0" />
			<list name="channeling_stop_self_requirement">
			</list>
			<list name="channeling_stop_target_requirement">
			</list>
			<bool name="can_be_cancelled" value="True" />
		</template_reference>
		<bool name="can_be_interrupted" value="True" />
		<template_reference name="casting_option" value="options\abilities\casting_ability_option" comment="1) Has a casting time that disables other units from looting that piece of scrap and adds to the decorator">
			<float name="cast_time" value="3" />
			<bool name="keep_casting_actions_when_channeling" value="False" />
			<list name="self_actions">
				<template_reference name="action" value="action\animator_set_state">
					<bool name="apply_to_leader_only" value="False" />
					<string name="do_action_state_name" value="wind_up" />
					<bool name="retrigger" value="False" />
					<string name="state_machine_name" value="ability_instant_state" />
					<string name="undo_action_state_name" value="" />
					<uniqueid name="id" value="1073746181" />
				</template_reference>
				<template_reference name="action" value="action\animator_set_state">
					<bool name="apply_to_leader_only" value="False" />
					<string name="do_action_state_name" value="z" />
					<bool name="retrigger" value="False" />
					<string name="state_machine_name" value="ability_instant_id" />
					<string name="undo_action_state_name" value="" />
					<uniqueid name="id" value="1073746182" />
				</template_reference>
				<template_reference name="action" value="action\delay">
					<float name="delay" value="0.25" />
					<float name="delay_min" value="0" />
					<bool name="progress_bar" value="False" />
					<bool name="randomize" value="False" />
					<list name="delayed_actions">
						<template_reference name="action" value="action\animator_set_state">
							<bool name="apply_to_leader_only" value="False" />
							<string name="do_action_state_name" value="channel" />
							<bool name="retrigger" value="False" />
							<string name="state_machine_name" value="ability_instant_state" />
							<string name="undo_action_state_name" value="" />
							<uniqueid name="id" value="1073746183" />
						</template_reference>
					</list>
					<uniqueid name="id" value="1073746184" />
					<bool name="can_prevent_refund" value="True" />
				</template_reference>
				<template_reference name="action" value="action\ui_unit_modifier_action">
					<bool name="die_with_creator" value="False" />
					<template_reference name="ui_info" value="tables\ui_info">
						<locstring name="screen_name" value="0" />
						<locstring name="help_text" value="0" />
						<icon name="icon_name" value="Icons_common_states_looting" />
						<string name="hotkey_name" value="" />
					</template_reference>
					<uniqueid name="id" value="1073746185" />
				</template_reference>
				<template_reference name="action" value="action\change_target_action">
					<list name="actions">
						<template_reference name="action" value="action\sound_action">
							<sound name="play_event" value="t02sfx_abi_ork_trukk_looting_play" />
							<uniqueid name="id" value="1073746186" />
							<sound name="stop_event" value="t02sfx_abi_ork_trukk_looting_stop" />
							<enum name="visibility_type" value="Global" />
						</template_reference>
					</list>
					<enum name="change_target_type" value="squad" />
					<uniqueid name="id" value="1073746187" />
					<bool name="validate_sub_actions" value="False" />
				</template_reference>
			</list>
			<list name="target_actions" comment="This is done to prevent other units from trying to loot / scrap this item while its being worked on.&#xD;&#xA;&#xD;&#xA;It increments the ledger &quot;scrap_temporarily_disable_looting&quot; by 1 and then removes it a frame later.  This runs every frame so as long as its running, a sim frame is added every frame.&#xD;&#xA;&#xD;&#xA;Note that in addition to the interval action I had to apply a ledger immediately outside of it, otherwise if you had 2 squad selected and asked them to loot, both would be able to.  It seems like a bug that the interval action wouldn't trigger instantly:(">
				<template_reference name="action" value="action\interval_action">
					<float name="interval_second" value="0.125" />
					<uniqueid name="id" value="1073746188" />
					<list name="interval_subactions">
						<group name="interval_subaction_group">
							<float name="trigger_time_second" value="0" />
							<list name="actions">
								<template_reference name="action" value="action\ledger_write_action" comment="We set a ledger to basically say 'I am the only person allowed to loot this right now'.  The ability checks to see that this ledger has not been set.  Prevents orks from getting multiple upgrades from one piece of scrap.">
									<uniqueid name="id" value="1073746189" />
									<string name="key" value="scrap_temporarily_disable_looting" />
									<enum name="operator" value="add" />
									<float name="operand" value="1" />
									<bool name="persistent" value="False" />
									<string name="read_key_from_ledger_key" value="" />
								</template_reference>
								<template_reference name="action" value="action\fire_and_forget_action">
									<uniqueid name="id" value="1073746190" />
									<list name="fire_and_forget_actions">
										<template_reference name="action" value="action\delay">
											<float name="delay" value="0.125" />
											<float name="delay_min" value="0.125" />
											<bool name="progress_bar" value="False" />
											<bool name="randomize" value="False" />
											<list name="delayed_actions">
												<template_reference name="action" value="action\ledger_write_action">
													<uniqueid name="id" value="1073746191" />
													<string name="key" value="scrap_temporarily_disable_looting" />
													<enum name="operator" value="add" />
													<float name="operand" value="-1" />
													<bool name="persistent" value="False" />
													<string name="read_key_from_ledger_key" value="" />
												</template_reference>
											</list>
											<uniqueid name="id" value="1073746192" />
											<bool name="can_prevent_refund" value="True" />
										</template_reference>
									</list>
									<bool name="fire_if_any_can" value="True" />
								</template_reference>
							</list>
						</group>
					</list>
					<bool name="progress_bar" value="False" />
				</template_reference>
				<template_reference name="action" value="action\ledger_write_action">
					<uniqueid name="id" value="1073746193" />
					<string name="key" value="scrap_temporarily_disable_looting" />
					<enum name="operator" value="add" />
					<float name="operand" value="1" />
					<bool name="persistent" value="False" />
					<string name="read_key_from_ledger_key" value="" />
				</template_reference>
				<template_reference name="action" value="action\fire_and_forget_action">
					<uniqueid name="id" value="1073746194" />
					<list name="fire_and_forget_actions">
						<template_reference name="action" value="action\delay">
							<float name="delay" value="0.125" />
							<float name="delay_min" value="0.125" />
							<bool name="progress_bar" value="False" />
							<bool name="randomize" value="False" />
							<list name="delayed_actions">
								<template_reference name="action" value="action\ledger_write_action">
									<uniqueid name="id" value="1073746195" />
									<string name="key" value="scrap_temporarily_disable_looting" />
									<enum name="operator" value="add" />
									<float name="operand" value="-1" />
									<bool name="persistent" value="False" />
									<string name="read_key_from_ledger_key" value="" />
								</template_reference>
							</list>
							<uniqueid name="id" value="1073746196" />
							<bool name="can_prevent_refund" value="True" />
						</template_reference>
					</list>
					<bool name="fire_if_any_can" value="True" />
				</template_reference>
				<template_reference name="action" value="action\speech_action">
					<uniqueid name="id" value="1073746197" />
					<list name="argument_overrides">
						<template_reference name="argument_override" value="speech_argument_override">
							<enum name="argument_name" value="pickup_status" />
							<string name="value" value="started" />
						</template_reference>
					</list>
					<template_reference name="speech_event" value="speech_event_squad_name">
						<enum name="speech_event_squad" value="pickup" />
					</template_reference>
				</template_reference>
			</list>
			<bool name="issue_stop_order" value="True" />
			<group name="casting_stop_requirement_overrides">
				<bool name="enable_overrides" value="False" />
				<list name="stop_self_requirements">
				</list>
				<list name="stop_target_requirements">
				</list>
			</group>
			<list name="abort_self_actions">
				<template_reference name="action" value="action\animator_set_state">
					<bool name="apply_to_leader_only" value="False" />
					<string name="do_action_state_name" value="off" />
					<bool name="retrigger" value="False" />
					<string name="state_machine_name" value="ability_instant_state" />
					<string name="undo_action_state_name" value="" />
					<uniqueid name="id" value="1073746198" />
				</template_reference>
				<template_reference name="action" value="action\animator_set_state">
					<bool name="apply_to_leader_only" value="False" />
					<string name="do_action_state_name" value="off" />
					<bool name="retrigger" value="False" />
					<string name="state_machine_name" value="ability_instant_id" />
					<string name="undo_action_state_name" value="" />
					<uniqueid name="id" value="1073746199" />
				</template_reference>
			</list>
			<list name="abort_target_actions">
			</list>
		</template_reference>
		<template_reference name="proxy_range_option" value="options\none">
		</template_reference>
		<instance_reference name="ability_category" value="" />
		<bool name="always_refund_cost_if_failed" value="False" />
		<instance_reference name="ui_menu" value="" />
		<int name="ui_combine_priority" value="0" />
		<bool name="ui_ignore_hide_spatial_abilities_option" value="False" />
	</group>
	<uniqueid name="pbgid" value="1073741824" />
</instance>