<instance override_type="merge" description="" template="ebps">
	<list name="extensions">
		<template_reference name="exts" value="ebpextensions\cost_ext">
			<group name="time_cost">
				<enum_table name="cost">
					<float name="action" value="0" />
					<float name="power" value="300" />
					<float name="requisition" value="150" />
					<float name="popcap" value="0" />
					<float name="command" value="0" />
					<float name="drop_pods" value="0" />
					<float name="feat" value="0" />
					<float name="gamma" value="0" />
				</enum_table>
				<float name="time_seconds" value="45" />
			</group>
		</template_reference>
		<template_reference name="exts" value="ebpextensions\health_ext">
			<bool name="can_repair" value="False" />
			<bool name="cuttable" value="False" />
			<string name="death_event_name" value="Death" />
			<float name="death_seconds" value="1" />
			<bool name="delete_when_dead" value="True" />
			<bool name="force_attacker_memory" value="False" />
			<float name="hitpoints" value="2500" />
			<bool name="is_invincible" value="False" />
			<bool name="is_salvagable_wreck" value="False" />
			<instance_reference name="rebuilt_entity" value="" />
			<instance_reference name="rebuilt_squad" value="" />
			<bool name="rebuilt_use_wreck_owner" value="False" />
			<bool name="receive_weapon_cover_modifiers" value="False" />
			<float name="regeneration" value="0" />
			<bool name="regeneration_disabled" value="False" />
			<bool name="remove_from_pathfinding_on_death" value="True" />
			<bool name="reveal_to_all_on_death" value="False" />
			<bool name="ui_can_scuttle" value="False" />
			<list name="death_actions">
			</list>
			<float name="target_size" value="1" />
			<list name="criticals">
				<group name="critical_group">
					<float name="max_health_percentage" value="0" />
					<list name="critical_info">
						<group name="info">
							<float name="weight" value="100" />
							<enum_table name="applicable_weapons">
								<bool name="small_arms" value="True" />
								<bool name="flame" value="True" />
								<bool name="ballistic" value="True" />
								<bool name="explosive" value="True" />
								<bool name="taldeer_melee" value="True" />
								<bool name="cannon" value="True" />
								<bool name="always_gib" value="True" />
							</enum_table>
							<instance_reference name="critical" value="critical\default_death" />
							<enum_table name="applicable_hit_direction">
								<bool name="front" value="True" />
								<bool name="rear" value="True" />
								<bool name="left" value="True" />
								<bool name="right" value="True" />
							</enum_table>
							<enum name="apply_on" value="penetrate" />
						</group>
						<group name="info">
							<float name="weight" value="100" />
							<enum_table name="applicable_weapons">
								<bool name="small_arms" value="True" />
								<bool name="flame" value="True" />
								<bool name="ballistic" value="True" />
								<bool name="explosive" value="True" />
								<bool name="taldeer_melee" value="True" />
								<bool name="cannon" value="True" />
								<bool name="always_gib" value="True" />
							</enum_table>
							<instance_reference name="critical" value="critical\orbital_death" />
							<enum_table name="applicable_hit_direction">
								<bool name="front" value="True" />
								<bool name="rear" value="True" />
								<bool name="left" value="True" />
								<bool name="right" value="True" />
							</enum_table>
							<enum name="apply_on" value="penetrate" />
						</group>
					</list>
				</group>
			</list>
			<float name="weapon_priority" value="0" />
			<template_reference name="wreck_entity_option" value="options\ebpextensions\healthext\wreck_table">
				<enum_table name="wreck_entities">
					<instance_reference name="default" value="ebps\races\space_marines\wrecks\line_units\spa_predator_wreck" />
					<instance_reference name="brewup" value="" />
				</enum_table>
				<list name="spawn_wreck_requirements">
				</list>
				<bool name="keep_wreck_ownership" value="False" />
			</template_reference>
			<enum name="armor_type" value="Heavy" />
			<template_reference name="armor_layout_option" value="options\ebpextensions\healthext\armor_layouts\armor_layout_front_rear">
				<float name="front_armor" value="200" />
				<float name="rear_armor" value="125" />
				<float name="rear_damage_multiplier" value="2.5" />
			</template_reference>
			<enum name="allegiance_override" value="none" />
			<list name="on_received_damage_actions">
			</list>
			<bool name="not_default_attackable" value="False" />
			<list name="self_destruct_actions">
			</list>
			<list name="rebuilt_entity_actions">
			</list>
		</template_reference>
		<template_reference name="exts" value="ebpextensions\combat_ext">
			<bool name="reject_attack_command" value="False" />
			<list name="hardpoints">
				<group name="hardpoint">
					<float name="parent_hardpoint" value="-1" />
					<list name="weapon_table">
						<group name="weapon">
							<group name="heading">
								<float name="x" value="0" />
								<float name="y" value="0" />
								<float name="z" value="1" />
							</group>
							<float name="length" value="2" />
							<group name="origin">
								<float name="x" value="0" />
								<float name="y" value="4" />
								<float name="z" value="-1.75" />
							</group>
							<enum name="type" value="default" />
							<instance_reference name="weapon" value="weapon\space_marines\line_units\ranged\spa_autocannon_predator_destructor" mod="a5fef7c6e07942ffb7483ef8065b8755" />
						</group>
						<group name="weapon">
							<group name="heading">
								<float name="x" value="0" />
								<float name="y" value="0" />
								<float name="z" value="1" />
							</group>
							<float name="length" value="0" />
							<group name="origin">
								<float name="x" value="0" />
								<float name="y" value="4" />
								<float name="z" value="-1" />
							</group>
							<enum name="type" value="default" />
							<instance_reference name="weapon" value="weapon\space_marines\line_units\ranged\spa_lascannon_predator_annihilator" mod="a5fef7c6e07942ffb7483ef8065b8755" />
						</group>
					</list>
					<bool name="receives_attack_commands" value="True" />
					<bool name="display_in_forge" value="True" />
				</group>
				<group name="hardpoint">
					<float name="parent_hardpoint" value="-1" />
					<list name="weapon_table">
						<group name="weapon">
							<group name="heading">
								<float name="x" value="0" />
								<float name="y" value="0" />
								<float name="z" value="1" />
							</group>
							<float name="length" value="0" />
							<group name="origin">
								<float name="x" value="3.2" />
								<float name="y" value="2.5" />
								<float name="z" value="-0.6" />
							</group>
							<enum name="type" value="default" />
							<instance_reference name="weapon" value="weapon\space_marines\line_units\ranged\spa_heavy_bolter_sponson_right_predator_destructor" mod="a5fef7c6e07942ffb7483ef8065b8755" />
						</group>
						<group name="weapon">
							<group name="heading">
								<float name="x" value="0" />
								<float name="y" value="0" />
								<float name="z" value="1" />
							</group>
							<float name="length" value="0" />
							<group name="origin">
								<float name="x" value="3.2" />
								<float name="y" value="2.5" />
								<float name="z" value="-0.6" />
							</group>
							<enum name="type" value="default" />
							<instance_reference name="weapon" value="weapon\space_marines\line_units\ranged\spa_lascannon_sponson_right_predator_annihilator" mod="a5fef7c6e07942ffb7483ef8065b8755" />
						</group>
					</list>
					<bool name="receives_attack_commands" value="True" />
					<bool name="display_in_forge" value="False" />
				</group>
				<group name="hardpoint">
					<float name="parent_hardpoint" value="-1" />
					<list name="weapon_table">
						<group name="weapon">
							<group name="heading">
								<float name="x" value="0" />
								<float name="y" value="0" />
								<float name="z" value="1" />
							</group>
							<float name="length" value="0" />
							<group name="origin">
								<float name="x" value="-3.2" />
								<float name="y" value="2.5" />
								<float name="z" value="-0.6" />
							</group>
							<enum name="type" value="default" />
							<instance_reference name="weapon" value="weapon\space_marines\line_units\ranged\spa_heavy_bolter_sponson_left_predator_destructor" mod="a5fef7c6e07942ffb7483ef8065b8755" />
						</group>
						<group name="weapon">
							<group name="heading">
								<float name="x" value="0" />
								<float name="y" value="0" />
								<float name="z" value="1" />
							</group>
							<float name="length" value="0" />
							<group name="origin">
								<float name="x" value="-3.2" />
								<float name="y" value="2.5" />
								<float name="z" value="-0.6" />
							</group>
							<enum name="type" value="default" />
							<instance_reference name="weapon" value="weapon\space_marines\line_units\ranged\spa_lascannon_sponson_left_predator_annihilator" mod="a5fef7c6e07942ffb7483ef8065b8755" />
						</group>
					</list>
					<bool name="receives_attack_commands" value="True" />
					<bool name="display_in_forge" value="False" />
				</group>
				<group name="hardpoint">
					<float name="parent_hardpoint" value="-1" />
					<list name="weapon_table">
						<group name="weapon">
							<group name="heading">
								<float name="x" value="0" />
								<float name="y" value="0" />
								<float name="z" value="1" />
							</group>
							<float name="length" value="0" />
							<group name="origin">
								<float name="x" value="0" />
								<float name="y" value="4" />
								<float name="z" value="0" />
							</group>
							<enum name="type" value="default" />
							<instance_reference name="weapon" value="" />
						</group>
					</list>
					<bool name="receives_attack_commands" value="True" />
					<bool name="display_in_forge" value="True" />
				</group>
			</list>
			<int name="sight_hardpoint" value="-1" />
			<list name="kill_actions">
			</list>
			<bool name="can_be_knocked_back" value="True" comment="NOTE: On all non-skimmer vehicles I am ENABLING knockback on them but disabling it through a modifier.  This is so that the Gorkanaut can DISABLE the modifier when it tries to push units away instead of them getting stuck in its ring of movement blockers." />
			<group name="reckoning_blow">
				<list name="attack_table">
				</list>
				<list name="defend_table">
				</list>
			</group>
			<bool name="can_be_stunned" value="True" />
			<bool name="update_facing_during_melee_swings" value="True" />
			<bool name="can_be_levitated" value="True" />
			<template_reference name="weapon_handling_option" value="options\none">
			</template_reference>
			<bool name="allow_auto_target_in_stealth_zone" value="False" />
		</template_reference>
		<template_reference name="exts" value="ebpextensions\upgrade_ext">
			<bool name="must_be_in_supply" value="False" />
			<float name="number_of_standard_slots" value="-1" />
			<list name="standard_upgrades">
				<instance_reference name="upgrade" value="upgrade\tank\spa_predator_turret_upgrade" mod="a5fef7c6e07942ffb7483ef8065b8755" />
				<instance_reference name="upgrade" value="upgrade\tank\spa_predator_ap_upgrade" mod="a5fef7c6e07942ffb7483ef8065b8755" />
				<instance_reference name="upgrade" value="upgrade\tank\spa_predator_annihilator_upgrade" mod="a5fef7c6e07942ffb7483ef8065b8755" />
			</list>
			<int name="max_queue_size_override" value="1" />
		</template_reference>
		<template_reference name="exts" value="ebpextensions\moving_ext">
			<float name="acceleration" value="5" />
			<float name="deceleration" value="10" />
			<float name="high_path_look_ahead_max_dist" value="20" />
			<bool name="orient_to_terrain" value="True" />
			<instance_reference name="pass_type" value="pass_types\vehicle" />
			<float name="rotation_rate" value="90" />
			<float name="rotation_rate_crouch" value="270" />
			<float name="rotation_rate_prone" value="225" />
			<float name="rotation_rate_stand" value="270" />
			<bool name="smooth_path" value="True" />
			<float name="speed_max" value="11" />
			<instance_reference name="turn_plan" value="turn_plan\tank_i" />
			<float name="on_land_overturn_scale" value="0" />
			<enum name="motion_tree_movement_direction_count" value="2" />
			<int name="right_of_way_priority" value="2" />
			<bool name="use_prediction" value="True" />
			<list name="on_enter_stealth_zone_actions">
			</list>
			<list name="on_exit_stealth_zone_actions">
			</list>
			<bool name="reduce_clipping_by_slowing_other" value="True" />
			<template_reference name="walker_option" value="options\none">
			</template_reference>
			<enum name="motion_tree_pivot_animations_count" value="0" />
			<bool name="motion_tree_atomic_pivot_anim" value="False" />
			<template_reference name="skimmer_option" value="options\none">
			</template_reference>
			<bool name="can_path_into_blocked_cover" value="False" />
			<enum name="can_pass_through_enemies_type" value="none" />
			<enum name="can_stop_on_top_of_enemies_type" value="none" />
			<template_reference name="convertible_dynamics_option" value="options\none">
			</template_reference>
			<template_reference name="pathfinding_option" value="options\none">
			</template_reference>
		</template_reference>
		<template_reference name="exts" value="ebpextensions\attention_ext">
			<bool name="should_face_target" value="True" />
		</template_reference>
		<template_reference name="exts" value="ebpextensions\action_apply_ext">
			<list name="actions" comment="NOTE: On all non-skimmer vehicles I am ENABLING knockback on them but disabling it through a modifier.  This is so that the Gorkanaut can DISABLE the modifier when it tries to push units away instead of them getting stuck in its ring of movement blockers.">
				<template_reference name="action" value="action\apply_modifiers_action" comment="NOTE: On all vehicles I am ENABLING knockback on them but disabling it through a modifier.  This is so that the Gorkanaut can DISABLE the modifier when it tries to push units away instead of them getting stuck in its ring of movement blockers.">
					<float name="duration" value="0" />
					<bool name="permanent" value="False" />
					<list name="modifiers">
						<template_reference name="modifier" value="modifiers\entity_modifier">
							<enum name="application_type" value="apply_to_entity" />
							<bool name="exclusive" value="False" />
							<string name="modifier_id" value="" />
							<enum name="usage_type" value="enable" />
							<float name="value" value="-1" />
							<instance_reference name="tooltip" value="" />
							<enum name="type" value="enable_knock_back_modifier" />
							<instance_reference name="target_type_name" value="" />
						</template_reference>
					</list>
					<uniqueid name="id" value="1073746835" />
				</template_reference>
				<template_reference name="action" value="action\animator_set_state">
					<bool name="apply_to_leader_only" value="False" />
					<string name="do_action_state_name" value="on" />
					<bool name="retrigger" value="False" />
					<string name="state_machine_name" value="engine_state" />
					<string name="undo_action_state_name" value="" />
					<uniqueid name="id" value="1073746836" />
				</template_reference>
				<template_reference name="action" value="action\requirement_action">
					<bool name="check_self" value="False" />
					<bool name="validation_requires_requirements" value="False" />
					<bool name="validate_all_sub_actions" value="True" />
					<list name="requirement_table">
						<template_reference name="required" value="requirements\required_squad_upgrade">
							<enum name="reason" value="usage" />
							<locstring name="ui_name" value="0" />
							<bool name="include_queued" value="False" />
							<bool name="is_present" value="True" />
							<instance_reference name="upgrade_name" value="upgrade\gameplay\sp\common\deathwatch_predator_switch" mod="a5fef7c6e07942ffb7483ef8065b8755" />
							<int name="min_completed" value="1" />
							<int name="max_completed" value="100" />
						</template_reference>
					</list>
					<list name="action_table">
						<template_reference name="action" value="action\change_target_action">
							<list name="actions">
								<template_reference name="action" value="action\swap_animator_action">
									<uniqueid name="id" value="1073746838" />
									<bool name="permanent" value="True" />
									<string name="animator" value="armies\space_marines\vehicles\predator\archetypes\predator_tank_ranged\predator_tank_ranged" />
									<list name="additional_animator_blueprints">
										<group name="animator_blueprint">
											<file name="animator" value="armies\space_marines\vehicles\predator\weapons_ranged\dw_heavyboltersponson_standard_common_left\dw_heavyboltersponson_standard_common_left" />
											<list name="animator_overrides">
											</list>
										</group>
										<group name="animator_blueprint">
											<file name="animator" value="armies\space_marines\vehicles\predator\weapons_ranged\dw_heavyboltersponson_standard_common_right\dw_heavyboltersponson_standard_common_right" />
											<list name="animator_overrides">
											</list>
										</group>
										<group name="animator_blueprint">
											<file name="animator" value="armies\space_marines\vehicles\predator\weapons_ranged\dw_autocannonturret_standard_common\dw_autocannonturret_standard_common" />
											<list name="animator_overrides">
											</list>
										</group>
										<group name="animator_blueprint">
											<file name="animator" value="armies\space_marines\vehicles\predator\armour\dw_predator_standard_common\dw_predator_standard_common" />
											<list name="animator_overrides">
											</list>
										</group>
									</list>
									<list name="animator_overrides">
									</list>
								</template_reference>
								<template_reference name="action" value="action\apply_modifiers_action">
									<float name="duration" value="0" />
									<bool name="permanent" value="False" />
									<list name="modifiers">
										<template_reference name="modifier" value="modifiers\entity_modifier">
											<enum name="type" value="health_maximum_modifier" />
											<enum name="application_type" value="apply_to_entity" />
											<enum name="usage_type" value="addition" />
											<float name="value" value="700" />
											<instance_reference name="tooltip" value="" />
											<bool name="exclusive" value="False" />
											<string name="modifier_id" value="" />
											<instance_reference name="target_type_name" value="" />
										</template_reference>
										<template_reference name="modifier" value="modifiers\entity_modifier">
											<enum name="type" value="armor_modifier" />
											<enum name="application_type" value="apply_to_entity" />
											<enum name="usage_type" value="addition" />
											<float name="value" value="25" />
											<instance_reference name="tooltip" value="" />
											<bool name="exclusive" value="False" />
											<string name="modifier_id" value="" />
											<instance_reference name="target_type_name" value="" />
										</template_reference>
										<template_reference name="modifier" value="modifiers\entity_modifier">
											<enum name="type" value="speed_maximum_modifier" />
											<enum name="application_type" value="apply_to_entity" />
											<enum name="usage_type" value="addition" />
											<float name="value" value="0.5" />
											<instance_reference name="tooltip" value="" />
											<bool name="exclusive" value="False" />
											<string name="modifier_id" value="" />
											<instance_reference name="target_type_name" value="" />
										</template_reference>
									</list>
									<uniqueid name="id" value="1073746841" />
								</template_reference>
							</list>
							<enum name="change_target_type" value="squad" />
							<uniqueid name="id" value="1073746839" />
							<bool name="validate_sub_actions" value="False" />
						</template_reference>
					</list>
					<uniqueid name="id" value="1073746837" />
					<template_reference name="ui_help_text" value="tables\help_text_phrase">
						<int name="phrase_order" value="0" />
						<locstring name="phrase" value="0" />
					</template_reference>
					<template_reference name="behaviour_type" value="options\action\requirement_action\wait_until_requirements_pass_to_start_wait_again_when_requirements_fail">
					</template_reference>
				</template_reference>
			</list>
		</template_reference>
		<template_reference name="exts" value="ebpextensions\sight_ext">
			<group name="detect_camouflage">
				<float name="tp_global" value="0" />
				<float name="tp_mine" value="0" />
				<float name="tp_unit" value="0" />
			</group>
			<bool name="extended_sight" value="True" />
			<float name="extended_sight_radius" value="400" />
			<float name="reveal_area_on_death_time" value="6" />
			<group name="sight_package">
				<float name="inner_height" value="3.5" />
				<float name="inner_radius" value="1" />
				<float name="outer_height" value="3.5" />
				<float name="outer_radius" value="35" />
				<float name="cone_angle" value="360" />
				<float name="cone_start_radius" value="0" />
			</group>
			<bool name="can_see_through_stealth_zones" value="False" />
			<list name="extended_sight_target_requirements">
			</list>
			<list name="specific_detector_actions">
			</list>
		</template_reference>
		<template_reference name="exts" value="ebpextensions\population_ext">
			<float name="medic_pop" value="0" />
			<float name="personnel_pop" value="0" />
			<float name="vehicle_pop" value="0" />
		</template_reference>
	</list>
	<uniqueid name="pbgid" value="89813" />
</instance>