<instance override_type="merge" description="" template="ebps">
	<list name="extensions">
		<template_reference name="exts" value="ebpextensions\health_ext">
			<bool name="can_repair" value="False" />
			<bool name="cuttable" value="False" />
			<string name="death_event_name" value="Death" />
			<float name="death_seconds" value="25" />
			<bool name="delete_when_dead" value="True" />
			<bool name="force_attacker_memory" value="False" />
			<float name="hitpoints" value="300" />
			<bool name="is_invincible" value="False" />
			<bool name="is_salvagable_wreck" value="False" />
			<instance_reference name="rebuilt_entity" value="" />
			<instance_reference name="rebuilt_squad" value="" />
			<bool name="rebuilt_use_wreck_owner" value="False" />
			<bool name="receive_weapon_cover_modifiers" value="True" />
			<float name="regeneration" value="0" />
			<bool name="regeneration_disabled" value="False" />
			<bool name="remove_from_pathfinding_on_death" value="True" />
			<bool name="reveal_to_all_on_death" value="False" />
			<bool name="ui_can_scuttle" value="False" />
			<list name="death_actions">
				<template_reference name="action" value="action\change_target_action">
					<list name="actions">
						<template_reference name="action" value="action\speech_action">
							<uniqueid name="id" value="1073743020" />
							<list name="argument_overrides">
								<template_reference name="argument_override" value="speech_argument_override">
									<enum name="argument_name" value="death_type" />
									<string name="value" value="entity" />
								</template_reference>
							</list>
							<template_reference name="speech_event" value="speech_event_squad_name">
								<enum name="speech_event_squad" value="death" />
							</template_reference>
						</template_reference>
					</list>
					<enum name="change_target_type" value="self" />
					<uniqueid name="id" value="1073743021" />
					<bool name="validate_sub_actions" value="False" />
				</template_reference>
			</list>
			<float name="target_size" value="1" />
			<list name="criticals">
				<group name="critical_group">
					<float name="max_health_percentage" value="0" />
					<list name="critical_info">
						<group name="info" comment="Default death: flame">
							<float name="weight" value="100" />
							<enum_table name="applicable_weapons">
								<bool name="small_arms" value="False" />
								<bool name="flame" value="True" />
								<bool name="ballistic" value="False" />
								<bool name="explosive" value="False" />
								<bool name="taldeer_melee" value="False" />
								<bool name="cannon" value="False" />
								<bool name="always_gib" value="False" />
							</enum_table>
							<instance_reference name="critical" value="critical\default_death" />
							<enum_table name="applicable_hit_direction">
								<bool name="front" value="True" />
								<bool name="rear" value="True" />
								<bool name="left" value="True" />
								<bool name="right" value="True" />
							</enum_table>
							<enum name="apply_on" value="penetrate" />
						</group>
						<group name="info" comment="Knocked back death">
							<float name="weight" value="100" />
							<enum_table name="applicable_weapons">
								<bool name="small_arms" value="True" />
								<bool name="flame" value="True" />
								<bool name="ballistic" value="True" />
								<bool name="explosive" value="True" />
								<bool name="taldeer_melee" value="True" />
								<bool name="cannon" value="True" />
								<bool name="always_gib" value="True" />
							</enum_table>
							<instance_reference name="critical" value="critical\knocked_back_death" />
							<enum_table name="applicable_hit_direction">
								<bool name="front" value="True" />
								<bool name="rear" value="True" />
								<bool name="left" value="True" />
								<bool name="right" value="True" />
							</enum_table>
							<enum name="apply_on" value="penetrate" />
						</group>
						<group name="info" comment="Knocked back when killed: taldeer_melee">
							<float name="weight" value="100" />
							<enum_table name="applicable_weapons">
								<bool name="small_arms" value="False" />
								<bool name="flame" value="False" />
								<bool name="ballistic" value="False" />
								<bool name="explosive" value="False" />
								<bool name="taldeer_melee" value="True" />
								<bool name="cannon" value="False" />
								<bool name="always_gib" value="False" />
							</enum_table>
							<instance_reference name="critical" value="critical\knocked_back_when_killed" />
							<enum_table name="applicable_hit_direction">
								<bool name="front" value="True" />
								<bool name="rear" value="True" />
								<bool name="left" value="True" />
								<bool name="right" value="True" />
							</enum_table>
							<enum name="apply_on" value="penetrate" />
						</group>
						<group name="info" comment="Knocked back when killed: cannon">
							<float name="weight" value="100" />
							<enum_table name="applicable_weapons">
								<bool name="small_arms" value="False" />
								<bool name="flame" value="False" />
								<bool name="ballistic" value="False" />
								<bool name="explosive" value="False" />
								<bool name="taldeer_melee" value="False" />
								<bool name="cannon" value="True" />
								<bool name="always_gib" value="False" />
							</enum_table>
							<instance_reference name="critical" value="critical\knocked_back_when_killed_cannon" />
							<enum_table name="applicable_hit_direction">
								<bool name="front" value="True" />
								<bool name="rear" value="True" />
								<bool name="left" value="True" />
								<bool name="right" value="True" />
							</enum_table>
							<enum name="apply_on" value="penetrate" />
						</group>
						<group name="info" comment="Orbital death">
							<float name="weight" value="100" />
							<enum_table name="applicable_weapons">
								<bool name="small_arms" value="True" />
								<bool name="flame" value="True" />
								<bool name="ballistic" value="True" />
								<bool name="explosive" value="True" />
								<bool name="taldeer_melee" value="True" />
								<bool name="cannon" value="True" />
								<bool name="always_gib" value="True" />
							</enum_table>
							<instance_reference name="critical" value="critical\orbital_death" />
							<enum_table name="applicable_hit_direction">
								<bool name="front" value="True" />
								<bool name="rear" value="True" />
								<bool name="left" value="True" />
								<bool name="right" value="True" />
							</enum_table>
							<enum name="apply_on" value="penetrate" />
						</group>
						<group name="info" comment="Gib when killed: small_arms">
							<float name="weight" value="100" />
							<enum_table name="applicable_weapons">
								<bool name="small_arms" value="True" />
								<bool name="flame" value="False" />
								<bool name="ballistic" value="False" />
								<bool name="explosive" value="False" />
								<bool name="taldeer_melee" value="False" />
								<bool name="cannon" value="False" />
								<bool name="always_gib" value="False" />
							</enum_table>
							<instance_reference name="critical" value="critical\gib_when_killed_15" />
							<enum_table name="applicable_hit_direction">
								<bool name="front" value="True" />
								<bool name="rear" value="True" />
								<bool name="left" value="True" />
								<bool name="right" value="True" />
							</enum_table>
							<enum name="apply_on" value="penetrate" />
						</group>
						<group name="info" comment="Gib when killed: ballistic">
							<float name="weight" value="100" />
							<enum_table name="applicable_weapons">
								<bool name="small_arms" value="False" />
								<bool name="flame" value="False" />
								<bool name="ballistic" value="True" />
								<bool name="explosive" value="False" />
								<bool name="taldeer_melee" value="False" />
								<bool name="cannon" value="False" />
								<bool name="always_gib" value="False" />
							</enum_table>
							<instance_reference name="critical" value="critical\gib_when_killed_33" />
							<enum_table name="applicable_hit_direction">
								<bool name="front" value="True" />
								<bool name="rear" value="True" />
								<bool name="left" value="True" />
								<bool name="right" value="True" />
							</enum_table>
							<enum name="apply_on" value="penetrate" />
						</group>
						<group name="info" comment="Gib when killed: explosive">
							<float name="weight" value="100" />
							<enum_table name="applicable_weapons">
								<bool name="small_arms" value="False" />
								<bool name="flame" value="False" />
								<bool name="ballistic" value="False" />
								<bool name="explosive" value="True" />
								<bool name="taldeer_melee" value="False" />
								<bool name="cannon" value="False" />
								<bool name="always_gib" value="False" />
							</enum_table>
							<instance_reference name="critical" value="critical\gib_when_killed_50" />
							<enum_table name="applicable_hit_direction">
								<bool name="front" value="True" />
								<bool name="rear" value="True" />
								<bool name="left" value="True" />
								<bool name="right" value="True" />
							</enum_table>
							<enum name="apply_on" value="penetrate" />
						</group>
						<group name="info" comment="Gib when killed: cannon">
							<float name="weight" value="100" />
							<enum_table name="applicable_weapons">
								<bool name="small_arms" value="False" />
								<bool name="flame" value="False" />
								<bool name="ballistic" value="False" />
								<bool name="explosive" value="False" />
								<bool name="taldeer_melee" value="False" />
								<bool name="cannon" value="True" />
								<bool name="always_gib" value="False" />
							</enum_table>
							<instance_reference name="critical" value="critical\gib_when_killed_50" />
							<enum_table name="applicable_hit_direction">
								<bool name="front" value="True" />
								<bool name="rear" value="True" />
								<bool name="left" value="True" />
								<bool name="right" value="True" />
							</enum_table>
							<enum name="apply_on" value="penetrate" />
						</group>
						<group name="info" comment="Gib when killed: taldeer_melee/always_gib">
							<float name="weight" value="100" />
							<enum_table name="applicable_weapons">
								<bool name="small_arms" value="False" />
								<bool name="flame" value="False" />
								<bool name="ballistic" value="False" />
								<bool name="explosive" value="False" />
								<bool name="taldeer_melee" value="True" />
								<bool name="cannon" value="True" />
								<bool name="always_gib" value="True" />
							</enum_table>
							<instance_reference name="critical" value="critical\gib_when_killed" />
							<enum_table name="applicable_hit_direction">
								<bool name="front" value="True" />
								<bool name="rear" value="True" />
								<bool name="left" value="True" />
								<bool name="right" value="True" />
							</enum_table>
							<enum name="apply_on" value="penetrate" />
						</group>
					</list>
				</group>
			</list>
			<float name="weapon_priority" value="0" />
			<template_reference name="wreck_entity_option" value="options\none">
			</template_reference>
			<enum name="armor_type" value="Normal" />
			<template_reference name="armor_layout_option" value="options\ebpextensions\healthext\armor_layouts\armor_layout_uniform">
				<float name="armor" value="40" />
			</template_reference>
			<enum name="allegiance_override" value="none" />
			<list name="on_received_damage_actions">
			</list>
			<bool name="not_default_attackable" value="False" />
			<list name="self_destruct_actions">
			</list>
			<list name="rebuilt_entity_actions">
			</list>
		</template_reference>
		<template_reference name="exts" value="ebpextensions\combat_ext">
			<bool name="reject_attack_command" value="False" />
			<list name="hardpoints">
				<group name="hardpoint">
					<float name="parent_hardpoint" value="-1" />
					<list name="weapon_table">
						<group name="weapon">
							<group name="heading">
								<float name="x" value="0" />
								<float name="y" value="0" />
								<float name="z" value="1" />
							</group>
							<float name="length" value="0" />
							<group name="origin">
								<float name="x" value="0.4" />
								<float name="y" value="1" />
								<float name="z" value="-0.3" />
							</group>
							<enum name="type" value="default" />
							<instance_reference name="weapon" value="weapon\space_marines\line_units\ranged\spa_heavy_bolter_devastator" mod="a5fef7c6e07942ffb7483ef8065b8755" />
						</group>
						<group name="weapon">
							<group name="heading">
								<float name="x" value="0" />
								<float name="y" value="0" />
								<float name="z" value="1" />
							</group>
							<float name="length" value="0" />
							<group name="origin">
								<float name="x" value="0.4" />
								<float name="y" value="1" />
								<float name="z" value="-0.3" />
							</group>
							<enum name="type" value="default" />
							<instance_reference name="weapon" value="weapon\space_marines\line_units\ranged\spa_heavy_bolter_doctrine_devastator" mod="a5fef7c6e07942ffb7483ef8065b8755" />
						</group>
					</list>
					<bool name="receives_attack_commands" value="True" />
					<bool name="display_in_forge" value="True" />
				</group>
				<group name="hardpoint">
					<float name="parent_hardpoint" value="-1" />
					<list name="weapon_table">
						<group name="weapon">
							<group name="heading">
								<float name="x" value="0" />
								<float name="y" value="0" />
								<float name="z" value="1" />
							</group>
							<float name="length" value="0" />
							<group name="origin">
								<float name="x" value="0" />
								<float name="y" value="0.5" />
								<float name="z" value="0" />
							</group>
							<enum name="type" value="default" />
							<instance_reference name="weapon" value="weapon\space_marines\line_units\melee\spa_combat_knife_devastator" mod="a5fef7c6e07942ffb7483ef8065b8755" />
						</group>
					</list>
					<bool name="receives_attack_commands" value="True" />
					<bool name="display_in_forge" value="True" />
				</group>
			</list>
			<int name="sight_hardpoint" value="-1" />
			<list name="kill_actions">
			</list>
			<bool name="can_be_knocked_back" value="True" />
			<group name="reckoning_blow">
				<list name="attack_table">
				</list>
				<list name="defend_table">
				</list>
			</group>
			<bool name="can_be_stunned" value="True" />
			<bool name="update_facing_during_melee_swings" value="True" />
			<bool name="can_be_levitated" value="True" />
			<template_reference name="weapon_handling_option" value="options\none">
			</template_reference>
			<bool name="allow_auto_target_in_stealth_zone" value="False" />
		</template_reference>
		<template_reference name="exts" value="ebpextensions\upgrade_ext">
			<bool name="must_be_in_supply" value="False" />
			<float name="number_of_standard_slots" value="-1" />
			<list name="standard_upgrades">
			</list>
			<int name="max_queue_size_override" value="3" />
		</template_reference>
		<template_reference name="exts" value="ebpextensions\action_apply_ext">
			<list name="actions">
				<template_reference name="action" value="action\requirement_action">
					<bool name="check_self" value="False" />
					<bool name="validation_requires_requirements" value="False" />
					<bool name="validate_all_sub_actions" value="True" />
					<list name="requirement_table">
						<template_reference name="required" value="requirements\required_active_weapon">
							<enum name="reason" value="usage" />
							<locstring name="ui_name" value="0" />
							<string name="hardpoint_name" value="hardpoint_01" />
							<instance_reference name="weapon" value="weapon\space_marines\line_units\ranged\spa_lascannon_devastator_marine" mod="a5fef7c6e07942ffb7483ef8065b8755" />
						</template_reference>
					</list>
					<list name="action_table">
						<template_reference name="action" value="action\requirement_action">
							<bool name="check_self" value="False" />
							<bool name="validation_requires_requirements" value="False" />
							<bool name="validate_all_sub_actions" value="True" />
							<list name="requirement_table">
								<template_reference name="required" value="requirements\required_ledger">
									<locstring name="ui_name" value="0" />
									<enum name="reason" value="usage" />
									<string name="key" value="KEEP_ALIVE" />
									<float name="default_value" value="0" />
									<float name="compare_to_value" value="123123" />
									<enum name="comparison" value="equal_to" />
									<enum name="ledger_type" value="self_ledger" />
									<float name="ui_max_value" value="0" />
									<float name="ui_min_value" value="0" />
									<string name="read_key_from_ledger_key" value="" />
								</template_reference>
							</list>
							<list name="action_table">
								<template_reference name="action" value="action\debug_action">
									<template_reference name="debug_sub_action" value="debug_sub_actions\text_in_world">
										<string name="text" value="" />
										<colour name="colour" value="*" />
										<float name="duration" value="1" />
										<bool name="use_fow" value="False" />
									</template_reference>
									<uniqueid name="id" value="1073745218" />
								</template_reference>
							</list>
							<uniqueid name="id" value="1073745219" />
							<template_reference name="ui_help_text" value="tables\help_text_phrase">
								<int name="phrase_order" value="0" />
								<locstring name="phrase" value="0" />
							</template_reference>
							<template_reference name="behaviour_type" value="options\action\requirement_action\wait_until_requirements_pass_to_start_wait_again_when_requirements_fail">
							</template_reference>
						</template_reference>
						<template_reference name="action" value="action\swap_animator_action">
							<uniqueid name="id" value="1073745220" />
							<bool name="permanent" value="True" />
							<string name="animator" value="armies\space_marines\troops\space_marine\archetypes\space_marine_2hand_range_heavy_shoulder\space_marine_2hand_range_heavy_shoulder" />
							<list name="additional_animator_blueprints">
								<group name="animator_blueprint">
									<file name="animator" value="armies\space_marines\troops\space_marine\weapons_ranged\lascannon_standard_common\lascannon_standard_common" />
									<list name="animator_overrides">
									</list>
								</group>
								<group name="animator_blueprint">
									<file name="animator" value="armies\space_marines\troops\space_marine\armour\powerarmour_mk7_common\powerarmour_mk7_common" />
									<list name="animator_overrides">
									</list>
								</group>
								<group name="animator_blueprint">
									<file name="animator" value="armies\space_marines\troops\space_marine\armour\powerarmour_mk7_damage_common\powerarmour_mk7_damage_common" />
									<list name="animator_overrides">
									</list>
								</group>
								<group name="animator_blueprint">
									<file name="animator" value="armies\space_marines\troops\space_marine\accessories\helmet_devastator_lascannon_common\helmet_devastator_lascannon_common" />
									<list name="animator_overrides">
									</list>
								</group>
							</list>
							<list name="animator_overrides">
							</list>
						</template_reference>
					</list>
					<uniqueid name="id" value="1073745221" />
					<template_reference name="ui_help_text" value="tables\help_text_phrase">
						<int name="phrase_order" value="0" />
						<locstring name="phrase" value="0" />
					</template_reference>
					<template_reference name="behaviour_type" value="options\action\requirement_action\wait_until_requirements_pass_to_start_wait_again_when_requirements_fail">
					</template_reference>
				</template_reference>
			</list>
		</template_reference>
		<template_reference name="exts" value="ebpextensions\entity_blueprint_ext">
			<file name="alternate_sua" value="" />
			<bool name="always_revealed_in_fow" value="False" />
			<file name="animator" value="armies\space_marines\troops\space_marine\archetypes\space_marine_2hand_range_heavy_hip\space_marine_2hand_range_heavy_hip" />
			<bool name="is_visible_in_game" value="True" />
			<int name="precise_size" value="2" />
			<list name="additional_animator_blueprints">
				<group name="animator_blueprint">
					<file name="animator" value="armies\space_marines\troops\space_marine\armour\powerarmour_mk7_common\powerarmour_mk7_common" />
					<list name="animator_overrides">
					</list>
				</group>
				<group name="animator_blueprint">
					<file name="animator" value="armies\space_marines\troops\space_marine\weapons_ranged\heavybolter_standard_common\heavybolter_standard_common" />
					<list name="animator_overrides">
					</list>
				</group>
				<group name="animator_blueprint">
					<file name="animator" value="armies\space_marines\troops\space_marine\accessories\helmet_devastator_heavybolter_common\helmet_devastator_heavybolter_common" />
					<list name="animator_overrides">
					</list>
				</group>
			</list>
			<enum name="default_spawn_type" value="sm_spawn" />
			<list name="scenario_animator_blueprints">
			</list>
			<instance_reference name="unit_badge" value="texture_override\space_marines\squad_devastator_default" />
			<list name="animator_overrides">
			</list>
			<bool name="is_spawned_when_not_in_interactive_area" value="True" />
			<bool name="is_wreck" value="False" />
		</template_reference>
		<template_reference name="exts" value="ebpextensions\cost_ext">
			<group name="time_cost">
				<enum_table name="cost">
					<float name="action" value="0" />
					<float name="power" value="10" />
					<float name="requisition" value="90" />
					<float name="popcap" value="0" />
					<float name="command" value="0" />
					<float name="drop_pods" value="0" />
					<float name="feat" value="0" />
					<float name="gamma" value="0" />
				</enum_table>
				<float name="time_seconds" value="8" />
			</group>
		</template_reference>
		<template_reference name="exts" value="ebpextensions\population_ext">
			<float name="medic_pop" value="0" />
			<float name="personnel_pop" value="0" />
			<float name="vehicle_pop" value="0" />
		</template_reference>
		<template_reference name="exts" value="ebpextensions\moving_ext">
			<float name="acceleration" value="-1" />
			<float name="deceleration" value="-1" />
			<float name="high_path_look_ahead_max_dist" value="10" />
			<bool name="orient_to_terrain" value="False" />
			<instance_reference name="pass_type" value="pass_types\infantry" />
			<float name="rotation_rate" value="10000" />
			<float name="rotation_rate_crouch" value="870" />
			<float name="rotation_rate_prone" value="225" />
			<float name="rotation_rate_stand" value="870" />
			<bool name="smooth_path" value="True" />
			<float name="speed_max" value="7.5" />
			<instance_reference name="turn_plan" value="turn_plan\human" />
			<float name="on_land_overturn_scale" value="0" />
			<enum name="motion_tree_movement_direction_count" value="2" />
			<int name="right_of_way_priority" value="1" />
			<bool name="use_prediction" value="False" />
			<list name="on_enter_stealth_zone_actions">
			</list>
			<list name="on_exit_stealth_zone_actions">
			</list>
			<bool name="reduce_clipping_by_slowing_other" value="False" />
			<template_reference name="walker_option" value="options\none">
			</template_reference>
			<enum name="motion_tree_pivot_animations_count" value="0" />
			<bool name="motion_tree_atomic_pivot_anim" value="False" />
			<template_reference name="skimmer_option" value="options\none">
			</template_reference>
			<bool name="can_path_into_blocked_cover" value="False" />
			<enum name="can_pass_through_enemies_type" value="none" />
			<enum name="can_stop_on_top_of_enemies_type" value="none" />
			<template_reference name="convertible_dynamics_option" value="options\none">
			</template_reference>
			<template_reference name="pathfinding_option" value="options\none">
			</template_reference>
		</template_reference>
	</list>
	<uniqueid name="pbgid" value="90492" />
</instance>