<instance description="" template="ebps">
	<list name="extensions">
		<template_reference name="exts" value="ebpextensions\entity_blueprint_ext">
			<file name="alternate_sua" value="" />
			<bool name="always_revealed_in_fow" value="False" />
			<file name="animator" value="armies\space_marines\vehicles\drop_pod\archetypes\droppod_small_range\droppod_small_range" />
			<bool name="is_visible_in_game" value="True" />
			<int name="precise_size" value="-1" />
			<list name="additional_animator_blueprints">
				<group name="animator_blueprint">
					<file name="animator" value="armies\space_marines\vehicles\drop_pod\armour\drop_pod_deathstorm_common\drop_pod_deathstorm_common" />
					<list name="animator_overrides">
					</list>
				</group>
				<group name="animator_blueprint">
					<file name="animator" value="armies\space_marines\vehicles\drop_pod\weapons_ranged\assaultcannon_deathstorm_common\assaultcannon_deathstorm_common" />
					<list name="animator_overrides">
					</list>
				</group>
			</list>
			<enum name="default_spawn_type" value="" />
			<list name="scenario_animator_blueprints">
			</list>
			<instance_reference name="unit_badge" value="texture_override\space_marines\default" />
			<list name="animator_overrides">
			</list>
			<bool name="is_spawned_when_not_in_interactive_area" value="True" />
			<bool name="is_wreck" value="False" />
		</template_reference>
		<template_reference name="exts" value="ebpextensions\sim_entity_ext">
			<float name="rotate_snap" value="360" />
			<bool name="kill_paradrop" value="False" />
			<bool name="share_control_with_allies" value="False" />
			<enum name="transferable" value="None" />
		</template_reference>
		<template_reference name="exts" value="ebpextensions\health_ext">
			<bool name="can_repair" value="True" />
			<bool name="cuttable" value="False" />
			<string name="death_event_name" value="death" />
			<float name="death_seconds" value="0" />
			<bool name="delete_when_dead" value="True" />
			<bool name="force_attacker_memory" value="False" />
			<float name="hitpoints" value="1000" />
			<bool name="is_invincible" value="False" />
			<bool name="is_salvagable_wreck" value="False" />
			<instance_reference name="rebuilt_entity" value="" />
			<instance_reference name="rebuilt_squad" value="" />
			<bool name="rebuilt_use_wreck_owner" value="True" />
			<bool name="receive_weapon_cover_modifiers" value="False" />
			<float name="regeneration" value="0" />
			<bool name="regeneration_disabled" value="True" />
			<bool name="remove_from_pathfinding_on_death" value="False" />
			<bool name="reveal_to_all_on_death" value="False" />
			<bool name="ui_can_scuttle" value="False" />
			<list name="death_actions">
			</list>
			<float name="target_size" value="5" />
			<list name="criticals">
				<group name="critical_group">
					<float name="max_health_percentage" value="0" />
					<list name="critical_info">
						<group name="info">
							<float name="weight" value="100" />
							<enum_table name="applicable_weapons">
								<bool name="small_arms" value="True" />
								<bool name="flame" value="True" />
								<bool name="ballistic" value="True" />
								<bool name="explosive" value="True" />
								<bool name="taldeer_melee" value="True" />
								<bool name="cannon" value="True" />
								<bool name="always_gib" value="True" />
							</enum_table>
							<instance_reference name="critical" value="critical\default_death" />
							<enum_table name="applicable_hit_direction">
								<bool name="front" value="True" />
								<bool name="rear" value="True" />
								<bool name="left" value="True" />
								<bool name="right" value="True" />
							</enum_table>
							<enum name="apply_on" value="penetrate" />
						</group>
					</list>
				</group>
			</list>
			<float name="weapon_priority" value="-80" />
			<template_reference name="wreck_entity_option" value="options\ebpextensions\healthext\wreck_table">
				<enum_table name="wreck_entities">
					<instance_reference name="default" value="ebps\races\space_marines\wrecks\gameplay\spa_drop_pod_wreck" />
					<instance_reference name="brewup" value="" />
				</enum_table>
				<list name="spawn_wreck_requirements">
				</list>
				<bool name="keep_wreck_ownership" value="False" />
			</template_reference>
			<enum name="armor_type" value="Heavy" />
			<template_reference name="armor_layout_option" value="options\ebpextensions\healthext\armor_layouts\armor_layout_uniform">
				<float name="armor" value="100" />
			</template_reference>
			<enum name="allegiance_override" value="none" />
			<list name="on_received_damage_actions">
			</list>
			<bool name="not_default_attackable" value="False" />
			<list name="self_destruct_actions">
			</list>
			<list name="rebuilt_entity_actions">
			</list>
		</template_reference>
		<template_reference name="exts" value="ebpextensions\hit_object_ext">
			<instance_reference name="hit_material" value="hit_material\armour" />
			<bool name="hit_non_neutral" value="True" />
			<float name="hit_percentage" value="1" />
			<bool name="pass_through" value="False" />
			<group name="projectile_pass_through">
				<bool name="tp_artillery" value="True" />
				<bool name="tp_collide" value="False" />
				<bool name="tp_vehicle_collide" value="True" />
			</group>
			<template_reference name="projectile_reflect_option" value="options\none">
			</template_reference>
		</template_reference>
		<template_reference name="exts" value="ebpextensions\line_of_sight_ext">
			<group name="blocking_box">
				<float name="x" value="0.01" />
				<float name="y" value="0.01" />
				<float name="z" value="0.01" />
			</group>
			<bool name="is_shot_blocking" value="False" />
			<bool name="use_blocking_box" value="False" />
			<enum name="does_block_line_of_sight" value="never" />
			<bool name="reveal_center_when_outside_is_visible" value="True" />
		</template_reference>
		<template_reference name="exts" value="ebpextensions\marker_ext">
		</template_reference>
		<template_reference name="exts" value="ebpextensions\modifier_ext">
		</template_reference>
		<template_reference name="exts" value="ebpextensions\type_ext">
			<list name="unit_type_list">
				<enum name="unit_type" value="dow3_deathstorm" />
				<enum name="unit_type" value="dow3_scaling_structure" />
			</list>
			<enum name="weapon_targeting" value="automatic" />
			<bool name="intersection_testing" value="False" />
		</template_reference>
		<template_reference name="exts" value="ebpextensions\cost_ext">
			<group name="time_cost">
				<enum_table name="cost">
					<float name="action" value="0" />
					<float name="power" value="40" />
					<float name="requisition" value="350" />
					<float name="popcap" value="0" />
					<float name="command" value="0" />
					<float name="drop_pods" value="0" />
					<float name="feat" value="0" />
					<float name="gamma" value="0" />
				</enum_table>
				<float name="time_seconds" value="30" />
			</group>
		</template_reference>
		<template_reference name="exts" value="ebpextensions\sight_ext">
			<group name="detect_camouflage">
				<float name="tp_global" value="0" />
				<float name="tp_mine" value="0" />
				<float name="tp_unit" value="0" />
			</group>
			<bool name="extended_sight" value="True" />
			<float name="extended_sight_radius" value="200" />
			<float name="reveal_area_on_death_time" value="1.5" />
			<group name="sight_package">
				<float name="inner_height" value="3.5" />
				<float name="inner_radius" value="1" />
				<float name="outer_height" value="3.5" />
				<float name="outer_radius" value="35" />
				<float name="cone_angle" value="360" />
				<float name="cone_start_radius" value="0" />
			</group>
			<bool name="can_see_through_stealth_zones" value="False" />
			<list name="extended_sight_target_requirements">
			</list>
			<list name="specific_detector_actions">
			</list>
		</template_reference>
		<template_reference name="exts" value="ebpextensions\ui_ext">
			<bool name="ap_killed_kicker" value="True" />
			<bool name="ap_loss_kicker" value="True" />
			<float name="decorator_height" value="-1" />
			<string name="extra_text_deprecated" value="" />
			<bool name="ghost_enable" value="True" />
			<locstring name="help_text" value="0" />
			<string name="hotkey_name" value="Z" />
			<icon name="icon_name" value="Icons_space_marines_buildings_heavy_bolter_turret" />
			<enum name="kill_type" value="building" />
			<colour name="minimap_color" value="*" />
			<bool name="minimap_enable" value="True" />
			<bool name="minimap_team_only" value="False" />
			<bool name="minimap_teamcolor" value="True" />
			<string name="overlay_name" value="" />
			<bool name="reveal_for_decryption" value="False" />
			<locstring name="screen_name" value="11098186" />
			<enum name="selection_name" value="" />
			<float name="selection_scale" value="1" />
			<enum name="selection_type" value="single_entity_select" />
			<locstring name="tooltip_txt" value="0" />
			<int name="ui_priority" value="0" />
			<icon name="minimap_icon" value="Icons_common_decorators_minimap_vehicle" />
			<float name="minimap_icon_scale" value="0.5" />
			<icon name="portrait_icon" value="Icons_space_marines_buildings_heavy_bolter_turret" />
			<locstring name="brief_text" value="0" />
			<locstring name="extra_text" value="0" />
			<bool name="show_in_build_log" value="True" />
			<locstring name="screen_name_short" value="0" />
			<bool name="show_entity_appearance" value="True" />
			<locstring name="screen_name_world" value="0" />
			<locstring name="help_text_world" value="0" />
			<locstring name="extra_text_world" value="0" />
			<enum name="map_rotation_type_override" value="no_override" />
			<icon name="symbol_icon_name" value="Icons_common_decorators_minimap_vehicle" />
			<enum name="occlusion_state" value="can_be_occluded" />
			<enum name="decorator_visibility" value="default" />
			<bool name="skin_pack_override" value="False" />
			<string name="skin_summer" value="" />
			<string name="skin_winter" value="" />
			<enum name="targeting_and_bandbox_selection_priority" value="lowest" />
			<enum name="selection_method" value="obb" />
			<group name="terrain_info_display_offset">
				<float name="x" value="0" />
				<float name="y" value="0" />
			</group>
			<string name="decorator_ledger_key" value="" />
			<instance_reference name="decorator_ledger_bar_style" value="" />
			<enum name="selection_name_squad_override" value="" />
			<string name="selection_grouping_ledger_key" value="" />
			<float name="decorator_height_spatial_ability" value="-1" />
		</template_reference>
		<template_reference name="exts" value="ebpextensions\combat_ext">
			<bool name="reject_attack_command" value="True" />
			<list name="hardpoints">
				<group name="hardpoint">
					<float name="parent_hardpoint" value="-1" />
					<list name="weapon_table">
						<group name="weapon">
							<group name="heading">
								<float name="x" value="-4.5" />
								<float name="y" value="0" />
								<float name="z" value="0" />
							</group>
							<float name="length" value="0" />
							<group name="origin">
								<float name="x" value="-1" />
								<float name="y" value="3.5" />
								<float name="z" value="0" />
							</group>
							<enum name="type" value="default" />
							<instance_reference name="weapon" value="weapon\space_marines\structures\spa_assault_cannon_deathstorm" mod="a5fef7c6e07942ffb7483ef8065b8755" />
						</group>
					</list>
					<bool name="receives_attack_commands" value="False" />
					<bool name="display_in_forge" value="True" />
				</group>
				<group name="hardpoint">
					<float name="parent_hardpoint" value="-1" />
					<list name="weapon_table">
						<group name="weapon">
							<group name="heading">
								<float name="x" value="-1.7" />
								<float name="y" value="0" />
								<float name="z" value="-4.5" />
							</group>
							<float name="length" value="0" />
							<group name="origin">
								<float name="x" value="-0.3" />
								<float name="y" value="3.5" />
								<float name="z" value="-1" />
							</group>
							<enum name="type" value="default" />
							<instance_reference name="weapon" value="weapon\space_marines\structures\spa_assault_cannon_deathstorm_05" mod="a5fef7c6e07942ffb7483ef8065b8755" />
						</group>
					</list>
					<bool name="receives_attack_commands" value="False" />
					<bool name="display_in_forge" value="True" />
				</group>
				<group name="hardpoint">
					<float name="parent_hardpoint" value="-1" />
					<list name="weapon_table">
						<group name="weapon">
							<group name="heading">
								<float name="x" value="5" />
								<float name="y" value="0" />
								<float name="z" value="-4.5" />
							</group>
							<float name="length" value="0" />
							<group name="origin">
								<float name="x" value="1" />
								<float name="y" value="3.5" />
								<float name="z" value="-0.3" />
							</group>
							<enum name="type" value="default" />
							<instance_reference name="weapon" value="weapon\space_marines\structures\spa_assault_cannon_deathstorm_04" mod="a5fef7c6e07942ffb7483ef8065b8755" />
						</group>
					</list>
					<bool name="receives_attack_commands" value="False" />
					<bool name="display_in_forge" value="True" />
				</group>
				<group name="hardpoint">
					<float name="parent_hardpoint" value="-1" />
					<list name="weapon_table">
						<group name="weapon">
							<group name="heading">
								<float name="x" value="5.5" />
								<float name="y" value="0" />
								<float name="z" value="3.5" />
							</group>
							<float name="length" value="0" />
							<group name="origin">
								<float name="x" value="1" />
								<float name="y" value="3.5" />
								<float name="z" value="0.5" />
							</group>
							<enum name="type" value="default" />
							<instance_reference name="weapon" value="weapon\space_marines\structures\spa_assault_cannon_deathstorm_03" mod="a5fef7c6e07942ffb7483ef8065b8755" />
						</group>
					</list>
					<bool name="receives_attack_commands" value="False" />
					<bool name="display_in_forge" value="True" />
				</group>
				<group name="hardpoint">
					<float name="parent_hardpoint" value="-1" />
					<list name="weapon_table">
						<group name="weapon">
							<group name="heading">
								<float name="x" value="-2" />
								<float name="y" value="0" />
								<float name="z" value="4.5" />
							</group>
							<float name="length" value="0" />
							<group name="origin">
								<float name="x" value="-0.2" />
								<float name="y" value="3.5" />
								<float name="z" value="1" />
							</group>
							<enum name="type" value="default" />
							<instance_reference name="weapon" value="weapon\space_marines\structures\spa_assault_cannon_deathstorm_02" mod="a5fef7c6e07942ffb7483ef8065b8755" />
						</group>
					</list>
					<bool name="receives_attack_commands" value="False" />
					<bool name="display_in_forge" value="True" />
				</group>
			</list>
			<int name="sight_hardpoint" value="-1" />
			<list name="kill_actions">
			</list>
			<bool name="can_be_knocked_back" value="False" />
			<group name="reckoning_blow">
				<list name="attack_table">
				</list>
				<list name="defend_table">
				</list>
			</group>
			<bool name="can_be_stunned" value="True" />
			<bool name="update_facing_during_melee_swings" value="True" />
			<bool name="can_be_levitated" value="False" />
			<template_reference name="weapon_handling_option" value="options\none">
			</template_reference>
			<bool name="allow_auto_target_in_stealth_zone" value="True" />
		</template_reference>
		<template_reference name="exts" value="ebpextensions\action_apply_ext">
			<list name="actions">
				<template_reference name="action" value="action\set_selection_type_action">
					<uniqueid name="id" value="1073745382" />
					<enum name="selection_type" value="no_select" />
				</template_reference>
				<template_reference name="action" value="action\animator_set_state">
					<bool name="apply_to_leader_only" value="False" />
					<string name="do_action_state_name" value="on" />
					<bool name="retrigger" value="False" />
					<string name="state_machine_name" value="death_storm_state" />
					<string name="undo_action_state_name" value="" />
					<uniqueid name="id" value="1073745383" />
				</template_reference>
				<template_reference name="action" value="action\requirement_action" comment="gate everything to do with deployment until the ledger value has been set, so while inside of the orbital barracks they don't start counting down their timers">
					<bool name="check_self" value="False" />
					<bool name="validation_requires_requirements" value="False" />
					<bool name="validate_all_sub_actions" value="False" />
					<list name="requirement_table">
						<template_reference name="required" value="requirements\required_ledger">
							<locstring name="ui_name" value="0" />
							<enum name="reason" value="usage" />
							<string name="key" value="deployment" />
							<float name="default_value" value="0" />
							<float name="compare_to_value" value="1" />
							<enum name="comparison" value="equal_to" />
							<enum name="ledger_type" value="entity_ledger" />
							<float name="ui_max_value" value="0" />
							<float name="ui_min_value" value="0" />
							<string name="read_key_from_ledger_key" value="" />
						</template_reference>
					</list>
					<list name="action_table">
						<template_reference name="action" value="action\animator_set_state">
							<bool name="apply_to_leader_only" value="False" />
							<string name="do_action_state_name" value="deploy" />
							<bool name="retrigger" value="False" />
							<string name="state_machine_name" value="structure_state" />
							<string name="undo_action_state_name" value="" />
							<uniqueid name="id" value="1073745384" />
						</template_reference>
						<template_reference name="action" value="action\animator_set_state">
							<bool name="apply_to_leader_only" value="False" />
							<string name="do_action_state_name" value="plasma_advanced" />
							<bool name="retrigger" value="False" />
							<string name="state_machine_name" value="variant_type" />
							<string name="undo_action_state_name" value="" />
							<uniqueid name="id" value="1073745385" />
						</template_reference>
						<template_reference name="action" value="action\block_area_occupied_by_target_action" comment="mark the area so others can't build here, block droppods so other droppods can't land here anymore">
							<uniqueid name="id" value="1073745386" />
							<bool name="cant_build" value="True" />
							<list name="block_path">
								<instance_reference name="pass_type" value="pass_types\droppod" />
							</list>
							<bool name="evacuate_area" value="False" />
						</template_reference>
						<template_reference name="action" value="action\delay" comment="ensures text doesn't display on hq when deathstorm is created">
							<float name="delay" value="4" />
							<float name="delay_min" value="4" />
							<bool name="progress_bar" value="False" />
							<bool name="randomize" value="False" />
							<list name="delayed_actions">
								<template_reference name="action" value="action\animator_set_state">
									<bool name="apply_to_leader_only" value="False" />
									<string name="do_action_state_name" value="active" />
									<bool name="retrigger" value="False" />
									<string name="state_machine_name" value="structure_state" />
									<string name="undo_action_state_name" value="" />
									<uniqueid name="id" value="1073745387" />
								</template_reference>
							</list>
							<uniqueid name="id" value="1073745388" />
							<bool name="can_prevent_refund" value="True" />
						</template_reference>
						<template_reference name="action" value="action\delay">
							<float name="delay" value="4.125" />
							<float name="delay_min" value="4.125" />
							<bool name="progress_bar" value="False" />
							<bool name="randomize" value="False" />
							<list name="delayed_actions">
								<template_reference name="action" value="action\fire_and_forget_action">
									<uniqueid name="id" value="1073745389" />
									<list name="fire_and_forget_actions">
										<template_reference name="action" value="action\crush_action">
											<uniqueid name="id" value="1073745390" />
											<bool name="crush_friendlies" value="True" />
										</template_reference>
									</list>
									<bool name="fire_if_any_can" value="True" />
								</template_reference>
							</list>
							<uniqueid name="id" value="1073745391" />
							<bool name="can_prevent_refund" value="True" />
						</template_reference>
						<template_reference name="action" value="action\delay" comment="knockback . stun . damage">
							<float name="delay" value="3.75" />
							<float name="delay_min" value="3.75" />
							<bool name="progress_bar" value="False" />
							<bool name="randomize" value="False" />
							<list name="delayed_actions">
								<template_reference name="action" value="action\target">
									<template_reference name="area_info" value="options\area_info_options\circle_area_option">
										<float name="outer_radius" value="5" />
										<float name="inner_radius" value="0" />
										<bool name="is_two_dimensional" value="True" />
										<enum name="dynamic_radius_type" value="fixed" />
									</template_reference>
									<bool name="die_with_creator" value="True" />
									<bool name="do_recalc_targets" value="False" />
									<float name="duration" value="0" />
									<bool name="entity_targets" value="False" />
									<instance_reference name="entity_types_to_choose" value="" />
									<bool name="stationary" value="True" />
									<enum name="unit_type" value="" />
									<list name="subactions">
										<template_reference name="action" value="action\fire_and_forget_action">
											<uniqueid name="id" value="1073745392" />
											<list name="fire_and_forget_actions">
												<template_reference name="action" value="action\delay">
													<float name="delay" value="0.2" />
													<float name="delay_min" value="0.2" />
													<bool name="progress_bar" value="False" />
													<bool name="randomize" value="False" />
													<list name="delayed_actions" comment="Checks to see if its a building:&#xD;&#xA;- IF it is not, deal 350 damage&#xD;&#xA;- IF it is AND its NOT UNDER construction, deal 350 damage&#xD;&#xA;- IF it is AND its UNDER construction, deal 70 damage (it gets amplified by 5x because of the under construction modifiers)">
														<template_reference name="action" value="action\requirement_action">
															<bool name="check_self" value="False" />
															<bool name="validation_requires_requirements" value="False" />
															<bool name="validate_all_sub_actions" value="False" />
															<list name="requirement_table">
																<template_reference name="required" value="requirements\required_not">
																	<enum name="reason" value="usage" />
																	<locstring name="ui_name" value="0" />
																	<list name="requirement_table">
																		<template_reference name="required" value="requirements\required_unit_type">
																			<enum name="reason" value="usage" />
																			<locstring name="ui_name" value="0" />
																			<enum name="unit_type" value="dow3_structure" />
																			<template_reference name="qualify_option" value="options\none">
																			</template_reference>
																			<bool name="search_load_out" value="False" />
																		</template_reference>
																	</list>
																</template_reference>
															</list>
															<list name="action_table">
																<template_reference name="action" value="action\damage">
																	<float name="damage" value="350" />
																	<bool name="percentage" value="False" />
																	<bool name="set" value="False" />
																	<bool name="cause_criticals" value="True" />
																	<enum name="crit_weapon_type" value="cannon" />
																	<uniqueid name="id" value="1073745393" />
																	<enum name="crit_direction" value="front" />
																	<bool name="allow_overkill" value="False" />
																	<enum name="damage_type" value="Armour Piercing" />
																	<bool name="ignore_shields" value="False" />
																</template_reference>
															</list>
															<uniqueid name="id" value="1073745394" />
															<template_reference name="ui_help_text" value="tables\help_text_phrase">
																<int name="phrase_order" value="0" />
																<locstring name="phrase" value="0" />
															</template_reference>
															<template_reference name="behaviour_type" value="options\action\requirement_action\check_only_when_this_starts">
															</template_reference>
														</template_reference>
														<template_reference name="action" value="action\requirement_action">
															<bool name="check_self" value="False" />
															<bool name="validation_requires_requirements" value="False" />
															<bool name="validate_all_sub_actions" value="False" />
															<list name="requirement_table">
																<template_reference name="required" value="requirements\required_unit_type">
																	<enum name="reason" value="usage" />
																	<locstring name="ui_name" value="0" />
																	<enum name="unit_type" value="dow3_structure" />
																	<template_reference name="qualify_option" value="options\none">
																	</template_reference>
																	<bool name="search_load_out" value="False" />
																</template_reference>
															</list>
															<list name="action_table">
																<template_reference name="action" value="action\requirement_action" comment="prevents it from destroying unfinished buildings">
																	<bool name="check_self" value="False" />
																	<bool name="validation_requires_requirements" value="False" />
																	<bool name="validate_all_sub_actions" value="False" />
																	<list name="requirement_table">
																		<template_reference name="required" value="requirements\required_constructionstate">
																			<enum name="reason" value="usage" />
																			<locstring name="ui_name" value="0" />
																			<bool name="do_construction_completion_check" value="True" />
																		</template_reference>
																	</list>
																	<list name="action_table">
																		<template_reference name="action" value="action\damage">
																			<float name="damage" value="350" />
																			<bool name="percentage" value="False" />
																			<bool name="set" value="False" />
																			<bool name="cause_criticals" value="True" />
																			<enum name="crit_weapon_type" value="cannon" />
																			<uniqueid name="id" value="1073745395" />
																			<enum name="crit_direction" value="front" />
																			<bool name="allow_overkill" value="False" />
																			<enum name="damage_type" value="Armour Piercing" />
																			<bool name="ignore_shields" value="False" />
																		</template_reference>
																	</list>
																	<uniqueid name="id" value="1073745396" />
																	<template_reference name="ui_help_text" value="tables\help_text_phrase">
																		<int name="phrase_order" value="0" />
																		<locstring name="phrase" value="0" />
																	</template_reference>
																	<template_reference name="behaviour_type" value="options\action\requirement_action\check_only_when_this_starts">
																	</template_reference>
																</template_reference>
																<template_reference name="action" value="action\requirement_action" comment="prevents it from destroying unfinished buildings">
																	<bool name="check_self" value="False" />
																	<bool name="validation_requires_requirements" value="False" />
																	<bool name="validate_all_sub_actions" value="False" />
																	<list name="requirement_table">
																		<template_reference name="required" value="requirements\required_not">
																			<enum name="reason" value="usage" />
																			<locstring name="ui_name" value="0" />
																			<list name="requirement_table">
																				<template_reference name="required" value="requirements\required_constructionstate">
																					<enum name="reason" value="usage" />
																					<locstring name="ui_name" value="0" />
																					<bool name="do_construction_completion_check" value="True" />
																				</template_reference>
																			</list>
																		</template_reference>
																	</list>
																	<list name="action_table">
																		<template_reference name="action" value="action\damage">
																			<float name="damage" value="70" />
																			<bool name="percentage" value="False" />
																			<bool name="set" value="False" />
																			<bool name="cause_criticals" value="True" />
																			<enum name="crit_weapon_type" value="cannon" />
																			<uniqueid name="id" value="1073745397" />
																			<enum name="crit_direction" value="front" />
																			<bool name="allow_overkill" value="False" />
																			<enum name="damage_type" value="Armour Piercing" />
																			<bool name="ignore_shields" value="False" />
																		</template_reference>
																	</list>
																	<uniqueid name="id" value="1073745398" />
																	<template_reference name="ui_help_text" value="tables\help_text_phrase">
																		<int name="phrase_order" value="0" />
																		<locstring name="phrase" value="0" />
																	</template_reference>
																	<template_reference name="behaviour_type" value="options\action\requirement_action\check_only_when_this_starts">
																	</template_reference>
																</template_reference>
															</list>
															<uniqueid name="id" value="1073745399" />
															<template_reference name="ui_help_text" value="tables\help_text_phrase">
																<int name="phrase_order" value="0" />
																<locstring name="phrase" value="0" />
															</template_reference>
															<template_reference name="behaviour_type" value="options\action\requirement_action\check_only_when_this_starts">
															</template_reference>
														</template_reference>
													</list>
													<uniqueid name="id" value="1073745400" />
													<bool name="can_prevent_refund" value="True" />
												</template_reference>
											</list>
											<bool name="fire_if_any_can" value="False" />
										</template_reference>
									</list>
									<uniqueid name="id" value="1073745401" />
									<bool name="any_subaction" value="False" />
									<bool name="finish_with_subactions" value="True" />
									<bool name="override_subactions_context" value="True" />
									<int name="max_target_count" value="0" />
									<bool name="ui_query" value="False" />
									<template_reference name="area_over_time_option" value="options\none">
									</template_reference>
									<bool name="apply_only_once_ever" value="False" />
									<list name="target_requirements">
										<template_reference name="required" value="requirements\required_all_in_list">
											<enum name="reason" value="usage" />
											<locstring name="ui_name" value="0" />
											<list name="requirements">
												<template_reference name="requirement" value="requirements\required_ownership">
													<enum name="reason" value="usage" />
													<locstring name="ui_name" value="0" />
													<enum name="ownership_type" value="enemy" />
												</template_reference>
												<template_reference name="requirement" value="requirements\required_not">
													<enum name="reason" value="usage" />
													<locstring name="ui_name" value="0" />
													<list name="requirement_table">
														<template_reference name="required" value="requirements\required_in_any_cover">
															<enum name="reason" value="usage" />
															<locstring name="ui_name" value="0" />
														</template_reference>
													</list>
												</template_reference>
											</list>
										</template_reference>
									</list>
									<bool name="reset_target_count_every_tick" value="False" />
								</template_reference>
								<template_reference name="action" value="action\target">
									<template_reference name="area_info" value="options\area_info_options\circle_area_option">
										<float name="outer_radius" value="9" />
										<float name="inner_radius" value="0" />
										<bool name="is_two_dimensional" value="True" />
										<enum name="dynamic_radius_type" value="fixed" />
									</template_reference>
									<bool name="die_with_creator" value="True" />
									<bool name="do_recalc_targets" value="True" />
									<float name="duration" value="0" />
									<bool name="entity_targets" value="True" />
									<instance_reference name="entity_types_to_choose" value="" />
									<bool name="stationary" value="True" />
									<enum name="unit_type" value="" />
									<list name="subactions">
										<template_reference name="action" value="action\knockback_action">
											<uniqueid name="id" value="1073745402" />
											<float name="distance" value="12" />
											<float name="height" value="2" />
											<list name="on_start_actions">
											</list>
											<list name="on_end_actions">
											</list>
											<float name="getup_time_seconds" value="1" />
											<enum name="mode" value="default" />
											<float name="time_to_slide_seconds" value="-1" />
											<float name="aggression" value="0.5" />
											<float name="time_in_air_seconds" value="1" />
											<template_reference name="area_scatter_option" value="options\none">
											</template_reference>
											<bool name="interpolate" value="False" />
											<enum name="ignore_passability_check_type" value="none" />
										</template_reference>
									</list>
									<uniqueid name="id" value="1073745403" />
									<bool name="any_subaction" value="False" />
									<bool name="finish_with_subactions" value="True" />
									<bool name="override_subactions_context" value="True" />
									<int name="max_target_count" value="0" />
									<bool name="ui_query" value="False" />
									<template_reference name="area_over_time_option" value="options\none">
									</template_reference>
									<bool name="apply_only_once_ever" value="False" />
									<list name="target_requirements">
										<template_reference name="required" value="requirements\required_all_in_list">
											<enum name="reason" value="usage" />
											<locstring name="ui_name" value="0" />
											<list name="requirements">
												<template_reference name="requirement" value="requirements\required_ownership">
													<enum name="reason" value="usage" />
													<locstring name="ui_name" value="0" />
													<enum name="ownership_type" value="enemy" />
												</template_reference>
												<template_reference name="requirement" value="requirements\required_not">
													<enum name="reason" value="usage" />
													<locstring name="ui_name" value="0" />
													<list name="requirement_table">
														<template_reference name="required" value="requirements\required_in_any_cover">
															<enum name="reason" value="usage" />
															<locstring name="ui_name" value="0" />
														</template_reference>
													</list>
												</template_reference>
											</list>
										</template_reference>
									</list>
									<bool name="reset_target_count_every_tick" value="False" />
								</template_reference>
								<template_reference name="action" value="action\target">
									<template_reference name="area_info" value="options\area_info_options\circle_area_option">
										<float name="outer_radius" value="5" />
										<float name="inner_radius" value="0" />
										<bool name="is_two_dimensional" value="True" />
										<enum name="dynamic_radius_type" value="fixed" />
									</template_reference>
									<bool name="die_with_creator" value="True" />
									<bool name="do_recalc_targets" value="False" />
									<float name="duration" value="0" />
									<bool name="entity_targets" value="True" />
									<instance_reference name="entity_types_to_choose" value="" />
									<bool name="stationary" value="True" />
									<enum name="unit_type" value="" />
									<list name="subactions">
										<template_reference name="action" value="action\stun_action">
											<uniqueid name="id" value="1073745404" />
											<float name="stun_duration_seconds" value="2" />
											<list name="while_stunned_actions">
											</list>
											<list name="stop_stun_requirements">
											</list>
											<enum name="stun_type" value="generic" />
										</template_reference>
									</list>
									<uniqueid name="id" value="1073745405" />
									<bool name="any_subaction" value="False" />
									<bool name="finish_with_subactions" value="True" />
									<bool name="override_subactions_context" value="True" />
									<int name="max_target_count" value="0" />
									<bool name="ui_query" value="False" />
									<template_reference name="area_over_time_option" value="options\none">
									</template_reference>
									<bool name="apply_only_once_ever" value="False" />
									<list name="target_requirements">
										<template_reference name="required" value="requirements\required_all_in_list">
											<enum name="reason" value="usage" />
											<locstring name="ui_name" value="0" />
											<list name="requirements">
												<template_reference name="requirement" value="requirements\required_ownership">
													<enum name="reason" value="usage" />
													<locstring name="ui_name" value="0" />
													<enum name="ownership_type" value="enemy" />
												</template_reference>
												<template_reference name="requirement" value="requirements\required_not">
													<enum name="reason" value="usage" />
													<locstring name="ui_name" value="0" />
													<list name="requirement_table">
														<template_reference name="required" value="requirements\required_in_any_cover">
															<enum name="reason" value="usage" />
															<locstring name="ui_name" value="0" />
														</template_reference>
													</list>
												</template_reference>
												<template_reference name="requirement" value="requirements\required_unit_type">
													<enum name="reason" value="usage" />
													<locstring name="ui_name" value="0" />
													<enum name="unit_type" value="vehicle" />
													<template_reference name="qualify_option" value="options\none">
													</template_reference>
													<bool name="search_load_out" value="False" />
												</template_reference>
											</list>
										</template_reference>
									</list>
									<bool name="reset_target_count_every_tick" value="False" />
								</template_reference>
								<template_reference name="action" value="action\delay" comment="block the area after knockback happens">
									<float name="delay" value="0.125" />
									<float name="delay_min" value="0.125" />
									<bool name="progress_bar" value="False" />
									<bool name="randomize" value="False" />
									<list name="delayed_actions">
										<template_reference name="action" value="action\block_area_occupied_by_target_action">
											<uniqueid name="id" value="1073745406" />
											<bool name="cant_build" value="False" />
											<list name="block_path">
												<instance_reference name="pass_type" value="pass_types\infantry" />
												<instance_reference name="pass_type" value="pass_types\vehicle" />
											</list>
											<bool name="evacuate_area" value="True" />
										</template_reference>
									</list>
									<uniqueid name="id" value="1073745407" />
									<bool name="can_prevent_refund" value="True" />
								</template_reference>
								<template_reference name="action" value="action\apply_deformation_action" comment="Splats&#xD;&#xA;">
									<group name="deform_decal">
										<string name="deform_decal_file" value="" />
										<bool name="limited" value="True" />
										<bool name="random_rotation" value="True" />
										<float name="rotation" value="1" />
										<list name="splat_list">
											<group name="entry">
												<string name="splat_texture" value="dirt\dirt_crater_02" />
												<instance_reference name="terrain_material" value="material\default" />
											</group>
											<group name="entry">
												<string name="splat_texture" value="dirt\dirt_crater_02" />
												<instance_reference name="terrain_material" value="material\dirt" />
											</group>
											<group name="entry">
												<string name="splat_texture" value="metal\metal_crater_droppod" />
												<instance_reference name="terrain_material" value="material\metal" />
											</group>
											<group name="entry">
												<string name="splat_texture" value="snow\snow_crater_droppod" />
												<instance_reference name="terrain_material" value="material\ice" />
											</group>
											<group name="entry">
												<string name="splat_texture" value="snow\snow_crater_droppod" />
												<instance_reference name="terrain_material" value="material\snow" />
											</group>
											<group name="entry">
												<string name="splat_texture" value="stone_highland\stone_crater_02" />
												<instance_reference name="terrain_material" value="material\concrete" />
											</group>
											<group name="entry">
												<string name="splat_texture" value="stone_lava\stone_lava_crater_05" />
												<instance_reference name="terrain_material" value="material\stone_lava" />
											</group>
											<group name="entry">
												<string name="splat_texture" value="stone_highland\stone_crater_01" />
												<instance_reference name="terrain_material" value="material\stone_highland" />
											</group>
											<group name="entry">
												<string name="splat_texture" value="stone_cubis\stone_cubis_crack_04_char" />
												<instance_reference name="terrain_material" value="material\stone_cubis" />
											</group>
										</list>
										<float name="vertical_scale" value="0" />
										<enum name="deform_type" value="tp_additive" />
									</group>
									<float name="scale_x" value="15" />
									<float name="scale_y" value="15" />
									<bool name="undoable" value="True" />
									<uniqueid name="id" value="1073745408" />
								</template_reference>
							</list>
							<uniqueid name="id" value="1073745409" />
							<bool name="can_prevent_refund" value="True" />
						</template_reference>
						<template_reference name="action" value="action\timed_action" comment="Take no damage">
							<float name="duration" value="4" />
							<bool name="fire_and_forget" value="False" />
							<list name="subactions">
								<template_reference name="action" value="action\apply_modifiers_action" comment="take no damage, just in case">
									<float name="duration" value="0" />
									<bool name="permanent" value="False" />
									<list name="modifiers">
										<template_reference name="modifier" value="modifiers\entity_modifier">
											<enum name="application_type" value="apply_to_entity" />
											<bool name="exclusive" value="False" />
											<string name="modifier_id" value="" />
											<enum name="usage_type" value="multiplication" />
											<float name="value" value="0" />
											<instance_reference name="tooltip" value="" />
											<enum name="type" value="received_damage_modifier" />
											<instance_reference name="target_type_name" value="" />
										</template_reference>
									</list>
									<uniqueid name="id" value="1073745410" />
								</template_reference>
								<template_reference name="action" value="action\ui_decorator_action" comment="hide decorator">
									<icon name="symbol_icon" value="" />
									<uniqueid name="id" value="1073745411" />
									<string name="state_label" value="" />
									<bool name="hide" value="True" />
									<string name="cover_level_icon_suffix" value="" />
									<icon name="summer_portrait_icon" value="" />
									<icon name="winter_portrait_icon" value="" />
									<enum name="state_frame" value="none" />
								</template_reference>
							</list>
							<uniqueid name="id" value="1073745412" />
						</template_reference>
						<template_reference name="action" value="action\delay" comment="make the unit selectable">
							<float name="delay" value="4" />
							<float name="delay_min" value="4" />
							<bool name="progress_bar" value="False" />
							<bool name="randomize" value="False" />
							<list name="delayed_actions">
								<template_reference name="action" value="action\set_selection_type_action">
									<uniqueid name="id" value="1073745413" />
									<enum name="selection_type" value="single_entity_select" />
								</template_reference>
							</list>
							<uniqueid name="id" value="1073745414" />
							<bool name="can_prevent_refund" value="True" />
						</template_reference>
						<template_reference name="action" value="action\apply_modifiers_action" comment="turn off weapons until weapons are done deploying">
							<float name="duration" value="6.125" />
							<bool name="permanent" value="False" />
							<list name="modifiers">
								<template_reference name="modifier" value="modifiers\weapon_modifier">
									<enum name="application_type" value="apply_to_weapon" />
									<bool name="exclusive" value="False" />
									<string name="modifier_id" value="" />
									<string name="target_type_name" value="" />
									<enum name="usage_type" value="enable" />
									<float name="value" value="-1" />
									<instance_reference name="tooltip" value="" />
									<enum name="type" value="enable_weapon_modifier" />
								</template_reference>
							</list>
							<uniqueid name="id" value="1073745415" />
						</template_reference>
						<template_reference name="action" value="action\spawn_entity" comment="Spawns an entity that handles displaying tells to allies and enemies.">
							<float name="duration" value="4.125" />
							<instance_reference name="entity_blueprint" value="ebps\races\space_marines\gameplay\spa_drop_pod_tell" />
							<bool name="permanent" value="False" />
							<bool name="player_owned" value="True" />
							<uniqueid name="id" value="1073745416" />
							<template_reference name="spawn_attached_option" value="options\none">
							</template_reference>
							<list name="spawned_entity_actions">
							</list>
							<group name="offset">
								<float name="x" value="0" />
								<float name="y" value="0" />
								<float name="z" value="0" />
							</group>
							<bool name="offset_in_target_coord_system" value="False" />
							<bool name="spawn_at_target_height" value="False" />
							<bool name="force_construction" value="True" />
							<list name="target_requirements">
							</list>
						</template_reference>
						<template_reference name="action" value="action\delay" comment="Gabriel Angelos doctrine">
							<float name="delay" value="3.75" />
							<float name="delay_min" value="0" />
							<bool name="progress_bar" value="False" />
							<bool name="randomize" value="False" />
							<list name="delayed_actions">
								<template_reference name="action" value="action\requirement_action">
									<bool name="check_self" value="False" />
									<bool name="validation_requires_requirements" value="False" />
									<bool name="validate_all_sub_actions" value="True" />
									<list name="requirement_table">
										<template_reference name="required" value="requirements\required_player_upgrade">
											<enum name="reason" value="usage" />
											<locstring name="ui_name" value="0" />
											<bool name="is_present" value="True" />
											<int name="max_completed" value="100" />
											<int name="min_completed" value="1" />
											<instance_reference name="upgrade_name" value="upgrade\races\space_marines\doctrines\elites\gabriel_angelos_doctrine_drop_pod_heal" />
											<bool name="include_queued" value="False" />
										</template_reference>
										<template_reference name="required" value="requirements\required_not">
											<enum name="reason" value="usage" />
											<locstring name="ui_name" value="0" />
											<list name="requirement_table">
												<template_reference name="required" value="requirements\required_squad">
													<enum name="reason" value="usage" />
													<locstring name="ui_name" value="0" />
													<float name="max_squad_cap" value="1" />
													<instance_reference name="squad_name" value="sbps\races\space_marines\elite_units\spa_captain_gabriel_angelos" />
												</template_reference>
											</list>
										</template_reference>
									</list>
									<list name="action_table">
										<template_reference name="action" value="action\timed_action">
											<float name="duration" value="10" />
											<bool name="fire_and_forget" value="True" />
											<list name="subactions">
												<template_reference name="action" value="action\add_aura">
													<instance_reference name="aura" value="aura\space_marines\doctrines\spa_droppod_regen_doctrine_gabriel_angelos" />
													<template_reference name="area_info" value="options\area_info_options\circle_area_option">
														<float name="outer_radius" value="25" />
														<float name="inner_radius" value="0" />
														<bool name="is_two_dimensional" value="True" />
														<enum name="dynamic_radius_type" value="fixed" />
													</template_reference>
													<bool name="permanent" value="False" />
													<uniqueid name="id" value="1073745417" />
													<list name="aura_requirements">
														<template_reference name="required" value="requirements\required_ownership">
															<enum name="reason" value="usage" />
															<locstring name="ui_name" value="0" />
															<enum name="ownership_type" value="self" />
														</template_reference>
													</list>
												</template_reference>
											</list>
											<uniqueid name="id" value="1073745418" />
										</template_reference>
									</list>
									<uniqueid name="id" value="1073745419" />
									<template_reference name="ui_help_text" value="tables\help_text_phrase">
										<int name="phrase_order" value="0" />
										<locstring name="phrase" value="0" />
									</template_reference>
									<template_reference name="behaviour_type" value="options\action\requirement_action\check_only_when_this_starts">
									</template_reference>
								</template_reference>
							</list>
							<uniqueid name="id" value="1073745420" />
							<bool name="can_prevent_refund" value="True" />
						</template_reference>
					</list>
					<uniqueid name="id" value="1073745421" />
					<template_reference name="ui_help_text" value="tables\help_text_phrase">
						<int name="phrase_order" value="0" />
						<locstring name="phrase" value="0" />
					</template_reference>
					<template_reference name="behaviour_type" value="options\action\requirement_action\check_only_when_this_starts">
					</template_reference>
				</template_reference>
				<template_reference name="action" value="action\requirement_action" comment="Kills the Deathstorm when it runs out of action resource.">
					<bool name="check_self" value="False" />
					<bool name="validation_requires_requirements" value="False" />
					<bool name="validate_all_sub_actions" value="False" />
					<list name="requirement_table">
						<template_reference name="required" value="requirements\required_squad_resources">
							<locstring name="ui_name" value="0" />
							<enum name="reason" value="usage" />
							<enum name="comparison" value="less_than_or_equal_to" />
							<enum name="resource_type" value="action" />
							<float name="target_value" value="0" />
							<float name="ui_min_value" value="0" />
							<float name="ui_max_value" value="0" />
						</template_reference>
					</list>
					<list name="action_table">
						<template_reference name="action" value="action\damage">
							<float name="damage" value="1" />
							<bool name="percentage" value="True" />
							<bool name="set" value="False" />
							<bool name="cause_criticals" value="True" />
							<enum name="crit_weapon_type" value="small_arms" />
							<uniqueid name="id" value="1073745422" />
							<enum name="crit_direction" value="front" />
							<bool name="allow_overkill" value="False" />
							<enum name="damage_type" value="True Damage" />
							<bool name="ignore_shields" value="False" />
						</template_reference>
					</list>
					<uniqueid name="id" value="1073745423" />
					<template_reference name="ui_help_text" value="tables\help_text_phrase">
						<int name="phrase_order" value="0" />
						<locstring name="phrase" value="0" />
					</template_reference>
					<template_reference name="behaviour_type" value="options\action\requirement_action\wait_until_requirements_pass_to_start_wait_again_when_requirements_fail">
					</template_reference>
				</template_reference>
				<template_reference name="action" value="action\delay" comment="After a delay, sets the Deathstorm to ready, so it can start deducting resources (how long it will live for, otherwise it was already losing resources before it started firing).">
					<float name="delay" value="6.125" />
					<float name="delay_min" value="0" />
					<bool name="progress_bar" value="False" />
					<bool name="randomize" value="False" />
					<list name="delayed_actions">
						<template_reference name="action" value="action\ledger_write_action">
							<uniqueid name="id" value="1073745424" />
							<string name="key" value="deathstorm_ready" />
							<enum name="operator" value="set" />
							<float name="operand" value="1" />
							<bool name="persistent" value="False" />
							<string name="read_key_from_ledger_key" value="" />
						</template_reference>
					</list>
					<uniqueid name="id" value="1073745425" />
					<bool name="can_prevent_refund" value="True" />
				</template_reference>
			</list>
		</template_reference>
		<template_reference name="exts" value="ebpextensions\modifier_apply_ext">
			<list name="modifiers">
			</list>
		</template_reference>
		<template_reference name="exts" value="ebpextensions\upgrade_ext">
			<bool name="must_be_in_supply" value="False" />
			<float name="number_of_standard_slots" value="-1" />
			<list name="standard_upgrades">
			</list>
			<int name="max_queue_size_override" value="-1" />
		</template_reference>
		<template_reference name="exts" value="ebpextensions\requirement_ext">
			<list name="requirement_table">
			</list>
		</template_reference>
		<template_reference name="exts" value="ebpextensions\population_ext">
			<float name="medic_pop" value="0" />
			<float name="personnel_pop" value="0" />
			<float name="vehicle_pop" value="0" />
		</template_reference>
		<template_reference name="exts" value="ebpextensions\speech_ext">
			<string name="speaker_code" value="" />
			<group name="speech_parameters">
				<string name="class_code" value="emplacement" />
				<string name="name_code" value="object" />
				<string name="unit_code" value="spa_deathstorm_turret" />
			</group>
			<int name="importance" value="1" />
			<list name="speaker_code_overrides">
			</list>
		</template_reference>
		<template_reference name="exts" value="ebpextensions\holdable_ext">
			<enum name="holdable" value="hold_infantry" />
		</template_reference>
		<template_reference name="exts" value="ebpextensions\crush_ext">
			<bool name="crushes_humans" value="False" />
			<enum name="default_crush_mode" value="crush_medium" />
			<list name="crush_mode_actions_heavy">
			</list>
			<list name="crush_mode_actions_light">
			</list>
			<list name="crush_mode_actions_medium">
			</list>
			<list name="crush_mode_actions_off">
			</list>
			<list name="crush_target_actions">
			</list>
			<float name="ice_damage" value="0" />
			<group name="crusher_simboxes">
				<bool name="default_simbox" value="True" />
				<list name="named_simboxes">
				</list>
			</group>
		</template_reference>
		<template_reference name="exts" value="ebpextensions\spawner_ext">
			<bool name="must_be_in_supply" value="False" />
			<float name="reinforce_radius" value="0" />
			<list name="spawn_items">
			</list>
			<list name="bonus_xp_from_hold_list">
			</list>
			<list name="reinforce_requirements">
			</list>
			<bool name="spawn_to_hold_try_first" value="False" />
			<list name="queue_requirements">
			</list>
			<bool name="can_rally" value="True" />
			<template_reference name="animated_spawn_option" value="options\none">
			</template_reference>
			<int name="max_queue_size_override" value="-1" />
		</template_reference>
		<template_reference name="exts" value="ebpextensions\ability_ext">
			<list name="abilities">
			</list>
		</template_reference>
	</list>
	<uniqueid name="pbgid" value="98034" />
</instance>