<instance description="" template="ai\ai_squad">
	<group name="ai_squad_bag">
		<group name="applicable_squads">
			<list name="squad_blueprints">
			</list>
			<list name="unit_class_reqs">
			</list>
			<instance_reference name="unit_class_race" value="racebps\orks" mod="a5fef7c6e07942ffb7483ef8065b8755" />
		</group>
		<string name="combat_target_selection_filter" value="" />
		<enum_table name="tactics">
			<template_reference name="ability" value="ai\tactic_info\tactic_info_empty">
			</template_reference>
			<template_reference name="cover" value="ai\tactic_info\targeted_tactic_info_max_range">
				<enum_table name="class">
					<bool name="tactic_Combat" value="True" />
					<bool name="tactic_OnTask" value="True" />
					<bool name="tactic_Moving" value="False" />
				</enum_table>
				<float name="priority" value="200" />
				<string name="tactic_filter_abort" value="" />
				<string name="tactic_filter_start" value="" />
				<float name="tactic_max_range_override" value="30" />
			</template_reference>
			<template_reference name="hold" value="ai\tactic_info\targeted_tactic_info_max_range">
				<enum_table name="class">
					<bool name="tactic_Combat" value="True" />
					<bool name="tactic_OnTask" value="False" />
					<bool name="tactic_Moving" value="False" />
				</enum_table>
				<float name="priority" value="250" />
				<string name="tactic_filter_abort" value="" />
				<string name="tactic_filter_start" value="" />
				<float name="tactic_max_range_override" value="30" />
			</template_reference>
			<template_reference name="avoid" value="ai\tactic_info\tactic_info">
				<enum_table name="class">
					<bool name="tactic_Combat" value="True" />
					<bool name="tactic_OnTask" value="True" />
					<bool name="tactic_Moving" value="True" />
				</enum_table>
				<float name="priority" value="1000" />
				<string name="tactic_filter_abort" value="" />
				<string name="tactic_filter_start" value="" />
			</template_reference>
			<template_reference name="vehicle" value="ai\tactic_info\targeted_tactic_info_max_range">
				<enum_table name="class">
					<bool name="tactic_Combat" value="True" />
					<bool name="tactic_OnTask" value="False" />
					<bool name="tactic_Moving" value="False" />
				</enum_table>
				<float name="priority" value="100" />
				<string name="tactic_filter_abort" value="" />
				<string name="tactic_filter_start" value="" />
				<float name="tactic_max_range_override" value="30" />
			</template_reference>
			<template_reference name="force_attack" value="ai\tactic_info\tactic_info">
				<enum_table name="class">
					<bool name="tactic_Combat" value="True" />
					<bool name="tactic_OnTask" value="True" />
					<bool name="tactic_Moving" value="False" />
				</enum_table>
				<float name="priority" value="2" />
				<string name="tactic_filter_abort" value="" />
				<string name="tactic_filter_start" value="" />
			</template_reference>
			<template_reference name="pickup" value="ai\tactic_info\targeted_tactic_info_target_filter">
				<enum_table name="class">
					<bool name="tactic_Combat" value="True" />
					<bool name="tactic_OnTask" value="True" />
					<bool name="tactic_Moving" value="True" />
				</enum_table>
				<float name="priority" value="-1" />
				<string name="tactic_filter_abort" value="" />
				<string name="tactic_filter_start" value="" />
				<float name="tactic_max_range_override" value="20" />
				<list name="target_filter_prioritized_list">
				</list>
			</template_reference>
			<template_reference name="capture_team_weapon" value="ai\tactic_info\targeted_tactic_info_target_filter">
				<enum_table name="class">
					<bool name="tactic_Combat" value="True" />
					<bool name="tactic_OnTask" value="True" />
					<bool name="tactic_Moving" value="True" />
				</enum_table>
				<float name="priority" value="-1" />
				<string name="tactic_filter_abort" value="" />
				<string name="tactic_filter_start" value="" />
				<float name="tactic_max_range_override" value="20" />
				<list name="target_filter_prioritized_list">
				</list>
			</template_reference>
			<template_reference name="recrew" value="ai\tactic_info\targeted_tactic_info_target_filter">
				<enum_table name="class">
					<bool name="tactic_Combat" value="True" />
					<bool name="tactic_OnTask" value="True" />
					<bool name="tactic_Moving" value="True" />
				</enum_table>
				<float name="priority" value="-1" />
				<string name="tactic_filter_abort" value="" />
				<string name="tactic_filter_start" value="" />
				<float name="tactic_max_range_override" value="20" />
				<list name="target_filter_prioritized_list">
				</list>
			</template_reference>
			<template_reference name="provide_reinforcement_point" value="ai\tactic_info\targeted_tactic_info_max_range">
				<enum_table name="class">
					<bool name="tactic_Combat" value="True" />
					<bool name="tactic_OnTask" value="True" />
					<bool name="tactic_Moving" value="True" />
				</enum_table>
				<float name="priority" value="50" />
				<string name="tactic_filter_abort" value="" />
				<string name="tactic_filter_start" value="" />
				<float name="tactic_max_range_override" value="50" />
			</template_reference>
			<template_reference name="finish_healing" value="ai\tactic_info\targeted_tactic_info_max_range">
				<enum_table name="class">
					<bool name="tactic_Combat" value="True" />
					<bool name="tactic_OnTask" value="True" />
					<bool name="tactic_Moving" value="True" />
				</enum_table>
				<float name="priority" value="50" />
				<string name="tactic_filter_abort" value="" />
				<string name="tactic_filter_start" value="" />
				<float name="tactic_max_range_override" value="50" />
			</template_reference>
			<template_reference name="capture_point" value="ai\tactic_info\targeted_tactic_info_max_range">
				<enum_table name="class">
					<bool name="tactic_Combat" value="True" />
					<bool name="tactic_OnTask" value="True" />
					<bool name="tactic_Moving" value="True" />
				</enum_table>
				<float name="priority" value="50" />
				<string name="tactic_filter_abort" value="" />
				<string name="tactic_filter_start" value="" />
				<float name="tactic_max_range_override" value="20" />
			</template_reference>
			<template_reference name="warm_up" value="ai\tactic_info\targeted_tactic_info_max_range">
				<enum_table name="class">
					<bool name="tactic_Combat" value="True" />
					<bool name="tactic_OnTask" value="True" />
					<bool name="tactic_Moving" value="True" />
				</enum_table>
				<float name="priority" value="-1" />
				<string name="tactic_filter_abort" value="" />
				<string name="tactic_filter_start" value="" />
				<float name="tactic_max_range_override" value="50" />
			</template_reference>
			<template_reference name="min_range" value="ai\tactic_info\targeted_tactic_info_max_range">
				<enum_table name="class">
					<bool name="tactic_Combat" value="True" />
					<bool name="tactic_OnTask" value="True" />
					<bool name="tactic_Moving" value="False" />
				</enum_table>
				<float name="priority" value="50" />
				<string name="tactic_filter_abort" value="" />
				<string name="tactic_filter_start" value="" />
				<float name="tactic_max_range_override" value="-1" />
			</template_reference>
			<template_reference name="vehicle_decrew" value="ai\tactic_info\tactic_info">
				<enum_table name="class">
					<bool name="tactic_Combat" value="True" />
					<bool name="tactic_OnTask" value="True" />
					<bool name="tactic_Moving" value="True" />
				</enum_table>
				<float name="priority" value="-1" />
				<string name="tactic_filter_abort" value="" />
				<string name="tactic_filter_start" value="30" />
			</template_reference>
			<template_reference name="tactic_sequence" value="ai\tactic_info\tactic_info_empty">
			</template_reference>
			<template_reference name="tactic_lua" value="ai\tactic_info\tactic_info_empty">
			</template_reference>
		</enum_table>
		<bool name="can_self_heal_out_of_combat" value="False" />
		<instance_reference name="damage_ramping_ability" value="" />
		<bool name="is_aggressive" value="False" />
		<bool name="designer_locked" value="False" />
		<bool name="allow_skirmish_control" value="True" />
	</group>
	<uniqueid name="pbgid" value="90516" />
</instance>