<instance override_type="merge" description="" template="ebps">
	<list name="extensions">
		<template_reference name="exts" value="ebpextensions\spawner_ext">
			<bool name="must_be_in_supply" value="False" />
			<float name="reinforce_radius" value="12" />
			<list name="spawn_items">
				<group name="spawn_item">
					<int name="ui_position" value="11" />
					<instance_reference name="entity" value="" />
					<instance_reference name="squad" value="sbps\races\space_marines\line_units\spa_devastator_marine_heavybolter" mod="a5fef7c6e07942ffb7483ef8065b8755" />
					<bool name="spawn_at_map_entry_point" value="False" />
				</group>
				<group name="spawn_item">
					<int name="ui_position" value="12" />
					<instance_reference name="entity" value="" />
					<instance_reference name="squad" value="sbps\races\space_marines\line_units\spa_deathwatch" mod="a5fef7c6e07942ffb7483ef8065b8755" />
					<bool name="spawn_at_map_entry_point" value="False" />
				</group>
				<group name="spawn_item">
					<int name="ui_position" value="31" />
					<instance_reference name="entity" value="" />
					<instance_reference name="squad" value="sbps\races\space_marines\line_units\spa_captain_gabriel_angelos" mod="a5fef7c6e07942ffb7483ef8065b8755" />
					<bool name="spawn_at_map_entry_point" value="False" />
				</group>
				<group name="spawn_item">
					<int name="ui_position" value="32" />
					<instance_reference name="entity" value="" />
					<instance_reference name="squad" value="sbps\races\space_marines\line_units\spa_librarian_jonah_orion" mod="a5fef7c6e07942ffb7483ef8065b8755" />
					<bool name="spawn_at_map_entry_point" value="False" />
				</group>
				<group name="spawn_item">
					<int name="ui_position" value="13" />
					<instance_reference name="entity" value="" />
					<instance_reference name="squad" value="sbps\races\space_marines\line_units\imperial_guardsman_squad" mod="a5fef7c6e07942ffb7483ef8065b8755" />
					<bool name="spawn_at_map_entry_point" value="False" />
				</group>
				<group name="spawn_item">
					<int name="ui_position" value="13" />
					<instance_reference name="entity" value="" />
					<instance_reference name="squad" value="sbps\races\space_marines\line_units\house_varlock_guard" mod="a5fef7c6e07942ffb7483ef8065b8755" />
					<bool name="spawn_at_map_entry_point" value="False" />
				</group>
				<group name="spawn_item">
					<int name="ui_position" value="14" />
					<instance_reference name="entity" value="" />
					<instance_reference name="squad" value="sbps\races\space_marines\line_units\spa_devastator_marine_lascannon" mod="a5fef7c6e07942ffb7483ef8065b8755" />
					<bool name="spawn_at_map_entry_point" value="False" />
				</group>
			</list>
			<list name="bonus_xp_from_hold_list">
			</list>
			<list name="reinforce_requirements">
			</list>
			<bool name="spawn_to_hold_try_first" value="False" />
			<list name="queue_requirements">
			</list>
			<bool name="can_rally" value="True" />
			<template_reference name="animated_spawn_option" value="options\ebpextensions\spawnerext\animated_spawn_option">
				<bool name="animated_spawning" value="True" />
				<bool name="animated_production" value="True" />
				<float name="animated_spawning_seconds" value="1.625" />
				<string name="sync_marker_vehicle_base" value="target_vehicle" />
				<string name="sync_marker_infantry_base" value="target_human" />
				<string name="spawn_state_key" value="unit_produced_state" />
				<string name="production_state_key" value="production_state" />
				<string name="target_key" value="target" />
				<string name="position_marker_key" value="marker_name" />
				<string name="spawner_state_key" value="unit_produced_state" />
				<string name="state_on_key" value="on" />
				<string name="state_off_key" value="off" />
				<list name="animated_spawn_actions">
				</list>
			</template_reference>
			<int name="max_queue_size_override" value="-1" />
		</template_reference>
		<template_reference name="exts" value="ebpextensions\upgrade_ext">
			<bool name="must_be_in_supply" value="False" />
			<float name="number_of_standard_slots" value="-1" />
			<list name="standard_upgrades">
				<instance_reference name="upgrade" value="upgrade\spa_unlock_varlock" mod="a5fef7c6e07942ffb7483ef8065b8755" />
				<instance_reference name="upgrade" value="upgrade\spa_unlock_guard" mod="a5fef7c6e07942ffb7483ef8065b8755" />
			</list>
			<int name="max_queue_size_override" value="-1" />
		</template_reference>
		<template_reference name="exts" value="ebpextensions\ability_ext">
			<list name="abilities">
				<instance_reference name="ability" value="abilities\gameplay\reinforce_point" mod="a5fef7c6e07942ffb7483ef8065b8755" />
			</list>
		</template_reference>
		<template_reference name="exts" value="ebpextensions\sight_ext">
			<group name="detect_camouflage">
				<float name="tp_global" value="0" />
				<float name="tp_mine" value="0" />
				<float name="tp_unit" value="0" />
			</group>
			<bool name="extended_sight" value="True" />
			<float name="extended_sight_radius" value="300" />
			<float name="reveal_area_on_death_time" value="1.5" />
			<group name="sight_package">
				<float name="inner_height" value="3.5" />
				<float name="inner_radius" value="1" />
				<float name="outer_height" value="3.5" />
				<float name="outer_radius" value="55" />
				<float name="cone_angle" value="360" />
				<float name="cone_start_radius" value="0" />
			</group>
			<bool name="can_see_through_stealth_zones" value="False" />
			<list name="extended_sight_target_requirements">
			</list>
			<list name="specific_detector_actions">
			</list>
		</template_reference>
		<template_reference name="exts" value="ebpextensions\cost_ext">
			<group name="time_cost">
				<enum_table name="cost">
					<float name="action" value="0" />
					<float name="power" value="50" />
					<float name="requisition" value="125" />
					<float name="popcap" value="0" />
					<float name="command" value="0" />
					<float name="drop_pods" value="0" />
					<float name="feat" value="0" />
					<float name="gamma" value="0" />
				</enum_table>
				<float name="time_seconds" value="30" />
			</group>
		</template_reference>
		<template_reference name="exts" value="ebpextensions\health_ext">
			<bool name="can_repair" value="True" />
			<bool name="cuttable" value="False" />
			<string name="death_event_name" value="death" />
			<float name="death_seconds" value="2.5" />
			<bool name="delete_when_dead" value="True" />
			<bool name="force_attacker_memory" value="False" />
			<float name="hitpoints" value="1600" />
			<bool name="is_invincible" value="False" />
			<bool name="is_salvagable_wreck" value="False" />
			<instance_reference name="rebuilt_entity" value="" />
			<instance_reference name="rebuilt_squad" value="" />
			<bool name="rebuilt_use_wreck_owner" value="True" />
			<bool name="receive_weapon_cover_modifiers" value="False" />
			<float name="regeneration" value="0" />
			<bool name="regeneration_disabled" value="True" />
			<bool name="remove_from_pathfinding_on_death" value="False" />
			<bool name="reveal_to_all_on_death" value="False" />
			<bool name="ui_can_scuttle" value="False" />
			<list name="death_actions">
			</list>
			<float name="target_size" value="5" />
			<list name="criticals">
				<group name="critical_group">
					<float name="max_health_percentage" value="0" />
					<list name="critical_info">
						<group name="info">
							<float name="weight" value="100" />
							<enum_table name="applicable_weapons">
								<bool name="small_arms" value="True" />
								<bool name="flame" value="True" />
								<bool name="ballistic" value="True" />
								<bool name="explosive" value="True" />
								<bool name="taldeer_melee" value="True" />
								<bool name="cannon" value="True" />
								<bool name="always_gib" value="True" />
							</enum_table>
							<instance_reference name="critical" value="critical\default_death" />
							<enum_table name="applicable_hit_direction">
								<bool name="front" value="True" />
								<bool name="rear" value="True" />
								<bool name="left" value="True" />
								<bool name="right" value="True" />
							</enum_table>
							<enum name="apply_on" value="penetrate" />
						</group>
					</list>
				</group>
			</list>
			<float name="weapon_priority" value="-80" />
			<template_reference name="wreck_entity_option" value="options\ebpextensions\healthext\wreck_table">
				<enum_table name="wreck_entities">
					<instance_reference name="default" value="ebps\races\space_marines\wrecks\structures\spa_doctrine_chapel_wreck" />
					<instance_reference name="brewup" value="" />
				</enum_table>
				<list name="spawn_wreck_requirements">
					<template_reference name="requirement" value="requirements\required_constructionstate">
						<enum name="reason" value="usage" />
						<locstring name="ui_name" value="0" />
						<bool name="do_construction_completion_check" value="True" />
					</template_reference>
				</list>
				<bool name="keep_wreck_ownership" value="False" />
			</template_reference>
			<enum name="armor_type" value="Heavy" />
			<template_reference name="armor_layout_option" value="options\ebpextensions\healthext\armor_layouts\armor_layout_uniform">
				<float name="armor" value="200" />
			</template_reference>
			<enum name="allegiance_override" value="none" />
			<list name="on_received_damage_actions">
			</list>
			<bool name="not_default_attackable" value="False" />
			<list name="self_destruct_actions">
			</list>
			<list name="rebuilt_entity_actions">
			</list>
		</template_reference>
		<template_reference name="exts" value="ebpextensions\construction_ext">
			<bool name="automatic_fit_on_placement" value="True" />
			<bool name="can_set_facing" value="True" />
			<float name="cancel_refund_percentage" value="100" />
			<string name="construction_state_name" value="ability_construction_state" />
			<float name="construction_transition_time" value="0" />
			<bool name="force_construction" value="False" />
			<float name="max_engineers" value="1" />
			<instance_reference name="on_construction_squad" value="" />
			<float name="orientation" value="0" />
			<enum name="placement_type" value="tp_structure" />
			<bool name="prefer_spots_on_side_with_leader" value="False" />
			<bool name="query_abilities_for_range_ui" value="False" />
			<bool name="query_construction_actions_for_range_ui" value="False" />
			<bool name="query_upgrade_actions_for_range_ui" value="False" />
			<bool name="random_rotation" value="False" />
			<float name="replace_ghost_distance" value="8" />
			<bool name="self_construct" value="False" />
			<list name="on_construction_actions">
				<template_reference name="action" value="action\activate_extension_action">
					<bool name="activation" value="True" />
					<list name="entity_extensions_to_set">
						<enum name="entity_extension_id" value="walkable_surface_ext" />
					</list>
					<list name="squad_extensions_to_set">
					</list>
					<uniqueid name="id" value="1073746638" />
				</template_reference>
				<template_reference name="action" value="action\requirement_action">
					<bool name="check_self" value="True" />
					<bool name="validation_requires_requirements" value="False" />
					<bool name="validate_all_sub_actions" value="True" />
					<list name="requirement_table">
						<template_reference name="required" value="requirements\required_player_upgrade">
							<enum name="reason" value="usage" />
							<locstring name="ui_name" value="0" />
							<bool name="is_present" value="True" />
							<int name="max_completed" value="100" />
							<int name="min_completed" value="1" />
							<instance_reference name="upgrade_name" value="upgrade\races\space_marines\doctrines\spa_blessings_vehicle" />
							<bool name="include_queued" value="False" />
						</template_reference>
					</list>
					<list name="action_table">
						<template_reference name="action" value="action\add_aura">
							<instance_reference name="aura" value="aura\space_marines\doctrines\spa_vehicle_healing_doctrine_blessings_vehicles" />
							<template_reference name="area_info" value="options\area_info_options\circle_area_option">
								<float name="outer_radius" value="15" />
								<float name="inner_radius" value="0" />
								<bool name="is_two_dimensional" value="True" />
								<enum name="dynamic_radius_type" value="fixed" />
							</template_reference>
							<bool name="permanent" value="True" />
							<uniqueid name="id" value="1073746639" />
							<list name="aura_requirements">
							</list>
						</template_reference>
					</list>
					<uniqueid name="id" value="1073746640" />
					<template_reference name="ui_help_text" value="tables\help_text_phrase">
						<int name="phrase_order" value="0" />
						<locstring name="phrase" value="0" />
					</template_reference>
					<template_reference name="behaviour_type" value="options\action\requirement_action\check_only_when_this_starts">
					</template_reference>
				</template_reference>
			</list>
			<group name="field_placement_info">
				<instance_reference name="border_entity" value="" />
				<instance_reference name="replace_entity" value="" />
				<int name="replace_count" value="0" />
				<float name="replace_retry_distance" value="0" />
			</group>
			<instance_reference name="placement_valid" value="ui_rectangle\construction_placement_valid" />
			<instance_reference name="placement_invalid" value="ui_rectangle\construction_placement_invalid" />
			<instance_reference name="ui_range" value="ui_reticule\reinforcement_point" />
			<float name="ui_range_radius" value="20" comment="10 is the setting for deep strike radius, if this number need to be changed, then deep strike radius needs to request programming support" />
			<instance_reference name="ui_setfacing" value="" />
			<bool name="query_weapon_for_range_ui" value="False" />
			<group name="placement_requirements">
				<bool name="must_be_in_line_of_sight" value="False" />
				<bool name="must_not_be_in_walkable_surfaces" value="False" />
				<bool name="must_be_on_strategic_point" value="False" />
				<list name="requirements" comment="Comment: This exists to prevent you from building directly ontop of the resource nodes.  If the player is allowed to then it prevents you from building the add-ons but it still costs you money.">
					<template_reference name="requirement" value="requirements\required_not">
						<enum name="reason" value="usage" />
						<locstring name="ui_name" value="0" />
						<list name="requirement_table">
							<template_reference name="required" value="requirements\required_near_entity">
								<enum name="reason" value="usage" />
								<locstring name="ui_name" value="0" />
								<list name="near_entity_requirement">
									<template_reference name="required" value="requirements\required_unit_type">
										<enum name="reason" value="usage" />
										<locstring name="ui_name" value="0" />
										<enum name="unit_type" value="resource_node" />
										<template_reference name="qualify_option" value="options\none">
										</template_reference>
										<bool name="search_load_out" value="False" />
									</template_reference>
								</list>
								<template_reference name="area_option" value="options\area_info_options\circle_area_option">
									<float name="outer_radius" value="10" />
									<float name="inner_radius" value="0" />
									<bool name="is_two_dimensional" value="False" />
									<enum name="dynamic_radius_type" value="fixed" />
								</template_reference>
								<enum name="nearby_collision_filter" value="all" />
							</template_reference>
						</list>
					</template_reference>
					<template_reference name="requirement" value="requirements\required_not">
						<enum name="reason" value="usage" />
						<locstring name="ui_name" value="0" />
						<list name="requirement_table">
							<template_reference name="required" value="requirements\required_near_entity">
								<enum name="reason" value="usage" />
								<locstring name="ui_name" value="0" />
								<list name="near_entity_requirement">
									<template_reference name="required" value="requirements\required_unit_type">
										<enum name="reason" value="usage" />
										<locstring name="ui_name" value="0" />
										<enum name="unit_type" value="dow3_heavy_cover" />
										<template_reference name="qualify_option" value="options\none">
										</template_reference>
										<bool name="search_load_out" value="False" />
									</template_reference>
								</list>
								<template_reference name="area_option" value="options\area_info_options\circle_area_option">
									<float name="outer_radius" value="4" />
									<float name="inner_radius" value="0" />
									<bool name="is_two_dimensional" value="False" />
									<enum name="dynamic_radius_type" value="fixed" />
								</template_reference>
								<enum name="nearby_collision_filter" value="all" />
							</template_reference>
						</list>
					</template_reference>
				</list>
				<float name="spacing_distance" value="0" />
				<bool name="skip_impass_checks_and_ignore_immovable_entities" value="False" />
			</group>
			<bool name="squad_ignore_pathfinding" value="False" />
			<bool name="can_be_cancelled" value="True" />
			<template_reference name="construction_health_option" value="options\none">
			</template_reference>
			<list name="on_construction_terrain_bonuses">
			</list>
		</template_reference>
	</list>
	<uniqueid name="pbgid" value="97889" />
</instance>