<instance override_type="merge" description="Listening Post created by Brock to test a new economy" template="ebps">
	<list name="extensions">
		<template_reference name="exts" value="ebpextensions\health_ext">
			<bool name="can_repair" value="False" />
			<bool name="cuttable" value="False" />
			<string name="death_event_name" value="Death" />
			<float name="death_seconds" value="0" />
			<bool name="delete_when_dead" value="True" />
			<bool name="force_attacker_memory" value="False" />
			<float name="hitpoints" value="2000" />
			<bool name="is_invincible" value="False" />
			<bool name="is_salvagable_wreck" value="False" />
			<instance_reference name="rebuilt_entity" value="" />
			<instance_reference name="rebuilt_squad" value="" />
			<bool name="rebuilt_use_wreck_owner" value="False" />
			<bool name="receive_weapon_cover_modifiers" value="True" />
			<float name="regeneration" value="0" />
			<bool name="regeneration_disabled" value="False" />
			<bool name="remove_from_pathfinding_on_death" value="True" />
			<bool name="reveal_to_all_on_death" value="False" />
			<bool name="ui_can_scuttle" value="False" />
			<list name="death_actions">
				<template_reference name="action" value="action\change_target_action">
					<list name="actions">
						<template_reference name="action" value="action\target">
							<template_reference name="area_info" value="options\area_info_options\circle_area_option">
								<float name="outer_radius" value="6" />
								<float name="inner_radius" value="0" />
								<bool name="is_two_dimensional" value="True" />
								<enum name="dynamic_radius_type" value="fixed" />
							</template_reference>
							<bool name="die_with_creator" value="False" />
							<bool name="do_recalc_targets" value="False" />
							<float name="duration" value="0.25" />
							<bool name="entity_targets" value="True" />
							<instance_reference name="entity_types_to_choose" value="" />
							<bool name="stationary" value="True" />
							<enum name="unit_type" value="" />
							<list name="subactions">
								<template_reference name="action" value="action\set_selection_type_action">
									<uniqueid name="id" value="1073742527" />
									<enum name="selection_type" value="multi_entity_select" />
								</template_reference>
							</list>
							<uniqueid name="id" value="1073742528" />
							<bool name="any_subaction" value="True" />
							<bool name="finish_with_subactions" value="True" />
							<bool name="override_subactions_context" value="True" />
							<int name="max_target_count" value="0" />
							<bool name="ui_query" value="False" />
							<template_reference name="area_over_time_option" value="options\none">
							</template_reference>
							<bool name="apply_only_once_ever" value="False" />
							<list name="target_requirements">
								<template_reference name="required" value="requirements\required_unit_type">
									<enum name="reason" value="usage" />
									<locstring name="ui_name" value="0" />
									<enum name="unit_type" value="dow3_addon" />
									<template_reference name="qualify_option" value="options\none">
									</template_reference>
									<bool name="search_load_out" value="False" />
								</template_reference>
							</list>
							<bool name="reset_target_count_every_tick" value="False" />
						</template_reference>
					</list>
					<enum name="change_target_type" value="self" />
					<uniqueid name="id" value="1073742529" />
					<bool name="validate_sub_actions" value="False" />
				</template_reference>
			</list>
			<float name="target_size" value="1" />
			<list name="criticals">
				<group name="critical_group">
					<float name="max_health_percentage" value="0" />
					<list name="critical_info">
						<group name="info">
							<float name="weight" value="100" />
							<enum_table name="applicable_weapons">
								<bool name="small_arms" value="True" />
								<bool name="flame" value="True" />
								<bool name="ballistic" value="True" />
								<bool name="explosive" value="True" />
								<bool name="taldeer_melee" value="True" />
								<bool name="cannon" value="True" />
								<bool name="always_gib" value="True" />
							</enum_table>
							<instance_reference name="critical" value="critical\default_death" />
							<enum_table name="applicable_hit_direction">
								<bool name="front" value="True" />
								<bool name="rear" value="True" />
								<bool name="left" value="True" />
								<bool name="right" value="True" />
							</enum_table>
							<enum name="apply_on" value="penetrate" />
						</group>
					</list>
				</group>
			</list>
			<float name="weapon_priority" value="-100" />
			<template_reference name="wreck_entity_option" value="options\none">
			</template_reference>
			<enum name="armor_type" value="Normal" />
			<template_reference name="armor_layout_option" value="options\ebpextensions\healthext\armor_layouts\armor_layout_uniform">
				<float name="armor" value="80" />
			</template_reference>
			<enum name="allegiance_override" value="none" />
			<list name="on_received_damage_actions">
			</list>
			<bool name="not_default_attackable" value="False" />
			<list name="self_destruct_actions">
			</list>
			<list name="rebuilt_entity_actions">
			</list>
		</template_reference>
		<template_reference name="exts" value="ebpextensions\ui_ext">
			<bool name="ap_killed_kicker" value="True" />
			<bool name="ap_loss_kicker" value="True" />
			<float name="decorator_height" value="10" />
			<bool name="ghost_enable" value="True" />
			<locstring name="help_text" value="11128286" />
			<string name="hotkey_name" value="R" />
			<icon name="icon_name" value="Icons_space_marines_buildings_listening_post" />
			<enum name="kill_type" value="infantry" />
			<colour name="minimap_color" value="*" />
			<bool name="minimap_enable" value="True" />
			<bool name="minimap_team_only" value="False" />
			<bool name="minimap_teamcolor" value="False" />
			<string name="overlay_name" value="" />
			<bool name="reveal_for_decryption" value="True" />
			<locstring name="screen_name" value="11128285" />
			<enum name="selection_name" value="" />
			<float name="selection_scale" value="1" />
			<enum name="selection_type" value="multi_entity_select" />
			<locstring name="tooltip_txt" value="0" />
			<int name="ui_priority" value="0" />
			<icon name="minimap_icon" value="Icons_common_decorators_space_marines_structure_listening_post" />
			<float name="minimap_icon_scale" value="0.5" />
			<icon name="portrait_icon" value="Icons_space_marines_buildings_listening_post" />
			<locstring name="brief_text" value="0" />
			<string name="extra_text_deprecated" value="" />
			<locstring name="extra_text" value="11128287" />
			<locstring name="screen_name_short" value="0" />
			<bool name="show_in_build_log" value="True" />
			<bool name="show_entity_appearance" value="True" />
			<locstring name="screen_name_world" value="0" />
			<locstring name="help_text_world" value="0" />
			<locstring name="extra_text_world" value="0" />
			<enum name="map_rotation_type_override" value="no_override" />
			<icon name="symbol_icon_name" value="Icons_common_decorators_space_marines_structure_listening_post" />
			<enum name="occlusion_state" value="occlude_others" />
			<enum name="decorator_visibility" value="visible" />
			<bool name="skin_pack_override" value="False" />
			<string name="skin_summer" value="" />
			<string name="skin_winter" value="" />
			<enum name="targeting_and_bandbox_selection_priority" value="lowest" />
			<enum name="selection_method" value="terrain_obb_mesh" />
			<group name="terrain_info_display_offset">
				<float name="x" value="0" />
				<float name="y" value="0" />
			</group>
			<string name="decorator_ledger_key" value="" />
			<instance_reference name="decorator_ledger_bar_style" value="" />
			<enum name="selection_name_squad_override" value="" />
			<string name="selection_grouping_ledger_key" value="selection_group" />
			<float name="decorator_height_spatial_ability" value="-1" />
		</template_reference>
		<template_reference name="exts" value="ebpextensions\combat_ext">
			<bool name="reject_attack_command" value="True" />
			<list name="hardpoints">
				<group name="hardpoint">
					<float name="parent_hardpoint" value="-1" />
					<list name="weapon_table">
						<group name="weapon">
							<group name="heading">
								<float name="x" value="0" />
								<float name="y" value="0" />
								<float name="z" value="1" />
							</group>
							<float name="length" value="0" />
							<group name="origin">
								<float name="x" value="0" />
								<float name="y" value="4" />
								<float name="z" value="0" />
							</group>
							<enum name="type" value="default" />
							<instance_reference name="weapon" value="weapon\space_marines\structures\spa_heavy_bolter_listening_post" mod="a5fef7c6e07942ffb7483ef8065b8755" />
						</group>
					</list>
					<bool name="receives_attack_commands" value="True" />
					<bool name="display_in_forge" value="True" />
				</group>
			</list>
			<int name="sight_hardpoint" value="-1" />
			<list name="kill_actions">
			</list>
			<bool name="can_be_knocked_back" value="False" />
			<group name="reckoning_blow">
				<list name="attack_table">
				</list>
				<list name="defend_table">
				</list>
			</group>
			<bool name="can_be_stunned" value="False" />
			<bool name="update_facing_during_melee_swings" value="True" />
			<bool name="can_be_levitated" value="False" />
			<template_reference name="weapon_handling_option" value="options\none">
			</template_reference>
			<bool name="allow_auto_target_in_stealth_zone" value="False" />
		</template_reference>
		<template_reference name="exts" value="ebpextensions\upgrade_ext">
			<bool name="must_be_in_supply" value="False" />
			<float name="number_of_standard_slots" value="-1" />
			<list name="standard_upgrades">
				<instance_reference name="upgrade" value="upgrade\spa_listening_post_upgrade" mod="a5fef7c6e07942ffb7483ef8065b8755" />
			</list>
			<int name="max_queue_size_override" value="-1" />
		</template_reference>
		<template_reference name="exts" value="ebpextensions\type_ext">
			<list name="unit_type_list">
				<enum name="unit_type" value="building" />
				<enum name="unit_type" value="strategic_node" />
				<enum name="unit_type" value="strategic_node_resource" />
				<enum name="unit_type" value="dow3_listening_post" />
				<enum name="unit_type" value="dow3_structure" />
				<enum name="unit_type" value="dow3_building_raider_doctrine" />
				<enum name="unit_type" value="dow3_listening_post_protector" />
			</list>
			<enum name="weapon_targeting" value="automatic" />
			<bool name="intersection_testing" value="False" />
		</template_reference>
		<template_reference name="exts" value="ebpextensions\cost_ext">
			<group name="time_cost">
				<enum_table name="cost">
					<float name="action" value="0" />
					<float name="power" value="0" />
					<float name="requisition" value="250" />
					<float name="popcap" value="0" />
					<float name="command" value="0" />
					<float name="drop_pods" value="0" />
					<float name="feat" value="0" />
					<float name="gamma" value="0" />
				</enum_table>
				<float name="time_seconds" value="30" />
			</group>
		</template_reference>
		<template_reference name="exts" value="ebpextensions\construction_ext">
			<bool name="automatic_fit_on_placement" value="True" />
			<bool name="can_set_facing" value="False" />
			<float name="cancel_refund_percentage" value="100" />
			<string name="construction_state_name" value="ability_construction_state" />
			<float name="construction_transition_time" value="0" />
			<bool name="force_construction" value="False" />
			<float name="max_engineers" value="1" />
			<instance_reference name="on_construction_squad" value="" />
			<float name="orientation" value="0" />
			<enum name="placement_type" value="tp_structure" />
			<bool name="prefer_spots_on_side_with_leader" value="False" />
			<bool name="query_abilities_for_range_ui" value="True" />
			<bool name="query_construction_actions_for_range_ui" value="True" />
			<bool name="query_upgrade_actions_for_range_ui" value="True" />
			<bool name="random_rotation" value="False" />
			<float name="replace_ghost_distance" value="8" />
			<bool name="self_construct" value="False" />
			<list name="on_construction_actions">
				<template_reference name="action" value="action\add_aura">
					<instance_reference name="aura" value="aura\all\listening_post_protection_aura" />
					<template_reference name="area_info" value="options\area_info_options\circle_area_option">
						<float name="outer_radius" value="6" />
						<float name="inner_radius" value="0" />
						<bool name="is_two_dimensional" value="True" />
						<enum name="dynamic_radius_type" value="fixed" />
					</template_reference>
					<bool name="permanent" value="True" />
					<uniqueid name="id" value="1073746644" />
					<list name="aura_requirements">
						<template_reference name="required" value="requirements\required_unit_type">
							<enum name="reason" value="usage" />
							<locstring name="ui_name" value="0" />
							<enum name="unit_type" value="dow3_addon" />
							<template_reference name="qualify_option" value="options\none">
							</template_reference>
							<bool name="search_load_out" value="False" />
						</template_reference>
					</list>
				</template_reference>
				<template_reference name="action" value="action\requirement_action">
					<bool name="check_self" value="True" />
					<bool name="validation_requires_requirements" value="False" />
					<bool name="validate_all_sub_actions" value="True" />
					<list name="requirement_table">
						<template_reference name="required" value="requirements\required_player_upgrade">
							<enum name="reason" value="usage" />
							<locstring name="ui_name" value="0" />
							<bool name="is_present" value="True" />
							<int name="max_completed" value="100" />
							<int name="min_completed" value="1" />
							<instance_reference name="upgrade_name" value="upgrade\races\space_marines\doctrines\spa_blessings_vehicle" />
							<bool name="include_queued" value="False" />
						</template_reference>
					</list>
					<list name="action_table">
						<template_reference name="action" value="action\add_aura">
							<instance_reference name="aura" value="aura\space_marines\doctrines\spa_vehicle_healing_doctrine_blessings_vehicles" />
							<template_reference name="area_info" value="options\area_info_options\circle_area_option">
								<float name="outer_radius" value="15" />
								<float name="inner_radius" value="0" />
								<bool name="is_two_dimensional" value="True" />
								<enum name="dynamic_radius_type" value="fixed" />
							</template_reference>
							<bool name="permanent" value="True" />
							<uniqueid name="id" value="1073746645" />
							<list name="aura_requirements">
							</list>
						</template_reference>
					</list>
					<uniqueid name="id" value="1073746646" />
					<template_reference name="ui_help_text" value="tables\help_text_phrase">
						<int name="phrase_order" value="0" />
						<locstring name="phrase" value="0" />
					</template_reference>
					<template_reference name="behaviour_type" value="options\action\requirement_action\check_only_when_this_starts">
					</template_reference>
				</template_reference>
				<template_reference name="action" value="action\modify_resources">
					<enum_table name="resource_to_modify">
						<float name="action" value="0" />
						<float name="command" value="0" />
						<float name="popcap" value="0" />
						<float name="power" value="0" />
						<float name="requisition" value="50" />
						<float name="drop_pods" value="0" />
						<float name="feat" value="0" />
						<float name="gamma" value="0" />
					</enum_table>
					<bool name="modify_per_second" value="False" />
					<bool name="ignore_resource_cap" value="False" />
					<uniqueid name="id" value="1073747140" />
					<enum name="modification_type" value="adjust" />
					<template_reference name="read_from_ledger_option" value="options\none">
					</template_reference>
				</template_reference>
			</list>
			<group name="field_placement_info">
				<instance_reference name="border_entity" value="" />
				<instance_reference name="replace_entity" value="" />
				<int name="replace_count" value="0" />
				<float name="replace_retry_distance" value="0" />
			</group>
			<instance_reference name="placement_valid" value="ui_rectangle\construction_placement_valid" />
			<instance_reference name="placement_invalid" value="ui_rectangle\construction_placement_invalid" />
			<instance_reference name="ui_range" value="ui_reticule\ability_range_default_marines" />
			<float name="ui_range_radius" value="45" />
			<instance_reference name="ui_setfacing" value="" />
			<bool name="query_weapon_for_range_ui" value="True" />
			<group name="placement_requirements">
				<bool name="must_be_in_line_of_sight" value="False" />
				<bool name="must_not_be_in_walkable_surfaces" value="False" />
				<bool name="must_be_on_strategic_point" value="True" />
				<list name="requirements">
					<template_reference name="requirement" value="requirements\required_ownership">
						<enum name="reason" value="usage" />
						<locstring name="ui_name" value="0" />
						<enum name="ownership_type" value="ally" />
					</template_reference>
					<template_reference name="requirement" value="requirements\required_not">
						<enum name="reason" value="usage" />
						<locstring name="ui_name" value="0" />
						<list name="requirement_table">
							<template_reference name="required" value="requirements\required_unit_type">
								<enum name="reason" value="usage" />
								<locstring name="ui_name" value="0" />
								<enum name="unit_type" value="dow3_critical_location" />
								<template_reference name="qualify_option" value="options\none">
								</template_reference>
								<bool name="search_load_out" value="False" />
							</template_reference>
						</list>
					</template_reference>
				</list>
				<float name="spacing_distance" value="0" />
				<bool name="skip_impass_checks_and_ignore_immovable_entities" value="True" />
			</group>
			<bool name="squad_ignore_pathfinding" value="False" />
			<bool name="can_be_cancelled" value="True" />
			<template_reference name="construction_health_option" value="options\none">
			</template_reference>
			<list name="on_construction_terrain_bonuses">
			</list>
		</template_reference>
		<template_reference name="exts" value="ebpextensions\action_apply_ext" comment="The listening post uses the action_apply_ext to SCAN for nearby resources and then based on how many there are applies a bunch of sim variables (ledger) to be used for future abilities.">
			<list name="actions">
				<template_reference name="action" value="action\requirement_action" comment="Modifier used to weaken structures while being constructed, there is another modifier on construction complete to negate this modifier.">
					<bool name="check_self" value="False" />
					<bool name="validation_requires_requirements" value="False" />
					<bool name="validate_all_sub_actions" value="False" />
					<list name="requirement_table">
						<template_reference name="required" value="requirements\required_not">
							<enum name="reason" value="usage" />
							<locstring name="ui_name" value="0" />
							<list name="requirement_table">
								<template_reference name="required" value="requirements\required_constructionstate">
									<enum name="reason" value="usage" />
									<locstring name="ui_name" value="0" />
									<bool name="do_construction_completion_check" value="True" />
								</template_reference>
							</list>
						</template_reference>
					</list>
					<list name="action_table">
						<template_reference name="action" value="action\apply_modifiers_action" comment="Modifier to negate the received damage modifer applied on spawn.">
							<float name="duration" value="0" />
							<bool name="permanent" value="False" />
							<list name="modifiers">
								<template_reference name="modifier" value="modifiers\entity_modifier">
									<enum name="application_type" value="apply_to_entity" />
									<bool name="exclusive" value="False" />
									<string name="modifier_id" value="construction" />
									<enum name="usage_type" value="addition" />
									<float name="value" value="4" />
									<instance_reference name="tooltip" value="" />
									<enum name="type" value="received_damage_modifier" />
									<instance_reference name="target_type_name" value="" />
								</template_reference>
							</list>
							<uniqueid name="id" value="1073747274" />
						</template_reference>
						<template_reference name="action" value="action\ui_unit_modifier_action">
							<bool name="die_with_creator" value="True" />
							<template_reference name="ui_info" value="tables\ui_info">
								<locstring name="screen_name" value="11129402" />
								<locstring name="help_text" value="11130779" />
								<icon name="icon_name" value="Icons_common_states_defense_lowered" />
								<string name="hotkey_name" value="" />
							</template_reference>
							<uniqueid name="id" value="1073747275" />
						</template_reference>
					</list>
					<uniqueid name="id" value="1073747276" />
					<template_reference name="ui_help_text" value="tables\help_text_phrase">
						<int name="phrase_order" value="0" />
						<locstring name="phrase" value="0" />
					</template_reference>
					<template_reference name="behaviour_type" value="options\action\requirement_action\check_once_to_start_stop_when_requirements_fail">
					</template_reference>
				</template_reference>
				<template_reference name="action" value="action\target">
					<template_reference name="area_info" value="options\area_info_options\sector_area_option">
					</template_reference>
					<bool name="die_with_creator" value="True" />
					<bool name="do_recalc_targets" value="False" />
					<float name="duration" value="0" />
					<bool name="entity_targets" value="False" />
					<instance_reference name="entity_types_to_choose" value="" />
					<bool name="stationary" value="True" />
					<enum name="unit_type" value="" />
					<list name="subactions">
						<template_reference name="action" value="action\ledger_link_action">
							<uniqueid name="id" value="1073747277" />
							<string name="key" value="selection_group" />
						</template_reference>
						<template_reference name="action" value="action\swap_executer_with_target_action">
							<uniqueid name="id" value="1073747278" />
							<list name="subactions">
								<template_reference name="action" value="action\ledger_link_action">
									<uniqueid name="id" value="1073747279" />
									<string name="key" value="selection_group" />
								</template_reference>
							</list>
						</template_reference>
					</list>
					<uniqueid name="id" value="1073747280" />
					<bool name="any_subaction" value="True" />
					<bool name="finish_with_subactions" value="True" />
					<bool name="override_subactions_context" value="True" />
					<int name="max_target_count" value="0" />
					<bool name="ui_query" value="False" />
					<template_reference name="area_over_time_option" value="options\none">
					</template_reference>
					<bool name="apply_only_once_ever" value="False" />
					<list name="target_requirements">
						<template_reference name="required" value="requirements\required_unit_type">
							<enum name="reason" value="usage" />
							<locstring name="ui_name" value="0" />
							<enum name="unit_type" value="dow3_resource_point" />
							<template_reference name="qualify_option" value="options\none">
							</template_reference>
							<bool name="search_load_out" value="False" />
						</template_reference>
					</list>
					<bool name="reset_target_count_every_tick" value="False" />
				</template_reference>
				<template_reference name="action" value="action\requirement_action">
					<bool name="check_self" value="False" />
					<bool name="validation_requires_requirements" value="False" />
					<bool name="validate_all_sub_actions" value="True" />
					<list name="requirement_table">
						<template_reference name="required" value="requirements\required_entity_upgrade">
							<enum name="reason" value="usage" />
							<locstring name="ui_name" value="0" />
							<bool name="is_present" value="True" />
							<instance_reference name="upgrade_name" value="upgrade\spa_listening_post_upgrade" mod="a5fef7c6e07942ffb7483ef8065b8755" />
							<bool name="include_queued" value="False" />
							<int name="min_completed" value="1" />
							<int name="max_completed" value="100" />
						</template_reference>
					</list>
					<list name="action_table">
						<template_reference name="action" value="action\apply_modifiers_action">
							<float name="duration" value="0" />
							<bool name="permanent" value="True" />
							<list name="modifiers">
								<template_reference name="modifier" value="modifiers\entity_modifier">
									<enum name="type" value="health_maximum_modifier" />
									<enum name="application_type" value="apply_to_entity" />
									<enum name="usage_type" value="multiply_add" />
									<float name="value" value="0.5" />
									<instance_reference name="tooltip" value="" />
									<bool name="exclusive" value="False" />
									<string name="modifier_id" value="" />
									<instance_reference name="target_type_name" value="" />
								</template_reference>
								<template_reference name="modifier" value="modifiers\entity_modifier">
									<enum name="type" value="armor_modifier" />
									<enum name="application_type" value="apply_to_entity" />
									<enum name="usage_type" value="addition" />
									<float name="value" value="20" />
									<instance_reference name="tooltip" value="" />
									<bool name="exclusive" value="False" />
									<string name="modifier_id" value="" />
									<instance_reference name="target_type_name" value="" />
								</template_reference>
								<template_reference name="modifier" value="modifiers\weapon_modifier">
									<enum name="type" value="damage_weapon_modifier" />
									<enum name="application_type" value="apply_to_weapon" />
									<enum name="usage_type" value="addition" />
									<float name="value" value="3" />
									<instance_reference name="tooltip" value="" />
									<bool name="exclusive" value="True" />
									<string name="modifier_id" value="" />
									<string name="target_type_name" value="" />
								</template_reference>
							</list>
							<uniqueid name="id" value="1073747282" />
						</template_reference>
					</list>
					<uniqueid name="id" value="1073747281" />
					<template_reference name="ui_help_text" value="tables\help_text_phrase">
						<int name="phrase_order" value="0" />
						<locstring name="phrase" value="0" />
					</template_reference>
					<template_reference name="behaviour_type" value="options\action\requirement_action\wait_until_requirements_pass_to_start_wait_again_when_requirements_fail">
					</template_reference>
				</template_reference>
			</list>
		</template_reference>
		<template_reference name="exts" value="ebpextensions\entity_blueprint_ext">
			<file name="alternate_sua" value="armies\space_marines\structures\space_marine\armour\listeningpost_standard_common\listeningpost_standard_common" />
			<bool name="always_revealed_in_fow" value="False" />
			<file name="animator" value="armies\space_marines\structures\space_marine\archetypes\listeningpost_range\listeningpost_range" />
			<bool name="is_visible_in_game" value="True" />
			<int name="precise_size" value="-1" />
			<list name="additional_animator_blueprints">
				<group name="animator_blueprint">
					<file name="animator" value="armies\space_marines\structures\space_marine\armour\listeningpost_standard_common\listeningpost_standard_common" />
					<list name="animator_overrides">
					</list>
				</group>
			</list>
			<enum name="default_spawn_type" value="" />
			<list name="scenario_animator_blueprints">
			</list>
			<instance_reference name="unit_badge" value="" />
			<list name="animator_overrides">
			</list>
			<bool name="is_spawned_when_not_in_interactive_area" value="True" />
			<bool name="is_wreck" value="False" />
		</template_reference>
		<template_reference name="exts" value="ebpextensions\sight_ext">
			<group name="detect_camouflage">
				<float name="tp_global" value="0" />
				<float name="tp_mine" value="0" />
				<float name="tp_unit" value="0" />
			</group>
			<bool name="extended_sight" value="True" />
			<float name="extended_sight_radius" value="350" />
			<float name="reveal_area_on_death_time" value="6" />
			<group name="sight_package">
				<float name="inner_height" value="3.5" />
				<float name="inner_radius" value="1" />
				<float name="outer_height" value="3.5" />
				<float name="outer_radius" value="55" />
				<float name="cone_angle" value="360" />
				<float name="cone_start_radius" value="0" />
			</group>
			<bool name="can_see_through_stealth_zones" value="False" />
			<list name="extended_sight_target_requirements">
			</list>
			<list name="specific_detector_actions">
			</list>
		</template_reference>
	</list>
	<uniqueid name="pbgid" value="95266" />
</instance>