<instance description="Increases the resource yield of a resource point" template="upgrade">
	<group name="upgrade_bag">
		<bool name="enable_in_hold" value="True" />
		<float name="global_max_limit" value="0" />
		<bool name="has_speech_code" value="True" />
		<float name="local_max_limit" value="1" />
		<enum name="owner_type" value="self" />
		<group name="time_cost">
			<enum_table name="cost">
				<float name="action" value="0" />
				<float name="power" value="0" />
				<float name="requisition" value="0" />
				<float name="popcap" value="0" />
				<float name="command" value="0" />
				<float name="drop_pods" value="0" />
				<float name="feat" value="0" />
				<float name="gamma" value="0" />
			</enum_table>
			<float name="time_seconds" value="0" />
		</group>
		<bool name="ui_event_cue" value="True" />
		<enum name="ui_production_group" value="command_panel" />
		<int name="ui_position" value="-1" />
		<group name="ui_info">
			<locstring name="extra_text" value="0" />
			<locstring name="help_text" value="11106391" />
			<string name="hotkey_name" value="A" />
			<icon name="icon_name" value="Icons_common_resources_listening_post_upgrade_2" />
			<bool name="reveal_for_decryption" value="False" />
			<locstring name="screen_name" value="11106393" />
			<locstring name="brief_text" value="0" />
			<locstring name="screen_name_short" value="0" />
			<enum name="ui_style" value="default" />
			<bool name="nests" value="False" />
		</group>
		<bool name="validate_actions" value="True" />
		<list name="actions" comment="This upgrade works as follows:&#xD;&#xA;&#xD;&#xA;1) Adds health max and regen modifiers to the listening post and any add-ons it may have.&#xD;&#xA;Note: I am using a requirement action to manage the life of the actions, for more info refer to the comment for that action.">
			<template_reference name="action" value="action\apply_modifiers_action">
				<float name="duration" value="0" />
				<bool name="permanent" value="False" />
				<list name="modifiers">
					<template_reference name="modifier" value="modifiers\entity_modifier">
						<enum name="application_type" value="apply_to_entity" />
						<bool name="exclusive" value="False" />
						<string name="modifier_id" value="" />
						<enum name="usage_type" value="multiply_add" />
						<float name="value" value="0.25" />
						<instance_reference name="tooltip" value="" />
						<enum name="type" value="resource_per_tick_requisition_modifier" />
						<instance_reference name="target_type_name" value="" />
					</template_reference>
					<template_reference name="modifier" value="modifiers\entity_modifier">
						<enum name="application_type" value="apply_to_entity" />
						<bool name="exclusive" value="False" />
						<string name="modifier_id" value="" />
						<enum name="usage_type" value="multiply_add" />
						<float name="value" value="0.25" />
						<instance_reference name="tooltip" value="" />
						<enum name="type" value="resource_per_tick_power_modifier" />
						<instance_reference name="target_type_name" value="" />
					</template_reference>
					<template_reference name="modifier" value="modifiers\entity_modifier">
						<enum name="application_type" value="apply_to_entity" />
						<bool name="exclusive" value="False" />
						<string name="modifier_id" value="" />
						<enum name="usage_type" value="multiply_add" />
						<float name="value" value="0.25" />
						<instance_reference name="tooltip" value="" />
						<enum name="type" value="resource_per_tick_gamma_modifier" />
						<instance_reference name="target_type_name" value="" />
					</template_reference>
				</list>
				<uniqueid name="id" value="1073749572" />
			</template_reference>
		</list>
		<list name="requirements">
		</list>
		<icon name="ui_kicker_icon_name" value="" />
		<locstring name="ui_squad_name_override" value="0" />
		<locstring name="ui_squad_help_text_override" value="0" />
		<locstring name="ui_squad_extra_text_override" value="0" />
		<list name="ui_preview">
		</list>
		<string name="speech_code" value="gen_resourceupgrade" />
		<list name="on_cancel_actions">
		</list>
		<list name="on_begin_actions">
		</list>
		<icon name="ui_squad_portrait_icon_override" value="" />
	</group>
	<uniqueid name="pbgid" value="100618" />
</instance>