<instance description="" template="ebps">
	<list name="extensions">
		<template_reference name="exts" value="ebpextensions\entity_blueprint_ext">
			<file name="alternate_sua" value="armies\eldar\troops\infantry\archetypes\eldar_2hand_range_light_shoulder\eldar_2hand_range_light_shoulder" />
			<bool name="always_revealed_in_fow" value="False" />
			<file name="animator" value="armies\eldar\troops\infantry_female\archetypes\banshee_melee_range\banshee_melee_range" />
			<bool name="is_visible_in_game" value="True" />
			<int name="precise_size" value="2" />
			<list name="additional_animator_blueprints">
				<group name="animator_blueprint">
					<file name="animator" value="armies\eldar\troops\infantry_female\weapons_ranged\banshee_shurikenpistol_standard_common\banshee_shurikenpistol_standard_common" />
					<list name="animator_overrides">
					</list>
				</group>
				<group name="animator_blueprint">
					<file name="animator" value="armies\eldar\troops\infantry_female\weapons_melee\banshee_powersword_standard_common\banshee_powersword_standard_common" />
					<list name="animator_overrides">
					</list>
				</group>
				<group name="animator_blueprint">
					<file name="animator" value="armies\eldar\troops\infantry_female\armour\banshee_standard_common\banshee_standard_common" />
					<list name="animator_overrides">
					</list>
				</group>
				<group name="animator_blueprint">
					<file name="animator" value="armies\eldar\troops\infantry_female\armour\banshee_damage_common\banshee_damage_common" />
					<list name="animator_overrides">
					</list>
				</group>
			</list>
			<enum name="default_spawn_type" value="eldar_unit_spawn" />
			<list name="scenario_animator_blueprints">
			</list>
			<instance_reference name="unit_badge" value="" />
			<list name="animator_overrides">
			</list>
			<bool name="is_spawned_when_not_in_interactive_area" value="True" />
			<bool name="is_wreck" value="False" />
		</template_reference>
		<template_reference name="exts" value="ebpextensions\sim_entity_ext">
			<float name="rotate_snap" value="360" />
			<bool name="kill_paradrop" value="False" />
			<bool name="share_control_with_allies" value="False" />
			<enum name="transferable" value="None" />
		</template_reference>
		<template_reference name="exts" value="ebpextensions\ability_ext">
			<list name="abilities">
			</list>
		</template_reference>
		<template_reference name="exts" value="ebpextensions\action_apply_ext">
			<list name="actions">
			</list>
		</template_reference>
		<template_reference name="exts" value="ebpextensions\cost_ext">
			<group name="time_cost">
				<enum_table name="cost">
					<float name="action" value="0" />
					<float name="power" value="0" />
					<float name="requisition" value="80" />
					<float name="popcap" value="0" />
					<float name="command" value="0" />
					<float name="drop_pods" value="0" />
					<float name="feat" value="0" />
					<float name="gamma" value="0" />
				</enum_table>
				<float name="time_seconds" value="5" />
			</group>
		</template_reference>
		<template_reference name="exts" value="ebpextensions\health_ext">
			<bool name="can_repair" value="False" />
			<bool name="cuttable" value="False" />
			<string name="death_event_name" value="Death" />
			<float name="death_seconds" value="25" />
			<bool name="delete_when_dead" value="True" />
			<bool name="force_attacker_memory" value="False" />
			<float name="hitpoints" value="55" />
			<bool name="is_invincible" value="False" />
			<bool name="is_salvagable_wreck" value="False" />
			<instance_reference name="rebuilt_entity" value="" />
			<instance_reference name="rebuilt_squad" value="" />
			<bool name="rebuilt_use_wreck_owner" value="False" />
			<bool name="receive_weapon_cover_modifiers" value="True" />
			<float name="regeneration" value="0" />
			<bool name="regeneration_disabled" value="False" />
			<bool name="remove_from_pathfinding_on_death" value="True" />
			<bool name="reveal_to_all_on_death" value="False" />
			<bool name="ui_can_scuttle" value="False" />
			<list name="death_actions">
				<template_reference name="action" value="action\change_target_action">
					<list name="actions">
						<template_reference name="action" value="action\speech_action">
							<uniqueid name="id" value="1073747714" />
							<list name="argument_overrides">
								<template_reference name="argument_override" value="speech_argument_override">
									<enum name="argument_name" value="death_type" />
									<string name="value" value="entity" />
								</template_reference>
							</list>
							<template_reference name="speech_event" value="speech_event_squad_name">
								<enum name="speech_event_squad" value="death" />
							</template_reference>
						</template_reference>
					</list>
					<enum name="change_target_type" value="self" />
					<uniqueid name="id" value="1073747715" />
					<bool name="validate_sub_actions" value="False" />
				</template_reference>
			</list>
			<float name="target_size" value="1" />
			<list name="criticals">
				<group name="critical_group">
					<float name="max_health_percentage" value="0" />
					<list name="critical_info">
						<group name="info" comment="Default death: flame">
							<float name="weight" value="100" />
							<enum_table name="applicable_weapons">
								<bool name="small_arms" value="False" />
								<bool name="flame" value="True" />
								<bool name="ballistic" value="False" />
								<bool name="explosive" value="False" />
								<bool name="taldeer_melee" value="False" />
								<bool name="cannon" value="False" />
								<bool name="always_gib" value="False" />
							</enum_table>
							<instance_reference name="critical" value="critical\default_death" />
							<enum_table name="applicable_hit_direction">
								<bool name="front" value="True" />
								<bool name="rear" value="True" />
								<bool name="left" value="True" />
								<bool name="right" value="True" />
							</enum_table>
							<enum name="apply_on" value="penetrate" />
						</group>
						<group name="info" comment="Knocked back death">
							<float name="weight" value="100" />
							<enum_table name="applicable_weapons">
								<bool name="small_arms" value="True" />
								<bool name="flame" value="True" />
								<bool name="ballistic" value="True" />
								<bool name="explosive" value="True" />
								<bool name="taldeer_melee" value="True" />
								<bool name="cannon" value="True" />
								<bool name="always_gib" value="True" />
							</enum_table>
							<instance_reference name="critical" value="critical\knocked_back_death" />
							<enum_table name="applicable_hit_direction">
								<bool name="front" value="True" />
								<bool name="rear" value="True" />
								<bool name="left" value="True" />
								<bool name="right" value="True" />
							</enum_table>
							<enum name="apply_on" value="penetrate" />
						</group>
						<group name="info" comment="Knocked back when killed: taldeer_melee">
							<float name="weight" value="100" />
							<enum_table name="applicable_weapons">
								<bool name="small_arms" value="False" />
								<bool name="flame" value="False" />
								<bool name="ballistic" value="False" />
								<bool name="explosive" value="False" />
								<bool name="taldeer_melee" value="True" />
								<bool name="cannon" value="False" />
								<bool name="always_gib" value="False" />
							</enum_table>
							<instance_reference name="critical" value="critical\knocked_back_when_killed" />
							<enum_table name="applicable_hit_direction">
								<bool name="front" value="True" />
								<bool name="rear" value="True" />
								<bool name="left" value="True" />
								<bool name="right" value="True" />
							</enum_table>
							<enum name="apply_on" value="penetrate" />
						</group>
						<group name="info" comment="Knocked back when killed: cannon">
							<float name="weight" value="100" />
							<enum_table name="applicable_weapons">
								<bool name="small_arms" value="False" />
								<bool name="flame" value="False" />
								<bool name="ballistic" value="False" />
								<bool name="explosive" value="False" />
								<bool name="taldeer_melee" value="False" />
								<bool name="cannon" value="True" />
								<bool name="always_gib" value="False" />
							</enum_table>
							<instance_reference name="critical" value="critical\knocked_back_when_killed_cannon" />
							<enum_table name="applicable_hit_direction">
								<bool name="front" value="True" />
								<bool name="rear" value="True" />
								<bool name="left" value="True" />
								<bool name="right" value="True" />
							</enum_table>
							<enum name="apply_on" value="penetrate" />
						</group>
						<group name="info" comment="Orbital death">
							<float name="weight" value="100" />
							<enum_table name="applicable_weapons">
								<bool name="small_arms" value="True" />
								<bool name="flame" value="True" />
								<bool name="ballistic" value="True" />
								<bool name="explosive" value="True" />
								<bool name="taldeer_melee" value="True" />
								<bool name="cannon" value="True" />
								<bool name="always_gib" value="True" />
							</enum_table>
							<instance_reference name="critical" value="critical\orbital_death" />
							<enum_table name="applicable_hit_direction">
								<bool name="front" value="True" />
								<bool name="rear" value="True" />
								<bool name="left" value="True" />
								<bool name="right" value="True" />
							</enum_table>
							<enum name="apply_on" value="penetrate" />
						</group>
						<group name="info" comment="Gib when killed: small_arms">
							<float name="weight" value="100" />
							<enum_table name="applicable_weapons">
								<bool name="small_arms" value="True" />
								<bool name="flame" value="False" />
								<bool name="ballistic" value="False" />
								<bool name="explosive" value="False" />
								<bool name="taldeer_melee" value="False" />
								<bool name="cannon" value="False" />
								<bool name="always_gib" value="False" />
							</enum_table>
							<instance_reference name="critical" value="critical\gib_when_killed_15" />
							<enum_table name="applicable_hit_direction">
								<bool name="front" value="True" />
								<bool name="rear" value="True" />
								<bool name="left" value="True" />
								<bool name="right" value="True" />
							</enum_table>
							<enum name="apply_on" value="penetrate" />
						</group>
						<group name="info" comment="Gib when killed: ballistic">
							<float name="weight" value="100" />
							<enum_table name="applicable_weapons">
								<bool name="small_arms" value="False" />
								<bool name="flame" value="False" />
								<bool name="ballistic" value="True" />
								<bool name="explosive" value="False" />
								<bool name="taldeer_melee" value="False" />
								<bool name="cannon" value="False" />
								<bool name="always_gib" value="False" />
							</enum_table>
							<instance_reference name="critical" value="critical\gib_when_killed_33" />
							<enum_table name="applicable_hit_direction">
								<bool name="front" value="True" />
								<bool name="rear" value="True" />
								<bool name="left" value="True" />
								<bool name="right" value="True" />
							</enum_table>
							<enum name="apply_on" value="penetrate" />
						</group>
						<group name="info" comment="Gib when killed: explosive">
							<float name="weight" value="100" />
							<enum_table name="applicable_weapons">
								<bool name="small_arms" value="False" />
								<bool name="flame" value="False" />
								<bool name="ballistic" value="False" />
								<bool name="explosive" value="True" />
								<bool name="taldeer_melee" value="False" />
								<bool name="cannon" value="False" />
								<bool name="always_gib" value="False" />
							</enum_table>
							<instance_reference name="critical" value="critical\gib_when_killed_50" />
							<enum_table name="applicable_hit_direction">
								<bool name="front" value="True" />
								<bool name="rear" value="True" />
								<bool name="left" value="True" />
								<bool name="right" value="True" />
							</enum_table>
							<enum name="apply_on" value="penetrate" />
						</group>
						<group name="info" comment="Gib when killed: cannon">
							<float name="weight" value="100" />
							<enum_table name="applicable_weapons">
								<bool name="small_arms" value="False" />
								<bool name="flame" value="False" />
								<bool name="ballistic" value="False" />
								<bool name="explosive" value="False" />
								<bool name="taldeer_melee" value="False" />
								<bool name="cannon" value="True" />
								<bool name="always_gib" value="False" />
							</enum_table>
							<instance_reference name="critical" value="critical\gib_when_killed_50" />
							<enum_table name="applicable_hit_direction">
								<bool name="front" value="True" />
								<bool name="rear" value="True" />
								<bool name="left" value="True" />
								<bool name="right" value="True" />
							</enum_table>
							<enum name="apply_on" value="penetrate" />
						</group>
						<group name="info" comment="Gib when killed: taldeer_melee/always_gib">
							<float name="weight" value="100" />
							<enum_table name="applicable_weapons">
								<bool name="small_arms" value="False" />
								<bool name="flame" value="False" />
								<bool name="ballistic" value="False" />
								<bool name="explosive" value="False" />
								<bool name="taldeer_melee" value="True" />
								<bool name="cannon" value="True" />
								<bool name="always_gib" value="True" />
							</enum_table>
							<instance_reference name="critical" value="critical\gib_when_killed" />
							<enum_table name="applicable_hit_direction">
								<bool name="front" value="True" />
								<bool name="rear" value="True" />
								<bool name="left" value="True" />
								<bool name="right" value="True" />
							</enum_table>
							<enum name="apply_on" value="penetrate" />
						</group>
					</list>
				</group>
			</list>
			<float name="weapon_priority" value="0" />
			<template_reference name="wreck_entity_option" value="options\none">
			</template_reference>
			<enum name="armor_type" value="Normal" />
			<template_reference name="armor_layout_option" value="options\ebpextensions\healthext\armor_layouts\armor_layout_uniform">
				<float name="armor" value="35" />
			</template_reference>
			<enum name="allegiance_override" value="none" />
			<list name="on_received_damage_actions">
			</list>
			<bool name="not_default_attackable" value="False" />
			<list name="self_destruct_actions">
			</list>
			<list name="rebuilt_entity_actions">
			</list>
		</template_reference>
		<template_reference name="exts" value="ebpextensions\hit_object_ext">
			<instance_reference name="hit_material" value="hit_material\armour" />
			<bool name="hit_non_neutral" value="False" />
			<float name="hit_percentage" value="1" />
			<bool name="pass_through" value="False" />
			<group name="projectile_pass_through">
				<bool name="tp_artillery" value="True" />
				<bool name="tp_collide" value="False" />
				<bool name="tp_vehicle_collide" value="True" />
			</group>
			<template_reference name="projectile_reflect_option" value="options\none">
			</template_reference>
		</template_reference>
		<template_reference name="exts" value="ebpextensions\line_of_sight_ext">
			<group name="blocking_box">
				<float name="x" value="0.01" />
				<float name="y" value="0.01" />
				<float name="z" value="0.01" />
			</group>
			<bool name="is_shot_blocking" value="False" />
			<bool name="use_blocking_box" value="False" />
			<enum name="does_block_line_of_sight" value="never" />
			<bool name="reveal_center_when_outside_is_visible" value="True" />
		</template_reference>
		<template_reference name="exts" value="ebpextensions\modifier_ext">
		</template_reference>
		<template_reference name="exts" value="ebpextensions\population_ext">
			<float name="medic_pop" value="0" />
			<float name="personnel_pop" value="0" />
			<float name="vehicle_pop" value="0" />
		</template_reference>
		<template_reference name="exts" value="ebpextensions\sight_ext">
			<group name="detect_camouflage">
				<float name="tp_global" value="0" />
				<float name="tp_mine" value="0" />
				<float name="tp_unit" value="0" />
			</group>
			<bool name="extended_sight" value="True" />
			<float name="extended_sight_radius" value="400" />
			<float name="reveal_area_on_death_time" value="6" />
			<group name="sight_package">
				<float name="inner_height" value="3.5" />
				<float name="inner_radius" value="1" />
				<float name="outer_height" value="3.5" />
				<float name="outer_radius" value="35" />
				<float name="cone_angle" value="360" />
				<float name="cone_start_radius" value="0" />
			</group>
			<bool name="can_see_through_stealth_zones" value="False" />
			<list name="extended_sight_target_requirements">
			</list>
			<list name="specific_detector_actions">
			</list>
		</template_reference>
		<template_reference name="exts" value="ebpextensions\type_ext">
			<list name="unit_type_list">
				<enum name="unit_type" value="infantry" />
				<enum name="unit_type" value="dow3_melee_unit" comment="Temporary measure to help distinguish between ranged and melee units.  For the Gretchin's +ranged damage aura." />
				<enum name="unit_type" value="dow3_howling_banshee" />
				<enum name="unit_type" value="dow3_can_gib" />
			</list>
			<enum name="weapon_targeting" value="automatic" />
			<bool name="intersection_testing" value="False" />
		</template_reference>
		<template_reference name="exts" value="ebpextensions\ui_ext">
			<bool name="ap_killed_kicker" value="True" />
			<bool name="ap_loss_kicker" value="True" />
			<float name="decorator_height" value="4" />
			<bool name="ghost_enable" value="False" />
			<locstring name="help_text" value="0" />
			<string name="hotkey_name" value="" />
			<icon name="icon_name" value="" />
			<enum name="kill_type" value="infantry" />
			<colour name="minimap_color" value="*" />
			<bool name="minimap_enable" value="True" />
			<bool name="minimap_team_only" value="False" />
			<bool name="minimap_teamcolor" value="False" />
			<string name="overlay_name" value="" />
			<bool name="reveal_for_decryption" value="False" />
			<locstring name="screen_name" value="0" />
			<enum name="selection_name" value="" />
			<float name="selection_scale" value="1" />
			<enum name="selection_type" value="squad_select" />
			<locstring name="tooltip_txt" value="0" />
			<int name="ui_priority" value="0" />
			<icon name="minimap_icon" value="" />
			<float name="minimap_icon_scale" value="1" />
			<icon name="portrait_icon" value="" />
			<locstring name="brief_text" value="0" />
			<string name="extra_text_deprecated" value="" />
			<locstring name="extra_text" value="0" />
			<locstring name="screen_name_short" value="0" />
			<bool name="show_in_build_log" value="True" />
			<bool name="show_entity_appearance" value="True" />
			<locstring name="screen_name_world" value="0" />
			<locstring name="help_text_world" value="0" />
			<locstring name="extra_text_world" value="0" />
			<enum name="map_rotation_type_override" value="no_override" />
			<icon name="symbol_icon_name" value="" />
			<enum name="occlusion_state" value="can_be_occluded" />
			<enum name="decorator_visibility" value="default" />
			<bool name="skin_pack_override" value="False" />
			<string name="skin_summer" value="" />
			<string name="skin_winter" value="" />
			<enum name="targeting_and_bandbox_selection_priority" value="medium" />
			<enum name="selection_method" value="culling_AABB" />
			<group name="terrain_info_display_offset">
				<float name="x" value="0" />
				<float name="y" value="0" />
			</group>
			<string name="decorator_ledger_key" value="" />
			<instance_reference name="decorator_ledger_bar_style" value="" />
			<enum name="selection_name_squad_override" value="" />
			<string name="selection_grouping_ledger_key" value="" />
			<float name="decorator_height_spatial_ability" value="-1" />
		</template_reference>
		<template_reference name="exts" value="ebpextensions\combat_ext">
			<bool name="reject_attack_command" value="False" />
			<list name="hardpoints">
				<group name="hardpoint">
					<float name="parent_hardpoint" value="-1" />
					<list name="weapon_table">
						<group name="weapon">
							<group name="heading">
								<float name="x" value="0" />
								<float name="y" value="0" />
								<float name="z" value="1" />
							</group>
							<float name="length" value="0" />
							<group name="origin">
								<float name="x" value="0" />
								<float name="y" value="1.5" />
								<float name="z" value="0" />
							</group>
							<enum name="type" value="default" />
							<instance_reference name="weapon" value="weapon\eldar\line_units\melee\eld_power_sword_howling_banshees" mod="a5fef7c6e07942ffb7483ef8065b8755" />
						</group>
					</list>
					<bool name="receives_attack_commands" value="True" />
					<bool name="display_in_forge" value="True" />
				</group>
				<group name="hardpoint">
					<float name="parent_hardpoint" value="-1" />
					<list name="weapon_table">
						<group name="weapon">
							<group name="heading">
								<float name="x" value="0" />
								<float name="y" value="0" />
								<float name="z" value="1" />
							</group>
							<float name="length" value="0" />
							<group name="origin">
								<float name="x" value="0" />
								<float name="y" value="0.5" />
								<float name="z" value="0" />
							</group>
							<enum name="type" value="default" />
							<instance_reference name="weapon" value="weapon\eldar\line_units\ranged\eld_shuriken_pistol_howling_banshees" mod="a5fef7c6e07942ffb7483ef8065b8755" />
						</group>
					</list>
					<bool name="receives_attack_commands" value="True" />
					<bool name="display_in_forge" value="True" />
				</group>
			</list>
			<int name="sight_hardpoint" value="-1" />
			<list name="kill_actions">
			</list>
			<bool name="can_be_knocked_back" value="True" />
			<group name="reckoning_blow">
				<list name="attack_table">
				</list>
				<list name="defend_table">
					<group name="weapon_class_entry">
						<enum name="weapon_class" value="infantry_melee" />
						<enum name="defender_archetype" value="spa_melee_ranged" />
					</group>
					<group name="weapon_class_entry">
						<enum name="weapon_class" value="infantry_ranged" />
						<enum name="defender_archetype" value="spa_melee_ranged" />
					</group>
				</list>
			</group>
			<bool name="can_be_stunned" value="True" />
			<bool name="update_facing_during_melee_swings" value="True" />
			<bool name="can_be_levitated" value="True" />
			<template_reference name="weapon_handling_option" value="options\none">
			</template_reference>
			<bool name="allow_auto_target_in_stealth_zone" value="False" />
		</template_reference>
		<template_reference name="exts" value="ebpextensions\cover_ext">
			<enum_table name="cover_types">
				<template_reference name="tp_defcover" value="cover_ext_cover_type">
					<group name="posture">
						<bool name="prevent_prone" value="False" />
						<bool name="prevent_standing" value="False" />
					</group>
					<float name="safety_value" value="0" />
					<float name="speed_multiplier" value="1" />
					<list name="actions">
					</list>
				</template_reference>
				<template_reference name="tp_defcover_narrow" value="cover_ext_cover_type">
					<group name="posture">
						<bool name="prevent_prone" value="False" />
						<bool name="prevent_standing" value="False" />
					</group>
					<float name="safety_value" value="0" />
					<float name="speed_multiplier" value="1" />
					<list name="actions">
					</list>
				</template_reference>
				<template_reference name="tp_garrison_cover" value="cover_ext_cover_type">
					<group name="posture">
						<bool name="prevent_prone" value="False" />
						<bool name="prevent_standing" value="False" />
					</group>
					<float name="safety_value" value="0" />
					<float name="speed_multiplier" value="1" />
					<list name="actions">
					</list>
				</template_reference>
				<template_reference name="tp_garrison_halftrack" value="cover_ext_cover_type">
					<group name="posture">
						<bool name="prevent_prone" value="False" />
						<bool name="prevent_standing" value="False" />
					</group>
					<float name="safety_value" value="0" />
					<float name="speed_multiplier" value="1" />
					<list name="actions">
					</list>
				</template_reference>
				<template_reference name="tp_heavy" value="cover_ext_cover_type">
					<group name="posture">
						<bool name="prevent_prone" value="False" />
						<bool name="prevent_standing" value="False" />
					</group>
					<float name="safety_value" value="0" />
					<float name="speed_multiplier" value="1" />
					<list name="actions">
					</list>
				</template_reference>
				<template_reference name="tp_light" value="cover_ext_cover_type">
					<group name="posture">
						<bool name="prevent_prone" value="False" />
						<bool name="prevent_standing" value="False" />
					</group>
					<float name="safety_value" value="0" />
					<float name="speed_multiplier" value="1" />
					<list name="actions">
					</list>
				</template_reference>
				<template_reference name="tp_negative" value="cover_ext_cover_type">
					<group name="posture">
						<bool name="prevent_prone" value="False" />
						<bool name="prevent_standing" value="False" />
					</group>
					<float name="safety_value" value="0" />
					<float name="speed_multiplier" value="1" />
					<list name="actions">
					</list>
				</template_reference>
				<template_reference name="tp_open" value="cover_ext_cover_type">
					<group name="posture">
						<bool name="prevent_prone" value="False" />
						<bool name="prevent_standing" value="False" />
					</group>
					<float name="safety_value" value="0" />
					<float name="speed_multiplier" value="1" />
					<list name="actions">
					</list>
				</template_reference>
				<template_reference name="tp_smoke" value="cover_ext_cover_type">
					<group name="posture">
						<bool name="prevent_prone" value="False" />
						<bool name="prevent_standing" value="False" />
					</group>
					<float name="safety_value" value="0" />
					<float name="speed_multiplier" value="1" />
					<list name="actions">
					</list>
				</template_reference>
				<template_reference name="tp_trench" value="cover_ext_cover_type">
					<group name="posture">
						<bool name="prevent_prone" value="False" />
						<bool name="prevent_standing" value="False" />
					</group>
					<float name="safety_value" value="0" />
					<float name="speed_multiplier" value="1" />
					<list name="actions">
					</list>
				</template_reference>
				<template_reference name="tp_water" value="cover_ext_cover_type">
					<group name="posture">
						<bool name="prevent_prone" value="True" />
						<bool name="prevent_standing" value="False" />
					</group>
					<float name="safety_value" value="0" />
					<float name="speed_multiplier" value="1" />
					<list name="actions">
					</list>
				</template_reference>
				<template_reference name="tp_z_bunker" value="cover_ext_cover_type">
					<group name="posture">
						<bool name="prevent_prone" value="False" />
						<bool name="prevent_standing" value="False" />
					</group>
					<float name="safety_value" value="0" />
					<float name="speed_multiplier" value="1" />
					<list name="actions">
					</list>
				</template_reference>
				<template_reference name="tp_z_emplacement" value="cover_ext_cover_type">
					<group name="posture">
						<bool name="prevent_prone" value="False" />
						<bool name="prevent_standing" value="False" />
					</group>
					<float name="safety_value" value="0" />
					<float name="speed_multiplier" value="1" />
					<list name="actions">
					</list>
				</template_reference>
				<template_reference name="tp_z_ice" value="cover_ext_cover_type">
					<list name="actions">
					</list>
					<group name="posture">
						<bool name="prevent_prone" value="False" />
						<bool name="prevent_standing" value="False" />
					</group>
					<float name="safety_value" value="0" />
					<float name="speed_multiplier" value="1" />
				</template_reference>
				<template_reference name="tp_z_snow" value="cover_ext_cover_type">
					<list name="actions">
					</list>
					<group name="posture">
						<bool name="prevent_prone" value="False" />
						<bool name="prevent_standing" value="False" />
					</group>
					<float name="safety_value" value="0" />
					<float name="speed_multiplier" value="1" />
				</template_reference>
				<template_reference name="tp_zz_deep_snow" value="cover_ext_cover_type">
					<list name="actions">
					</list>
					<group name="posture">
						<bool name="prevent_prone" value="False" />
						<bool name="prevent_standing" value="False" />
					</group>
					<float name="safety_value" value="0" />
					<float name="speed_multiplier" value="1" />
				</template_reference>
				<template_reference name="tp_zz_mud" value="cover_ext_cover_type">
					<list name="actions">
					</list>
					<group name="posture">
						<bool name="prevent_prone" value="False" />
						<bool name="prevent_standing" value="False" />
					</group>
					<float name="safety_value" value="0" />
					<float name="speed_multiplier" value="1" />
				</template_reference>
				<template_reference name="tp_zz_team_weapon_heavy" value="cover_ext_cover_type">
					<list name="actions">
					</list>
					<group name="posture">
						<bool name="prevent_prone" value="False" />
						<bool name="prevent_standing" value="False" />
					</group>
					<float name="safety_value" value="0" />
					<float name="speed_multiplier" value="1" />
				</template_reference>
				<template_reference name="tp_shot_absorber" value="cover_ext_cover_type">
					<group name="posture">
						<bool name="prevent_prone" value="False" />
						<bool name="prevent_standing" value="False" />
					</group>
					<float name="safety_value" value="0" />
					<float name="speed_multiplier" value="1" />
					<list name="actions">
					</list>
				</template_reference>
			</enum_table>
		</template_reference>
		<template_reference name="exts" value="ebpextensions\modifier_apply_ext">
			<list name="modifiers">
			</list>
		</template_reference>
		<template_reference name="exts" value="ebpextensions\moving_ext">
			<float name="acceleration" value="-1" />
			<float name="deceleration" value="-1" />
			<float name="high_path_look_ahead_max_dist" value="10" />
			<bool name="orient_to_terrain" value="False" />
			<instance_reference name="pass_type" value="pass_types\infantry" />
			<float name="rotation_rate" value="10000" />
			<float name="rotation_rate_crouch" value="870" />
			<float name="rotation_rate_prone" value="225" />
			<float name="rotation_rate_stand" value="870" />
			<bool name="smooth_path" value="True" />
			<float name="speed_max" value="10" />
			<instance_reference name="turn_plan" value="turn_plan\human" />
			<float name="on_land_overturn_scale" value="0" />
			<enum name="motion_tree_movement_direction_count" value="2" />
			<int name="right_of_way_priority" value="1" />
			<bool name="use_prediction" value="False" />
			<list name="on_enter_stealth_zone_actions">
			</list>
			<list name="on_exit_stealth_zone_actions">
			</list>
			<bool name="reduce_clipping_by_slowing_other" value="False" />
			<template_reference name="walker_option" value="options\none">
			</template_reference>
			<enum name="motion_tree_pivot_animations_count" value="0" />
			<bool name="motion_tree_atomic_pivot_anim" value="False" />
			<template_reference name="skimmer_option" value="options\none">
			</template_reference>
			<bool name="can_path_into_blocked_cover" value="True" />
			<enum name="can_pass_through_enemies_type" value="none" />
			<enum name="can_stop_on_top_of_enemies_type" value="none" />
			<template_reference name="convertible_dynamics_option" value="options\none">
			</template_reference>
			<template_reference name="pathfinding_option" value="options\none">
			</template_reference>
		</template_reference>
		<template_reference name="exts" value="ebpextensions\holdable_ext">
			<enum name="holdable" value="hold_infantry" />
		</template_reference>
		<template_reference name="exts" value="ebpextensions\upgrade_ext">
			<bool name="must_be_in_supply" value="False" />
			<float name="number_of_standard_slots" value="-1" />
			<list name="standard_upgrades">
			</list>
			<int name="max_queue_size_override" value="-1" />
		</template_reference>
		<template_reference name="exts" value="ebpextensions\posture_ext">
			<instance_reference name="posture_group" value="posture\default_posture_group" />
			<bool name="uses_posture_speed" value="False" />
		</template_reference>
		<template_reference name="exts" value="ebpextensions\camouflage_ext">
			<float name="attack_priority" value="3.402823E+38" />
			<enum name="camouflage_type" value="tp_unit" />
			<bool name="chain_revealer" value="True" />
			<float name="detection_radius" value="0" />
			<bool name="must_be_fully_constructed" value="False" />
			<bool name="permanently_activated" value="False" />
			<float name="combat_reset_time" value="12" />
			<float name="first_strike_shots" value="1" />
			<float name="revert_max" value="12" />
			<float name="revert_multiplier" value="1" />
			<float name="revert_time" value="12" />
			<float name="revert_time_on_detection" value="12" />
			<list name="camouflage_actions">
				<template_reference name="action" value="action\change_target_action">
					<list name="actions">
						<template_reference name="action" value="action\requirement_action">
							<bool name="check_self" value="False" />
							<bool name="validation_requires_requirements" value="False" />
							<bool name="validate_all_sub_actions" value="True" />
							<list name="requirement_table">
								<template_reference name="required" value="requirements\required_not">
									<enum name="reason" value="usage" />
									<locstring name="ui_name" value="0" />
									<list name="requirement_table">
										<template_reference name="required" value="requirements\required_in_state">
											<enum name="reason" value="usage" />
											<locstring name="ui_name" value="0" />
											<float name="was_attacked_within_seconds" value="-1" />
											<list name="check_states">
												<enum name="state_requirement_type" value="not_moving" />
											</list>
											<float name="was_attacking_within_seconds" value="-1" />
										</template_reference>
									</list>
								</template_reference>
							</list>
							<list name="action_table">
								<template_reference name="action" value="action\interval_action">
									<float name="interval_second" value="0.5" />
									<uniqueid name="id" value="1073747716" />
									<list name="interval_subactions">
										<group name="interval_subaction_group">
											<float name="trigger_time_second" value="0" />
											<list name="actions">
												<template_reference name="action" value="action\timed_action">
													<float name="duration" value="1" />
													<bool name="fire_and_forget" value="True" />
													<list name="subactions">
														<template_reference name="action" value="action\trigger_dca_action">
															<string name="dca_action_name" value="weapons/common/stealth_movement_infantry/hit/default" />
															<float name="duration" value="1" />
															<bool name="is_terrain_only" value="True" />
															<uniqueid name="id" value="1073747717" />
															<enum name="visibility_type" value="Global" />
														</template_reference>
													</list>
													<uniqueid name="id" value="1073747718" />
												</template_reference>
											</list>
										</group>
									</list>
									<bool name="progress_bar" value="False" />
								</template_reference>
							</list>
							<uniqueid name="id" value="1073747719" />
							<template_reference name="ui_help_text" value="tables\help_text_phrase">
								<int name="phrase_order" value="0" />
								<locstring name="phrase" value="0" />
							</template_reference>
							<template_reference name="behaviour_type" value="options\action\requirement_action\wait_until_requirements_pass_to_start_wait_again_when_requirements_fail">
							</template_reference>
						</template_reference>
					</list>
					<enum name="change_target_type" value="entities" />
					<uniqueid name="id" value="1073747720" />
					<bool name="validate_sub_actions" value="False" />
				</template_reference>
			</list>
			<list name="first_strike_actions">
			</list>
			<enum name="camouflaged_combat_stance" value="attack" />
		</template_reference>
	</list>
	<uniqueid name="pbgid" value="95151" />
</instance>