<instance description="" template="ai\ai_settings">
	<group name="ai_settings_bag">
		<enum_table name="tactic_retry_timeout_defaults">
			<float name="ability" value="1" />
			<float name="cover" value="2" />
			<float name="hold" value="2" />
			<float name="avoid" value="2" />
			<float name="vehicle" value="3" />
			<float name="force_attack" value="2" />
			<float name="pickup" value="3" />
			<float name="capture_team_weapon" value="5" />
			<float name="recrew" value="3" />
			<float name="provide_reinforcement_point" value="5" />
			<float name="finish_healing" value="5" />
			<float name="capture_point" value="2" />
			<float name="warm_up" value="5" />
			<float name="min_range" value="5" />
			<float name="vehicle_decrew" value="5" />
			<float name="tactic_sequence" value="5" />
			<float name="tactic_lua" value="5" />
		</enum_table>
		<group name="target_identification">
			<bool name="detect_squads_in_camoflauge" value="False" />
			<bool name="detect_squads_in_fog_of_war" value="False" />
			<bool name="lead_targeting_of_moving_squad_clumps" value="True" />
			<bool name="detect_squads_decapping_points" value="True" />
			<float name="clump_detection_refresh_time" value="5" />
			<float name="clump_detection_size" value="20" />
			<float name="clump_detection_lead_movement_time" value="3" />
			<float name="max_dist_to_still_detect_in_camo" value="5" />
			<float name="max_dist_to_still_detect_in_fow" value="8" />
			<float name="targeting_memory_duration" value="60" />
			<bool name="target_invulnerable" value="False" />
		</group>
		<group name="pathing">
			<bool name="pathing_detects_squads_in_camoflauge" value="False" />
			<bool name="pathing_detects_squads_in_fog_of_war" value="False" />
			<bool name="pathing_detects_accurate_enemy_sight" value="False" />
			<bool name="pathing_detects_opponents_fog_of_war" value="True" />
			<bool name="pathing_detects_suppression" value="True" />
			<bool name="pathing_detects_firing_arcs" value="True" />
			<bool name="pathing_detects_min_firing_range" value="True" />
			<float name="pathing_threat_memory_duration" value="90" />
		</group>
		<group name="fallback">
			<float name="fallback_combat_rating_ratio" value="0.4" />
			<float name="fallback_squad_health_ratio_start" value="0.4" />
			<float name="fallback_vehicle_health_ratio_start" value="0.4" />
			<float name="fallback_capacity_ratio" value="0.4" />
			<float name="retreat_combat_rating_ratio" value="-1" />
			<float name="retreat_health_ratio" value="0.2" />
			<float name="retreat_capacity_ratio" value="0.35" />
			<bool name="retreat_on_suppression" value="True" />
			<bool name="retreat_on_pinned" value="True" />
			<float name="retreat_on_suppression_reaction_time" value="6" />
			<float name="retreat_delay_time_min" value="1" />
			<float name="retreat_delay_time_max" value="10" />
			<float name="reinforce_wait_time" value="30" />
			<float name="reinforce_failed_retry_wait_time" value="60" />
			<float name="reinforce_max_distance" value="-1" />
			<float name="reinforce_health_ratio" value="0.5" />
			<bool name="reinforce_during_combat" value="True" />
			<bool name="reinforce_enabled" value="True" />
			<float name="reinforce_min_health_ratio_to_reach_reinforce_point" value="-1" />
			<float name="fallback_squad_shield_ratio_start" value="0.3" />
			<float name="fallback_squad_health_ratio_end" value="0.99" />
			<float name="fallback_vehicle_health_ratio_end" value="0.99" />
			<float name="fallback_squad_shield_ratio_end" value="0.7" />
		</group>
		<group name="skirmish_settings">
			<group name="combat_eval">
				<float name="combat_eval_min_class_rating" value="5" />
				<float name="combat_eval_max_class_rating" value="25" />
				<float name="combat_eval_required_win_ratio_at_min_class_rating" value="1" />
				<float name="combat_eval_required_win_ratio_at_max_class_rating" value="0.75" />
			</group>
			<enum_table name="attack_importance">
				<float name="resource_point" value="30" />
				<float name="heavy_cover" value="30" />
				<float name="base_turret" value="60" />
				<float name="power_core" value="80" />
				<float name="shield_generator" value="55" />
				<float name="listening_post" value="35" />
				<float name="structure" value="45" />
				<float name="resource_point_addon" value="35" />
				<float name="temporary_capture_point" value="30" />
				<float name="rokks_traktor_beam" value="25" />
				<float name="hq" value="1" />
			</enum_table>
			<enum_table name="defend_importance">
				<float name="resource_point" value="45" />
				<float name="heavy_cover" value="35" />
				<float name="base_turret" value="80" />
				<float name="power_core" value="100" />
				<float name="shield_generator" value="60" />
				<float name="listening_post" value="50" />
				<float name="structure" value="55" />
				<float name="resource_point_addon" value="50" />
				<float name="temporary_capture_point" value="45" />
				<float name="rokks_traktor_beam" value="30" />
				<float name="hq" value="95" />
			</enum_table>
			<group name="catchup">
				<float name="catchup_max_resource_bonus" value="1" />
				<float name="catchup_max_resource_deficit" value="1000" />
			</group>
			<group name="capture">
				<float name="capture_max_territory_ratio" value="1" />
				<float name="capture_max_territory_relative_ratio" value="-1" />
				<enum_table name="max_capture_points_ratio">
					<float name="resource_point" value="1" />
					<float name="temporary_capture_point" value="1" />
				</enum_table>
				<enum_table name="max_capture_points_relative_ratio">
					<float name="resource_point" value="-1" />
					<float name="temporary_capture_point" value="-1" />
				</enum_table>
				<int name="capture_min_num_territories" value="5" />
				<enum_table name="min_capture_points">
					<int name="resource_point" value="0" />
					<int name="temporary_capture_point" value="0" />
				</enum_table>
				<bool name="forward_base_setup_at_hq" value="False" />
			</group>
			<group name="tasks">
				<int name="max_num_attack_objectives" value="4" />
				<int name="max_num_capture_tasks" value="4" />
			</group>
			<group name="army">
				<float name="max_army_combat_ratio" value="4" />
				<int name="min_num_units" value="5" />
				<int name="min_num_capturing_units" value="1" />
				<int name="min_num_non_support_units" value="6" />
				<float name="max_capture_points_to_capturing_units_ratio" value="8" />
				<float name="min_non_support_units_to_support_units_ratio" value="10" />
			</group>
			<bool name="use_offensive_player_abilities" value="True" />
			<enum_table name="resource_multipliers">
				<float name="action" value="1" />
				<float name="power" value="1" />
				<float name="requisition" value="1" />
				<float name="popcap" value="1" />
				<float name="command" value="1" />
				<float name="drop_pods" value="1" />
				<float name="feat" value="1" />
				<float name="gamma" value="1" />
			</enum_table>
			<template_reference name="attack_importance_params" value="ai\ai_engagement_importance_params">
				<float name="threat_weight" value="7" />
				<float name="dist_to_base_weight" value="10" />
				<float name="dist_to_owned_squads_weight" value="8" />
				<float name="dist_to_preferred_area_weight" value="10" />
				<float name="in_enemy_home_sector_scale" value="5" />
				<float name="next_to_out_of_supply_scale" value="3" />
				<float name="not_in_supply_and_not_next_to_supply_scale" value="1" />
				<float name="inverse_threat_weight" value="4" />
				<float name="not_allowed_to_detect_scale" value="0.001" />
			</template_reference>
			<template_reference name="defend_importance_params" value="ai\ai_engagement_importance_params">
				<float name="threat_weight" value="7" />
				<float name="dist_to_base_weight" value="12" />
				<float name="dist_to_owned_squads_weight" value="8" />
				<float name="dist_to_preferred_area_weight" value="10" />
				<float name="in_enemy_home_sector_scale" value="0.2" />
				<float name="next_to_out_of_supply_scale" value="1" />
				<float name="not_in_supply_and_not_next_to_supply_scale" value="0.1" />
				<float name="inverse_threat_weight" value="0" />
				<float name="not_allowed_to_detect_scale" value="0.001" />
			</template_reference>
			<enum_table name="capture_importance">
				<float name="resource_point" value="50" />
				<float name="temporary_capture_point" value="40" />
			</enum_table>
			<template_reference name="capture_importance_params" value="ai\ai_engagement_importance_params">
				<float name="threat_weight" value="0" />
				<float name="dist_to_base_weight" value="15" />
				<float name="dist_to_owned_squads_weight" value="7" />
				<float name="dist_to_preferred_area_weight" value="10" />
				<float name="in_enemy_home_sector_scale" value="0.1" />
				<float name="next_to_out_of_supply_scale" value="5" />
				<float name="not_in_supply_and_not_next_to_supply_scale" value="0.5" />
				<float name="inverse_threat_weight" value="9" />
				<float name="not_allowed_to_detect_scale" value="0.001" />
			</template_reference>
			<group name="territory_importance">
				<enum_table name="military_points">
					<float name="structure" value="15" />
					<float name="resource_point" value="3" />
					<float name="heavy_cover" value="15" />
					<float name="base_turret" value="20" />
					<float name="power_core" value="1000" />
					<float name="shield_generator" value="25" />
					<float name="listening_post" value="15" />
					<float name="resource_point_addon" value="10" />
					<float name="temporary_capture_point" value="25" />
					<float name="rokks_traktor_beam" value="10" />
					<float name="hq" value="1000" />
				</enum_table>
				<float name="squad" value="5" />
			</group>
			<float name="max_target_importance" value="10000" />
		</group>
		<group name="encounter_positions">
			<float name="encounter_pos_threat_scale" value="10" />
			<float name="encounter_pos_preferred_firing_range_scale" value="1" />
			<float name="encounter_pos_distance_scale" value="0.001" />
			<float name="encounter_pos_in_combat_cover_user_distance_scale" value="0.1" />
			<float name="encounter_pos_in_combat_setup_weapon_distance_scale" value="0.1" />
		</group>
		<bool name="should_update_threat_map" value="True" />
		<float name="attack_objective_replan_time" value="5" />
		<group name="combat_ratings">
			<enum_table name="cover_table">
				<template_reference name="tp_defcover" value="combat_ratings_cover_info">
					<float name="class_rating_multiplier" value="1" />
				</template_reference>
				<template_reference name="tp_defcover_narrow" value="combat_ratings_cover_info">
					<float name="class_rating_multiplier" value="1" />
				</template_reference>
				<template_reference name="tp_garrison_cover" value="combat_ratings_cover_info">
					<float name="class_rating_multiplier" value="6" />
				</template_reference>
				<template_reference name="tp_garrison_halftrack" value="combat_ratings_cover_info">
					<float name="class_rating_multiplier" value="4" />
				</template_reference>
				<template_reference name="tp_heavy" value="combat_ratings_cover_info">
					<float name="class_rating_multiplier" value="4" />
				</template_reference>
				<template_reference name="tp_light" value="combat_ratings_cover_info">
					<float name="class_rating_multiplier" value="2" />
				</template_reference>
				<template_reference name="tp_negative" value="combat_ratings_cover_info">
					<float name="class_rating_multiplier" value="0.6" />
				</template_reference>
				<template_reference name="tp_open" value="combat_ratings_cover_info">
					<float name="class_rating_multiplier" value="0.6" />
				</template_reference>
				<template_reference name="tp_smoke" value="combat_ratings_cover_info">
					<float name="class_rating_multiplier" value="4" />
				</template_reference>
				<template_reference name="tp_trench" value="combat_ratings_cover_info">
					<float name="class_rating_multiplier" value="16" />
				</template_reference>
				<template_reference name="tp_water" value="combat_ratings_cover_info">
					<float name="class_rating_multiplier" value="0.66" />
				</template_reference>
				<template_reference name="tp_z_bunker" value="combat_ratings_cover_info">
					<float name="class_rating_multiplier" value="8" />
				</template_reference>
				<template_reference name="tp_z_emplacement" value="combat_ratings_cover_info">
					<float name="class_rating_multiplier" value="2" />
				</template_reference>
				<template_reference name="tp_z_ice" value="combat_ratings_cover_info">
					<float name="class_rating_multiplier" value="1" />
				</template_reference>
				<template_reference name="tp_z_snow" value="combat_ratings_cover_info">
					<float name="class_rating_multiplier" value="1" />
				</template_reference>
				<template_reference name="tp_zz_deep_snow" value="combat_ratings_cover_info">
					<float name="class_rating_multiplier" value="1" />
				</template_reference>
				<template_reference name="tp_zz_mud" value="combat_ratings_cover_info">
					<float name="class_rating_multiplier" value="1" />
				</template_reference>
				<template_reference name="tp_zz_team_weapon_heavy" value="combat_ratings_cover_info">
					<float name="class_rating_multiplier" value="4" />
				</template_reference>
				<template_reference name="tp_shot_absorber" value="combat_ratings_cover_info">
					<float name="class_rating_multiplier" value="1" />
				</template_reference>
			</enum_table>
			<enum name="weapon_stance_mode" value="highest_delta_dps_against_enemy" />
			<bool name="should_attack_target_in_heavy_cover_when_cant_enter" value="False" />
			<bool name="allow_builders_to_enter_combat" value="False" />
		</group>
		<group name="tactics">
			<float name="avoidance_delay_time_min" value="2" />
			<float name="avoidance_ignore_chance" value="0.25" />
			<float name="vehicle_update_pos_delay_time" value="5" />
			<bool name="should_protect_weak_rear_armour" value="True" />
			<bool name="should_vehicle_out_maneuvre_enemy" value="True" />
			<float name="avoidance_delay_time_max" value="4" />
			<float name="kiting_target_update_delay" value="5" />
			<float name="kiting_chance" value="0.5" />
			<float name="kiting_update_length" value="5" />
			<group name="heavy_cover_max_occupancy">
				<int name="default_max_squad_occupancy" value="2" />
				<list name="occupancy_area_interval_list">
					<group name="area_interval" comment="Small Heavy Cover">
						<float name="min_area" value="0" />
						<float name="max_area" value="100" />
						<int name="occupancy" value="1" />
					</group>
					<group name="area_interval" comment="Medium Heavy Cover">
						<float name="min_area" value="100" />
						<float name="max_area" value="300" />
						<int name="occupancy" value="2" />
					</group>
					<group name="area_interval" comment="Large Heavy Cover">
						<float name="min_area" value="300" />
						<float name="max_area" value="500" />
						<int name="occupancy" value="3" />
					</group>
				</list>
				<list name="occupancy_ebp_override_list">
				</list>
			</group>
		</group>
		<enum_table name="tactic_wait_timeout_defaults">
			<float name="ability" value="-1" />
			<float name="cover" value="-1" />
			<float name="hold" value="-1" />
			<float name="avoid" value="-1" />
			<float name="vehicle" value="-1" />
			<float name="force_attack" value="-1" />
			<float name="pickup" value="-1" />
			<float name="capture_team_weapon" value="-1" />
			<float name="recrew" value="-1" />
			<float name="provide_reinforcement_point" value="-1" />
			<float name="finish_healing" value="-1" />
			<float name="capture_point" value="-1" />
			<float name="warm_up" value="-1" />
			<float name="min_range" value="-1" />
			<float name="vehicle_decrew" value="-1" />
			<float name="tactic_sequence" value="-1" />
			<float name="tactic_lua" value="-1" />
		</enum_table>
		<enum_table name="tactic_max_timeout_defaults">
			<float name="ability" value="15" />
			<float name="cover" value="20" />
			<float name="hold" value="35" />
			<float name="avoid" value="20" />
			<float name="vehicle" value="35" />
			<float name="force_attack" value="20" />
			<float name="pickup" value="35" />
			<float name="capture_team_weapon" value="35" />
			<float name="recrew" value="35" />
			<float name="provide_reinforcement_point" value="35" />
			<float name="finish_healing" value="10" />
			<float name="capture_point" value="15" />
			<float name="warm_up" value="35" />
			<float name="min_range" value="35" />
			<float name="vehicle_decrew" value="35" />
			<float name="tactic_sequence" value="35" />
			<float name="tactic_lua" value="35" />
		</enum_table>
		<float name="combat_task_retargeting_time" value="5" />
		<bool name="designer_lock_squads_by_default" value="False" />
		<group name="features">
			<bool name="kiting_enabled" value="True" />
			<bool name="use_abilities" value="True" />
			<bool name="use_cover" value="True" />
			<bool name="fast_skimmers_strafing_entry_enabled" value="True" />
			<bool name="can_attack_from_fow" value="True" />
			<group name="pathfinding">
				<bool name="avoid_threats_inside_encounter_area" value="True" />
				<bool name="avoid_threats_outside_encounter_area" value="True" />
				<bool name="can_leave_encounter_area" value="True" />
				<instance_reference name="pass_type_pbg_override" value="" />
			</group>
			<bool name="can_attack_targets_outside_encounter" value="True" />
			<bool name="can_leave_heavy_cover_to_chase_target" value="False" />
		</group>
		<enum name="production_mode" value="full_production" />
		<enum_table name="starting_resource_bonuses">
			<float name="action" value="0" />
			<float name="command" value="0" />
			<float name="popcap" value="0" />
			<float name="power" value="0" />
			<float name="requisition" value="0" />
			<float name="drop_pods" value="0" />
			<float name="feat" value="0" />
			<float name="gamma" value="0" />
		</enum_table>
	</group>
	<uniqueid name="pbgid" value="110171" />
</instance>