<instance description="" template="abilities">
	<group name="ability_bag">
		<group name="action_list">
			<list name="end_self_actions">
			</list>
			<list name="end_target_actions">
			</list>
			<list name="start_self_actions">
			</list>
			<list name="start_target_actions">
			</list>
			<list name="abort_target_actions">
			</list>
			<list name="abort_self_actions">
			</list>
			<bool name="wait_until_abort_and_end_actions_finish" value="False" />
		</group>
		<enum name="activation" value="always_on" />
		<bool name="can_target_in_fow" value="False" />
		<float name="caster_close_in_distance" value="2" />
		<bool name="casters_can_evacuate" value="False" />
		<string name="cursor_ghost_blueprint" value="" />
		<float name="cursor_ghost_blueprint_angle" value="0" />
		<bool name="disable_combat" value="False" />
		<bool name="disable_when_active" value="True" />
		<bool name="enable_in_building" value="False" />
		<bool name="enable_in_vehicle" value="False" />
		<bool name="engage_combat" value="False" />
		<float name="entity_busy_time" value="0" />
		<float name="facing_angle" value="5" />
		<bool name="facing_ignore" value="False" />
		<float name="final_close_in_distance" value="0" />
		<bool name="fire_and_forget" value="False" />
		<bool name="garrison_target" value="False" />
		<bool name="initial_recharge" value="False" />
		<bool name="move_back" value="False" />
		<float name="move_back_distance" value="10" />
		<float name="range" value="0" />
		<bool name="range_ignore" value="True" />
		<float name="recharge_time" value="0" />
		<bool name="refundable" value="False" />
		<bool name="require_no_shot_block" value="False" />
		<enum name="shared_timer" value="" />
		<bool name="shared_timer_player_wide" value="False" />
		<enum name="squad_caster" value="all_entities" />
		<enum name="target" value="tp_squad" />
		<float name="toggled_recharge_time_off" value="0" />
		<float name="toggled_recharge_time_on" value="0" />
		<group name="ui_cursor">
			<string name="cursor_bad" value="modal_ability_cancel" />
			<string name="cursor_good" value="modal_ability" />
			<string name="cursor_nonmodal_good" value="" />
		</group>
		<group name="ui_info">
			<locstring name="extra_text" value="11142262" />
			<locstring name="help_text" value="11142261" />
			<string name="hotkey_name" value="" />
			<icon name="icon_name" value="Icons_common_resources_resource_refund_1" />
			<string name="overlay_name" value="" />
			<bool name="reveal_for_decryption" value="False" />
			<locstring name="screen_name" value="11142263" />
			<icon name="icon_alternate_name" value="" />
			<locstring name="brief_text" value="0" />
			<locstring name="help_text_alternate" value="0" />
			<locstring name="screen_name_alternate" value="0" />
			<locstring name="screen_name_short" value="0" />
			<enum name="ui_style" value="default" />
			<list name="nested_ui_info_source">
			</list>
			<list name="effect_attributes">
			</list>
			<string name="info_video_url" value="" />
		</group>
		<locstring name="ui_usage_txt" value="0" />
		<bool name="validate_actions" value="False" />
		<list name="global_self_actions">
		</list>
		<list name="requirements" comment="This entire ability is placeholder until UI is able to incorporate this into the resource area (or elsewhere) as a persistent UI element.&#xD;&#xA;&#xD;&#xA;Campaign specifically asked to have this removed for their E3 demo, but we'll still want the feedback for multiplayer.">
			<template_reference name="required" value="requirements\required_ledger">
				<locstring name="ui_name" value="0" />
				<enum name="reason" value="usage_and_display" />
				<string name="key" value="escalation_phase" />
				<float name="default_value" value="0" />
				<float name="compare_to_value" value="0" />
				<enum name="comparison" value="equal_to" />
				<enum name="ledger_type" value="player_ledger" />
				<float name="ui_max_value" value="0" />
				<float name="ui_min_value" value="0" />
				<string name="read_key_from_ledger_key" value="" />
			</template_reference>
			<template_reference name="required" value="requirements\required_player_upgrade" comment="This entire ability is placeholder until UI is able to incorporate this into the resource area (or elsewhere) as a persistent UI element.&#xD;&#xA;&#xD;&#xA;Campaign specifically asked to have this removed for their E3 demo, but we'll still want the feedback for multiplayer.">
				<enum name="reason" value="usage_and_display" />
				<locstring name="ui_name" value="0" />
				<bool name="is_present" value="True" />
				<int name="max_completed" value="100" />
				<int name="min_completed" value="1" />
				<instance_reference name="upgrade_name" value="upgrade\gameplay\power_core_mode" />
				<bool name="include_queued" value="False" />
			</template_reference>
			<template_reference name="required" value="requirements\required_ledger">
				<locstring name="ui_name" value="0" />
				<enum name="reason" value="display" />
				<string name="key" value="hide_escalation" />
				<float name="default_value" value="0" />
				<float name="compare_to_value" value="0" />
				<enum name="comparison" value="less_than_or_equal_to" />
				<enum name="ledger_type" value="player_ledger" />
				<float name="ui_max_value" value="0" />
				<float name="ui_min_value" value="0" />
				<string name="read_key_from_ledger_key" value="" />
			</template_reference>
			<template_reference name="required" value="requirements\required_any_in_list">
				<enum name="reason" value="usage" />
				<locstring name="ui_name" value="0" />
				<list name="requirements">
					<template_reference name="requirement" value="requirements\required_win_condition_game_mode_type">
						<string name="game_mode_type" value="annihilation" />
					</template_reference>
					<template_reference name="requirement" value="requirements\required_win_condition_game_mode_type">
						<string name="game_mode_type" value="annihilation_with_turrets" />
					</template_reference>
				</list>
			</template_reference>
		</list>
		<enum name="ability_super" value="tp_none" />
		<int name="ui_position" value="31" />
		<bool name="ui_mini_map_capture" value="False" />
		<bool name="facing_ignore_during_active" value="False" />
		<instance_reference name="ui_range" value="" />
		<instance_reference name="ui_reticule" value="" />
		<float name="ui_reticule_radius_min" value="20" />
		<float name="ui_reticule_radius_max" value="20" />
		<enum name="pending_ability_out_of_range_behaviour" value="chase" />
		<enum name="ui_ability_group" value="group_economy" />
		<string name="ui_targetable_sm_key" value="" />
		<string name="ui_targetable_on_key" value="" />
		<string name="ui_targetable_off_key" value="" />
		<enum name="ui_targetable_receiver" value="local" />
		<enum name="ui_combine_type" value="intersection" />
		<enum_table name="ui_modal_highlight">
			<bool name="world_sector" value="False" />
			<bool name="map_sector" value="False" />
			<bool name="map_sector_hq_link_extender" value="False" />
		</enum_table>
		<enum name="ui_group_cast_type" value="multi" />
		<list name="requirements_target">
		</list>
		<template_reference name="targeted_ability_option" value="options\none">
		</template_reference>
		<enum name="ui_direction_requirement" value="nondirectional" />
		<instance_reference name="cursor_ghost_ebp" value="" />
		<bool name="can_cast_whilst_constructing" value="False" />
		<list name="requirements_self_recharge">
		</list>
		<bool name="can_cast_outside_active_battle_field" value="False" />
		<enum_table name="cost_to_player">
			<float name="action" value="0" />
			<float name="power" value="0" />
			<float name="requisition" value="0" />
			<float name="popcap" value="0" />
			<float name="command" value="0" />
			<float name="drop_pods" value="0" />
			<float name="feat" value="0" />
			<float name="gamma" value="0" />
		</enum_table>
		<enum_table name="cost_to_squad">
			<float name="action" value="0" />
			<float name="power" value="0" />
			<float name="requisition" value="0" />
			<float name="popcap" value="0" />
			<float name="command" value="0" />
			<float name="drop_pods" value="0" />
			<float name="feat" value="0" />
			<float name="gamma" value="0" />
		</enum_table>
		<bool name="ability_super_event_cue" value="False" />
		<enum name="ui_progress_bar_type" value="action_bar" />
		<group name="ability_tier">
			<list name="tiers">
			</list>
			<bool name="exclusive_tier_action" value="False" />
			<list name="passive_action_list">
			</list>
		</group>
		<enum name="ui_ability_issue_type" value="Normal" />
		<string name="speech_code" value="" />
		<template_reference name="channeling" value="options\none">
		</template_reference>
		<bool name="can_be_interrupted" value="False" />
		<template_reference name="casting_option" value="options\none">
		</template_reference>
		<template_reference name="proxy_range_option" value="options\none">
		</template_reference>
		<instance_reference name="ability_category" value="" />
		<bool name="always_refund_cost_if_failed" value="False" />
		<instance_reference name="ui_menu" value="" />
		<int name="ui_combine_priority" value="0" />
		<bool name="ui_ignore_hide_spatial_abilities_option" value="False" />
	</group>
	<uniqueid name="pbgid" value="124423" />
</instance>