<instance description="" template="abilities">
	<group name="ability_bag">
		<group name="action_list">
			<list name="end_self_actions">
				<template_reference name="action" value="action\change_target_action">
					<list name="actions">
						<template_reference name="action" value="action\ledger_write_action">
							<uniqueid name="id" value="1073745252" />
							<string name="key" value="explosion_has_played" />
							<enum name="operator" value="set" />
							<float name="operand" value="0" />
							<bool name="persistent" value="False" />
							<string name="read_key_from_ledger_key" value="" />
						</template_reference>
					</list>
					<enum name="change_target_type" value="squad" />
					<uniqueid name="id" value="1073745253" />
					<bool name="validate_sub_actions" value="False" />
				</template_reference>
			</list>
			<list name="end_target_actions">
			</list>
			<list name="start_self_actions">
				<template_reference name="action" value="action\speech_action">
					<uniqueid name="id" value="1073745254" />
					<list name="argument_overrides">
						<template_reference name="argument_override" value="speech_argument_override">
							<enum name="argument_name" value="ability_speech_code" />
							<string name="value" value="assaultmarine_jump" />
						</template_reference>
						<template_reference name="argument_override" value="speech_argument_override">
							<enum name="argument_name" value="ability_status" />
							<string name="value" value="started" />
						</template_reference>
					</list>
					<template_reference name="speech_event" value="speech_event_squad_name">
						<enum name="speech_event_squad" value="ability" />
					</template_reference>
				</template_reference>
			</list>
			<list name="start_target_actions">
				<template_reference name="action" value="action\move_action">
					<uniqueid name="id" value="1073745255" />
					<template_reference name="movement_style" value="options\action\move_action\movement_style_options\jump_through_air">
						<float name="jump_aggression" value="0.6" />
						<float name="jump_time_seconds" value="1.5" />
						<float name="jump_height_min" value="5" />
						<float name="jump_speed_min" value="26" />
						<float name="jump_height_max" value="15" />
						<float name="jump_speed_max" value="26" />
						<float name="jump_interp_distance_max" value="0" />
						<float name="jump_interp_distance_min" value="0" />
						<bool name="jump_backwards" value="False" />
					</template_reference>
					<bool name="stop_after_wind_down" value="True" />
					<float name="min_range" value="0" />
					<string name="progress_write_name" value="" />
					<string name="speed_write_name" value="" />
					<template_reference name="endpoint_option" value="options\action\move_action\endpoint_options\original_target_endpoint">
						<float name="directional_distance" value="0" />
						<float name="offset_angle" value="-1" />
						<float name="offset_distance" value="0" />
						<bool name="needs_passable_terrain" value="True" />
						<bool name="allow_entities_at_endpoint" value="True" />
						<int name="ui_size_override" value="0" />
						<bool name="clamp_to_best_reachable_in_straight_line" value="False" />
						<bool name="clamp_to_world_geo" value="True" />
					</template_reference>
					<list name="on_arrival_actions" comment="Explosion AOE at squad position when they land">
						<template_reference name="action" value="action\fire_and_forget_action">
							<uniqueid name="id" value="1073745256" />
							<list name="fire_and_forget_actions">
								<template_reference name="action" value="action\requirement_action">
									<bool name="check_self" value="False" />
									<bool name="validation_requires_requirements" value="False" />
									<bool name="validate_all_sub_actions" value="True" />
									<list name="requirement_table">
										<template_reference name="required" value="requirements\required_ledger">
											<locstring name="ui_name" value="0" />
											<enum name="reason" value="usage" />
											<string name="key" value="explosion_has_played" />
											<float name="default_value" value="0" />
											<float name="compare_to_value" value="0" />
											<enum name="comparison" value="equal_to" />
											<enum name="ledger_type" value="squad_ledger" />
											<float name="ui_max_value" value="0" />
											<float name="ui_min_value" value="0" />
											<string name="read_key_from_ledger_key" value="" />
										</template_reference>
									</list>
									<list name="action_table">
										<template_reference name="action" value="action\change_target_action" comment="Write to the squad ledger so that we only do the epxlosion once.&#xD;&#xA;">
											<list name="actions">
												<template_reference name="action" value="action\ledger_write_action">
													<uniqueid name="id" value="1073745257" />
													<string name="key" value="explosion_has_played" />
													<enum name="operator" value="set" />
													<float name="operand" value="1" />
													<bool name="persistent" value="False" />
													<string name="read_key_from_ledger_key" value="" />
												</template_reference>
												<template_reference name="action" value="action\requirement_action" comment="zeal doctrine&#xD;&#xA;">
													<bool name="check_self" value="False" />
													<bool name="validation_requires_requirements" value="True" />
													<bool name="validate_all_sub_actions" value="False" />
													<list name="requirement_table">
														<template_reference name="required" value="requirements\required_ledger">
															<locstring name="ui_name" value="0" />
															<enum name="reason" value="usage" />
															<string name="key" value="zeal_doctrine_assault_marine" />
															<float name="default_value" value="0" />
															<float name="compare_to_value" value="1" />
															<enum name="comparison" value="equal_to" />
															<enum name="ledger_type" value="player_ledger" />
															<float name="ui_max_value" value="0" />
															<float name="ui_min_value" value="0" />
															<string name="read_key_from_ledger_key" value="" />
														</template_reference>
														<template_reference name="required" value="requirements\required_player_upgrade">
															<enum name="reason" value="usage" />
															<locstring name="ui_name" value="0" />
															<bool name="is_present" value="False" />
															<int name="max_completed" value="100" />
															<int name="min_completed" value="1" />
															<instance_reference name="upgrade_name" value="upgrade\races\space_marines\spa_hq_tier_2" mod="a5fef7c6e07942ffb7483ef8065b8755" />
															<bool name="include_queued" value="False" />
														</template_reference>
														<template_reference name="required" value="requirements\required_player_upgrade">
															<enum name="reason" value="usage" />
															<locstring name="ui_name" value="0" />
															<bool name="is_present" value="False" />
															<int name="max_completed" value="100" />
															<int name="min_completed" value="1" />
															<instance_reference name="upgrade_name" value="upgrade\races\space_marines\spa_hq_tier_3" mod="a5fef7c6e07942ffb7483ef8065b8755" />
															<bool name="include_queued" value="False" />
														</template_reference>
													</list>
													<list name="action_table">
														<template_reference name="action" value="action\fire_and_forget_action">
															<uniqueid name="id" value="1073745258" />
															<list name="fire_and_forget_actions">
																<template_reference name="action" value="action\timed_action">
																	<float name="duration" value="10" />
																	<bool name="fire_and_forget" value="False" />
																	<list name="subactions">
																		<template_reference name="action" value="action\add_shield_action">
																			<uniqueid name="id" value="1073745259" />
																			<bool name="permanent" value="False" />
																			<instance_reference name="shield" value="shield\space_marines\line_units\spa_assault_marines_zeal_doctrine" />
																		</template_reference>
																	</list>
																	<uniqueid name="id" value="1073745260" />
																</template_reference>
															</list>
															<bool name="fire_if_any_can" value="True" />
														</template_reference>
													</list>
													<uniqueid name="id" value="1073745261" />
													<template_reference name="ui_help_text" value="tables\help_text_phrase">
														<int name="phrase_order" value="0" />
														<locstring name="phrase" value="0" />
													</template_reference>
													<template_reference name="behaviour_type" value="options\action\requirement_action\check_once_to_start_stop_when_requirements_fail">
													</template_reference>
												</template_reference>
												<template_reference name="action" value="action\requirement_action" comment="zeal doctrine&#xD;&#xA;">
													<bool name="check_self" value="False" />
													<bool name="validation_requires_requirements" value="True" />
													<bool name="validate_all_sub_actions" value="False" />
													<list name="requirement_table">
														<template_reference name="required" value="requirements\required_ledger">
															<locstring name="ui_name" value="0" />
															<enum name="reason" value="usage" />
															<string name="key" value="zeal_doctrine_assault_marine" />
															<float name="default_value" value="0" />
															<float name="compare_to_value" value="1" />
															<enum name="comparison" value="equal_to" />
															<enum name="ledger_type" value="player_ledger" />
															<float name="ui_max_value" value="0" />
															<float name="ui_min_value" value="0" />
															<string name="read_key_from_ledger_key" value="" />
														</template_reference>
														<template_reference name="required" value="requirements\required_player_upgrade">
															<enum name="reason" value="usage" />
															<locstring name="ui_name" value="0" />
															<bool name="is_present" value="True" />
															<int name="max_completed" value="100" />
															<int name="min_completed" value="1" />
															<instance_reference name="upgrade_name" value="upgrade\races\space_marines\spa_hq_tier_2" mod="a5fef7c6e07942ffb7483ef8065b8755" />
															<bool name="include_queued" value="False" />
														</template_reference>
														<template_reference name="required" value="requirements\required_player_upgrade">
															<enum name="reason" value="usage" />
															<locstring name="ui_name" value="0" />
															<bool name="is_present" value="False" />
															<int name="max_completed" value="100" />
															<int name="min_completed" value="1" />
															<instance_reference name="upgrade_name" value="upgrade\races\space_marines\spa_hq_tier_3" mod="a5fef7c6e07942ffb7483ef8065b8755" />
															<bool name="include_queued" value="False" />
														</template_reference>
													</list>
													<list name="action_table">
														<template_reference name="action" value="action\fire_and_forget_action">
															<uniqueid name="id" value="1073745262" />
															<list name="fire_and_forget_actions">
																<template_reference name="action" value="action\timed_action">
																	<float name="duration" value="10" />
																	<bool name="fire_and_forget" value="False" />
																	<list name="subactions">
																		<template_reference name="action" value="action\add_shield_action">
																			<uniqueid name="id" value="1073745263" />
																			<bool name="permanent" value="False" />
																			<instance_reference name="shield" value="shield\space_marines\line_units\spa_assault_marines_zeal_doctrine_tier2" />
																		</template_reference>
																	</list>
																	<uniqueid name="id" value="1073745264" />
																</template_reference>
															</list>
															<bool name="fire_if_any_can" value="True" />
														</template_reference>
													</list>
													<uniqueid name="id" value="1073745265" />
													<template_reference name="ui_help_text" value="tables\help_text_phrase">
														<int name="phrase_order" value="0" />
														<locstring name="phrase" value="0" />
													</template_reference>
													<template_reference name="behaviour_type" value="options\action\requirement_action\check_once_to_start_stop_when_requirements_fail">
													</template_reference>
												</template_reference>
												<template_reference name="action" value="action\requirement_action" comment="zeal doctrine&#xD;&#xA;">
													<bool name="check_self" value="False" />
													<bool name="validation_requires_requirements" value="True" />
													<bool name="validate_all_sub_actions" value="False" />
													<list name="requirement_table">
														<template_reference name="required" value="requirements\required_ledger">
															<locstring name="ui_name" value="0" />
															<enum name="reason" value="usage" />
															<string name="key" value="zeal_doctrine_assault_marine" />
															<float name="default_value" value="0" />
															<float name="compare_to_value" value="1" />
															<enum name="comparison" value="equal_to" />
															<enum name="ledger_type" value="player_ledger" />
															<float name="ui_max_value" value="0" />
															<float name="ui_min_value" value="0" />
															<string name="read_key_from_ledger_key" value="" />
														</template_reference>
														<template_reference name="required" value="requirements\required_player_upgrade">
															<enum name="reason" value="usage" />
															<locstring name="ui_name" value="0" />
															<bool name="is_present" value="True" />
															<int name="max_completed" value="100" />
															<int name="min_completed" value="1" />
															<instance_reference name="upgrade_name" value="upgrade\races\space_marines\spa_hq_tier_2" mod="a5fef7c6e07942ffb7483ef8065b8755" />
															<bool name="include_queued" value="False" />
														</template_reference>
														<template_reference name="required" value="requirements\required_player_upgrade">
															<enum name="reason" value="usage" />
															<locstring name="ui_name" value="0" />
															<bool name="is_present" value="True" />
															<int name="max_completed" value="100" />
															<int name="min_completed" value="1" />
															<instance_reference name="upgrade_name" value="upgrade\races\space_marines\spa_hq_tier_3" mod="a5fef7c6e07942ffb7483ef8065b8755" />
															<bool name="include_queued" value="False" />
														</template_reference>
													</list>
													<list name="action_table">
														<template_reference name="action" value="action\fire_and_forget_action">
															<uniqueid name="id" value="1073745266" />
															<list name="fire_and_forget_actions">
																<template_reference name="action" value="action\timed_action">
																	<float name="duration" value="10" />
																	<bool name="fire_and_forget" value="False" />
																	<list name="subactions">
																		<template_reference name="action" value="action\add_shield_action">
																			<uniqueid name="id" value="1073745267" />
																			<bool name="permanent" value="False" />
																			<instance_reference name="shield" value="shield\space_marines\line_units\spa_assault_marines_zeal_doctrine_tier3" />
																		</template_reference>
																	</list>
																	<uniqueid name="id" value="1073745268" />
																</template_reference>
															</list>
															<bool name="fire_if_any_can" value="True" />
														</template_reference>
													</list>
													<uniqueid name="id" value="1073745269" />
													<template_reference name="ui_help_text" value="tables\help_text_phrase">
														<int name="phrase_order" value="0" />
														<locstring name="phrase" value="0" />
													</template_reference>
													<template_reference name="behaviour_type" value="options\action\requirement_action\check_once_to_start_stop_when_requirements_fail">
													</template_reference>
												</template_reference>
											</list>
											<enum name="change_target_type" value="squad" />
											<uniqueid name="id" value="1073745270" />
											<bool name="validate_sub_actions" value="False" />
										</template_reference>
										<template_reference name="action" value="action\change_target_action" comment="Off map artillery strike to play the explosion aoe fx">
											<list name="actions">
												<template_reference name="action" value="action\off_map_artillery">
													<float name="num_salvo" value="1" />
													<float name="radius" value="0" />
													<float name="source_offset_x" value="0" />
													<float name="source_offset_y" value="1" />
													<float name="source_offset_z" value="0" />
													<float name="time_range_between_shells_max" value="0" />
													<float name="time_range_between_shells_min" value="0.125" />
													<instance_reference name="weapon_name" value="weapon\space_marines\line_units\ability\spa_jump_landing_assault_marine" mod="a5fef7c6e07942ffb7483ef8065b8755" />
													<uniqueid name="id" value="1073745271" />
												</template_reference>
											</list>
											<enum name="change_target_type" value="position" />
											<uniqueid name="id" value="1073745272" />
											<bool name="validate_sub_actions" value="False" />
										</template_reference>
									</list>
									<uniqueid name="id" value="1073745273" />
									<template_reference name="ui_help_text" value="tables\help_text_phrase">
										<int name="phrase_order" value="0" />
										<locstring name="phrase" value="0" />
									</template_reference>
									<template_reference name="behaviour_type" value="options\action\requirement_action\check_only_when_this_starts">
									</template_reference>
								</template_reference>
							</list>
							<bool name="fire_if_any_can" value="False" />
						</template_reference>
					</list>
					<list name="on_departure_actions">
						<template_reference name="action" value="action\apply_modifiers_action">
							<float name="duration" value="0" />
							<bool name="permanent" value="False" />
							<list name="modifiers">
								<template_reference name="modifier" value="modifiers\entity_modifier">
									<enum name="application_type" value="apply_to_entity" />
									<bool name="exclusive" value="False" />
									<string name="modifier_id" value="" />
									<enum name="usage_type" value="enable" />
									<float name="value" value="-1" />
									<instance_reference name="tooltip" value="" />
									<enum name="type" value="enable_knock_back_modifier" />
									<instance_reference name="target_type_name" value="" />
								</template_reference>
								<template_reference name="modifier" value="modifiers\entity_modifier">
									<enum name="application_type" value="apply_to_entity" />
									<bool name="exclusive" value="False" />
									<string name="modifier_id" value="" />
									<enum name="usage_type" value="multiplication" />
									<float name="value" value="0.25" />
									<instance_reference name="tooltip" value="" />
									<enum name="type" value="received_damage_modifier" />
									<instance_reference name="target_type_name" value="" />
								</template_reference>
							</list>
							<uniqueid name="id" value="1073745274" />
						</template_reference>
						<template_reference name="action" value="action\ui_unit_modifier_action">
							<bool name="die_with_creator" value="False" />
							<template_reference name="ui_info" value="tables\ui_info">
								<locstring name="screen_name" value="11129198" />
								<locstring name="help_text" value="11129365" />
								<icon name="icon_name" value="Icons_common_states_defense" />
								<string name="hotkey_name" value="" />
							</template_reference>
							<uniqueid name="id" value="1073745275" />
						</template_reference>
					</list>
					<float name="wind_up_duration_seconds" value="0.5" />
					<float name="wind_down_duration_seconds" value="0.8" />
					<bool name="ui_highlight_units_under_path" value="False" />
					<group name="animator_keys">
						<string name="off" value="off" />
						<string name="on" value="on" />
						<string name="ability_instant_state" value="ability_instant_state" />
						<string name="ability_instant_id" value="ability_instant_id" />
						<string name="ability_instant_id_shoulder_check" value="7" />
						<string name="movement_state" value="movement_state" />
						<string name="movement_state_jump" value="jump" />
						<string name="movement_state_rush" value="rush" />
						<string name="movement_substate" value="movement_sub_state" />
						<string name="movement_substate_winddown" value="winddown" />
						<string name="movement_substate_windup" value="windup" />
						<string name="movement_substate_travel" value="inaction" />
						<string name="progress" value="movement_progress" />
						<string name="progress_winddown" value="movement_progress_auxiliary" />
						<string name="progress_windup" value="movement_progress_auxiliary" />
					</group>
					<float name="staggered_departure_time_seconds" value="0.5" />
					<float name="facing_angle" value="0" />
				</template_reference>
			</list>
			<list name="abort_target_actions">
			</list>
			<list name="abort_self_actions">
			</list>
			<bool name="wait_until_abort_and_end_actions_finish" value="False" />
		</group>
		<enum name="activation" value="targeted" comment="Multi Cast - All units selected fire their ability at the targeted location" />
		<bool name="can_target_in_fow" value="True" />
		<float name="caster_close_in_distance" value="0" />
		<bool name="casters_can_evacuate" value="False" />
		<enum_table name="cost_to_player">
			<float name="action" value="0" />
			<float name="power" value="0" />
			<float name="requisition" value="0" />
			<float name="popcap" value="0" />
			<float name="command" value="0" />
			<float name="drop_pods" value="0" />
			<float name="feat" value="0" />
			<float name="gamma" value="0" />
		</enum_table>
		<string name="cursor_ghost_blueprint" value="" />
		<float name="cursor_ghost_blueprint_angle" value="0" />
		<bool name="disable_combat" value="True" />
		<bool name="disable_when_active" value="True" />
		<bool name="enable_in_building" value="False" />
		<bool name="enable_in_vehicle" value="False" />
		<bool name="engage_combat" value="False" />
		<float name="entity_busy_time" value="0" />
		<float name="facing_angle" value="5" />
		<bool name="facing_ignore" value="True" />
		<float name="final_close_in_distance" value="0" />
		<bool name="fire_and_forget" value="False" />
		<bool name="garrison_target" value="False" />
		<bool name="initial_recharge" value="False" />
		<bool name="move_back" value="False" />
		<float name="move_back_distance" value="0" />
		<float name="range" value="55" />
		<bool name="range_ignore" value="False" />
		<float name="recharge_time" value="5" />
		<bool name="refundable" value="True" />
		<bool name="require_no_shot_block" value="False" />
		<enum name="shared_timer" value="" />
		<bool name="shared_timer_player_wide" value="False" />
		<enum name="squad_caster" value="squad" />
		<enum name="target" value="tp_position" />
		<float name="toggled_recharge_time_off" value="0" />
		<float name="toggled_recharge_time_on" value="0" />
		<group name="ui_cursor">
			<string name="cursor_bad" value="modal_ability_cancel" />
			<string name="cursor_good" value="modal_attack" />
			<string name="cursor_nonmodal_good" value="" />
		</group>
		<group name="ui_info">
			<locstring name="extra_text" value="11114318" />
			<locstring name="help_text" value="11107139" />
			<string name="hotkey_name" value="Q" />
			<icon name="icon_name" value="Icons_space_marines_abilities_jump_assault_marine" />
			<string name="overlay_name" value="" />
			<bool name="reveal_for_decryption" value="False" />
			<locstring name="screen_name" value="11084639" />
			<icon name="icon_alternate_name" value="" />
			<locstring name="brief_text" value="0" />
			<locstring name="help_text_alternate" value="0" />
			<locstring name="screen_name_alternate" value="0" />
			<locstring name="screen_name_short" value="0" />
			<enum name="ui_style" value="default" />
			<list name="nested_ui_info_source">
			</list>
			<list name="effect_attributes">
				<instance_reference name="ability_effect" value="ui_ability_effect\ability_effect_knockback" />
				<instance_reference name="ability_effect" value="ui_ability_effect\ability_effect_defense" />
				<instance_reference name="ability_effect" value="ui_ability_effect\ability_effect_jump" />
			</list>
			<string name="info_video_url" value="" />
		</group>
		<locstring name="ui_usage_txt" value="0" />
		<bool name="validate_actions" value="True" />
		<list name="global_self_actions">
		</list>
		<list name="requirements">
			<template_reference name="required" value="requirements\required_squad_resources">
				<locstring name="ui_name" value="11140028" />
				<enum name="reason" value="usage" />
				<enum name="comparison" value="greater_than_or_equal_to" />
				<enum name="resource_type" value="action" />
				<float name="target_value" value="50" />
				<float name="ui_min_value" value="0" />
				<float name="ui_max_value" value="0" />
			</template_reference>
			<template_reference name="required" value="requirements\required_ledger">
				<locstring name="ui_name" value="0" />
				<enum name="reason" value="usage_and_display" />
				<string name="key" value="assault_marine_power_swords" />
				<float name="default_value" value="0" />
				<float name="compare_to_value" value="0" />
				<enum name="comparison" value="equal_to" />
				<enum name="ledger_type" value="player_ledger" />
				<float name="ui_max_value" value="0" />
				<float name="ui_min_value" value="0" />
				<string name="read_key_from_ledger_key" value="" />
			</template_reference>
		</list>
		<enum name="ability_super" value="tp_none" />
		<int name="ui_position" value="11" />
		<bool name="ui_mini_map_capture" value="False" />
		<bool name="facing_ignore_during_active" value="True" />
		<instance_reference name="ui_range" value="ui_reticule\ability_range_default_marines" />
		<instance_reference name="ui_reticule" value="ui_reticule\assault_marine_jump" />
		<float name="ui_reticule_radius_min" value="8" />
		<float name="ui_reticule_radius_max" value="8" />
		<enum name="pending_ability_out_of_range_behaviour" value="chase" />
		<enum name="ui_ability_group" value="group_primary" />
		<string name="ui_targetable_sm_key" value="" />
		<string name="ui_targetable_on_key" value="" />
		<string name="ui_targetable_off_key" value="" />
		<enum name="ui_targetable_receiver" value="local" />
		<enum name="ui_combine_type" value="intersection" />
		<enum_table name="ui_modal_highlight">
			<bool name="world_sector" value="False" />
			<bool name="map_sector" value="False" />
			<bool name="map_sector_hq_link_extender" value="False" />
		</enum_table>
		<enum name="ui_group_cast_type" value="multi" />
		<list name="requirements_target">
		</list>
		<template_reference name="targeted_ability_option" value="options\abilities\targeted_ability_option">
			<bool name="persist_targeted_ability" value="False" />
			<bool name="post_ability_out_of_range_stop" value="False" />
			<bool name="range_ignore_target_far_position" value="False" />
			<template_reference name="quick_cast_option" value="options\abilities\quick_cast\proxy_option">
				<list name="proxy_requirements">
					<template_reference name="requirement" value="requirements\required_unit_type">
						<enum name="reason" value="usage" />
						<locstring name="ui_name" value="0" />
						<enum name="unit_type" value="hq" />
						<template_reference name="qualify_option" value="options\none">
						</template_reference>
						<bool name="search_load_out" value="False" />
					</template_reference>
					<template_reference name="requirement" value="requirements\required_ownership">
						<enum name="reason" value="usage" />
						<locstring name="ui_name" value="0" />
						<enum name="ownership_type" value="self" />
					</template_reference>
				</list>
				<enum name="sort_criteria" value="Nearest" />
				<enum name="out_of_range_behaviour" value="clamp_to_max_range" />
				<bool name="positional_target_must_be_passable" value="True" />
			</template_reference>
			<template_reference name="multi_target_option" value="options\none">
			</template_reference>
			<list name="target_selected_actions">
			</list>
		</template_reference>
		<enum name="ui_direction_requirement" value="nondirectional" />
		<instance_reference name="cursor_ghost_ebp" value="" />
		<bool name="can_cast_whilst_constructing" value="False" />
		<list name="requirements_self_recharge">
		</list>
		<bool name="can_cast_outside_active_battle_field" value="False" />
		<enum_table name="cost_to_squad">
			<float name="action" value="50" />
			<float name="power" value="0" />
			<float name="requisition" value="0" />
			<float name="popcap" value="0" />
			<float name="command" value="0" />
			<float name="drop_pods" value="0" />
			<float name="feat" value="0" />
			<float name="gamma" value="0" />
		</enum_table>
		<bool name="ability_super_event_cue" value="False" />
		<enum name="ui_progress_bar_type" value="auto_bar" />
		<group name="ability_tier">
			<list name="tiers">
				<group name="tier">
					<list name="on_ability_activate_action_list">
					</list>
					<list name="passive_action_list">
						<template_reference name="action" value="action\ui_unit_modifier_action">
							<bool name="die_with_creator" value="False" />
							<template_reference name="ui_info" value="tables\ui_info">
								<locstring name="screen_name" value="11106886" />
								<locstring name="help_text" value="11106887" />
								<icon name="icon_name" value="Icons_common_states_pip_1" />
								<string name="hotkey_name" value="" />
							</template_reference>
							<uniqueid name="id" value="1073745276" />
						</template_reference>
					</list>
					<list name="self_requirements">
						<template_reference name="required" value="requirements\required_squad_resources">
							<locstring name="ui_name" value="0" />
							<enum name="reason" value="usage" />
							<enum name="comparison" value="greater_than_or_equal_to" />
							<enum name="resource_type" value="action" />
							<float name="target_value" value="50" />
							<float name="ui_min_value" value="0" />
							<float name="ui_max_value" value="50" />
						</template_reference>
						<template_reference name="required" value="requirements\required_ledger">
							<locstring name="ui_name" value="0" />
							<enum name="reason" value="usage_and_display" />
							<string name="key" value="assault_marine_power_swords" />
							<float name="default_value" value="0" />
							<float name="compare_to_value" value="0" />
							<enum name="comparison" value="equal_to" />
							<enum name="ledger_type" value="player_ledger" />
							<float name="ui_max_value" value="0" />
							<float name="ui_min_value" value="0" />
							<string name="read_key_from_ledger_key" value="" />
						</template_reference>
					</list>
				</group>
				<group name="tier">
					<list name="on_ability_activate_action_list">
					</list>
					<list name="passive_action_list">
						<template_reference name="action" value="action\ui_unit_modifier_action">
							<bool name="die_with_creator" value="False" />
							<template_reference name="ui_info" value="tables\ui_info">
								<locstring name="screen_name" value="11106886" />
								<locstring name="help_text" value="11106887" />
								<icon name="icon_name" value="Icons_common_states_pip_2" />
								<string name="hotkey_name" value="" />
							</template_reference>
							<uniqueid name="id" value="1073745277" />
						</template_reference>
					</list>
					<list name="self_requirements">
						<template_reference name="required" value="requirements\required_squad_resources">
							<locstring name="ui_name" value="0" />
							<enum name="reason" value="usage" />
							<enum name="comparison" value="greater_than_or_equal_to" />
							<enum name="resource_type" value="action" />
							<float name="target_value" value="100" />
							<float name="ui_min_value" value="50" />
							<float name="ui_max_value" value="100" />
						</template_reference>
						<template_reference name="required" value="requirements\required_ledger">
							<locstring name="ui_name" value="0" />
							<enum name="reason" value="usage_and_display" />
							<string name="key" value="assault_marine_power_swords" />
							<float name="default_value" value="0" />
							<float name="compare_to_value" value="0" />
							<enum name="comparison" value="equal_to" />
							<enum name="ledger_type" value="player_ledger" />
							<float name="ui_max_value" value="0" />
							<float name="ui_min_value" value="0" />
							<string name="read_key_from_ledger_key" value="" />
						</template_reference>
					</list>
				</group>
			</list>
			<bool name="exclusive_tier_action" value="True" />
			<list name="passive_action_list">
			</list>
		</group>
		<enum name="ui_ability_issue_type" value="Normal" />
		<string name="speech_code" value="assaultmarine_jump" />
		<template_reference name="channeling" value="options\abilities\channeling_option">
			<float name="channeling_time_second" value="0" />
			<list name="channeling_stop_self_requirement">
			</list>
			<list name="channeling_stop_target_requirement">
			</list>
			<bool name="can_be_cancelled" value="False" />
		</template_reference>
		<bool name="can_be_interrupted" value="True" />
		<template_reference name="casting_option" value="options\none">
		</template_reference>
		<template_reference name="proxy_range_option" value="options\none">
		</template_reference>
		<instance_reference name="ability_category" value="" />
		<bool name="always_refund_cost_if_failed" value="False" />
		<instance_reference name="ui_menu" value="" />
		<int name="ui_combine_priority" value="0" />
		<bool name="ui_ignore_hide_spatial_abilities_option" value="False" />
	</group>
	<uniqueid name="pbgid" value="90323" />
</instance>