<instance description="Line damage ability" template="abilities">
	<group name="ability_bag">
		<group name="action_list">
			<list name="end_self_actions">
			</list>
			<list name="end_target_actions">
			</list>
			<list name="start_self_actions">
				<template_reference name="action" value="action\cancel_forced_attack">
					<uniqueid name="id" value="1073745304" />
					<enum name="stop_command" value="stop" />
				</template_reference>
			</list>
			<list name="start_target_actions">
				<template_reference name="action" value="action\requirement_action">
					<bool name="check_self" value="False" />
					<bool name="validation_requires_requirements" value="False" />
					<bool name="validate_all_sub_actions" value="True" />
					<list name="requirement_table">
						<template_reference name="required" value="requirements\required_distance">
							<enum name="reason" value="usage" />
							<locstring name="ui_name" value="0" />
							<float name="distance" value="40" />
							<enum name="comparison" value="greater_than" />
							<bool name="is_3d" value="False" />
						</template_reference>
					</list>
					<list name="action_table">
						<template_reference name="action" value="action\direction_override_action">
							<uniqueid name="id" value="1073745305" />
							<list name="actions">
								<template_reference name="action" value="action\change_target_action">
									<list name="actions">
										<template_reference name="action" value="action\offset_action">
											<uniqueid name="id" value="1073745306" />
											<float name="offset_x" value="0" />
											<float name="offset_y" value="0" />
											<float name="offset_z" value="40" />
											<list name="actions">
												<template_reference name="action" value="action\move_action">
													<uniqueid name="id" value="1073745307" />
													<template_reference name="movement_style" value="options\action\move_action\movement_style_options\jump_through_air">
														<float name="jump_aggression" value="0.6" />
														<float name="jump_time_seconds" value="0" />
														<float name="jump_height_min" value="1" />
														<float name="jump_speed_min" value="29" />
														<float name="jump_height_max" value="3" />
														<float name="jump_speed_max" value="29" />
														<float name="jump_interp_distance_max" value="0" />
														<float name="jump_interp_distance_min" value="0" />
														<bool name="jump_backwards" value="False" />
													</template_reference>
													<bool name="stop_after_wind_down" value="True" />
													<float name="min_range" value="0" />
													<string name="progress_write_name" value="" />
													<string name="speed_write_name" value="" />
													<template_reference name="endpoint_option" value="options\action\move_action\endpoint_options\closest_open_endpoint">
														<float name="max_circle_search_distance" value="10" />
														<float name="max_distance_to_search_behind_target_first" value="0" />
													</template_reference>
													<list name="on_arrival_actions" comment="Explosion AOE at squad position when they land">
													</list>
													<list name="on_departure_actions" comment="While leaping towards the locaiton, assault marines will deal damage and knockback to all units they encounter.  There is a ledger that is applied to the unit that only allows this to occur once every second so as not to look bad.">
														<template_reference name="action" value="action\apply_modifiers_action">
															<float name="duration" value="0" />
															<bool name="permanent" value="False" />
															<list name="modifiers">
																<template_reference name="modifier" value="modifiers\entity_modifier">
																	<enum name="application_type" value="apply_to_entity" />
																	<bool name="exclusive" value="False" />
																	<string name="modifier_id" value="" />
																	<enum name="usage_type" value="enable" />
																	<float name="value" value="-1" />
																	<instance_reference name="tooltip" value="" />
																	<enum name="type" value="enable_knock_back_modifier" />
																	<instance_reference name="target_type_name" value="" />
																</template_reference>
																<template_reference name="modifier" value="modifiers\entity_modifier">
																	<enum name="application_type" value="apply_to_entity" />
																	<bool name="exclusive" value="False" />
																	<string name="modifier_id" value="" />
																	<enum name="usage_type" value="multiplication" />
																	<float name="value" value="0.25" />
																	<instance_reference name="tooltip" value="" />
																	<enum name="type" value="received_damage_modifier" />
																	<instance_reference name="target_type_name" value="" />
																</template_reference>
															</list>
															<uniqueid name="id" value="1073745308" />
														</template_reference>
														<template_reference name="action" value="action\interval_action">
															<float name="interval_second" value="0.125" />
															<uniqueid name="id" value="1073745309" />
															<list name="interval_subactions">
																<group name="interval_subaction_group">
																	<float name="trigger_time_second" value="0" />
																	<list name="actions">
																		<template_reference name="action" value="action\target">
																			<template_reference name="area_info" value="options\area_info_options\circle_area_option">
																				<float name="outer_radius" value="3" />
																				<float name="inner_radius" value="0" />
																				<bool name="is_two_dimensional" value="True" />
																				<enum name="dynamic_radius_type" value="fixed" />
																			</template_reference>
																			<bool name="die_with_creator" value="True" />
																			<bool name="do_recalc_targets" value="False" />
																			<float name="duration" value="0" />
																			<bool name="entity_targets" value="True" />
																			<instance_reference name="entity_types_to_choose" value="" />
																			<bool name="stationary" value="True" />
																			<enum name="unit_type" value="" />
																			<list name="subactions">
																				<template_reference name="action" value="action\requirement_action">
																					<bool name="check_self" value="False" />
																					<bool name="validation_requires_requirements" value="True" />
																					<bool name="validate_all_sub_actions" value="True" />
																					<list name="requirement_table">
																						<template_reference name="required" value="requirements\required_ledger">
																							<locstring name="ui_name" value="0" />
																							<enum name="reason" value="usage" />
																							<string name="key" value="assault_marine_assault_leap_knocked_down" />
																							<float name="default_value" value="0" />
																							<float name="compare_to_value" value="0" />
																							<enum name="comparison" value="equal_to" />
																							<enum name="ledger_type" value="entity_ledger" />
																							<float name="ui_max_value" value="0" />
																							<float name="ui_min_value" value="0" />
																							<string name="read_key_from_ledger_key" value="" />
																						</template_reference>
																					</list>
																					<list name="action_table">
																						<template_reference name="action" value="action\damage">
																							<float name="damage" value="20" />
																							<bool name="percentage" value="False" />
																							<bool name="set" value="False" />
																							<bool name="cause_criticals" value="True" />
																							<enum name="crit_weapon_type" value="small_arms" />
																							<uniqueid name="id" value="1073745310" />
																							<enum name="crit_direction" value="front" />
																							<bool name="allow_overkill" value="False" />
																							<enum name="damage_type" value="True Damage" />
																							<bool name="ignore_shields" value="False" />
																						</template_reference>
																						<template_reference name="action" value="action\ledger_write_action">
																							<uniqueid name="id" value="1073745311" />
																							<string name="key" value="assault_marine_assault_leap_knocked_down" />
																							<enum name="operator" value="set" />
																							<float name="operand" value="1" />
																							<bool name="persistent" value="False" />
																							<string name="read_key_from_ledger_key" value="" />
																						</template_reference>
																						<template_reference name="action" value="action\fire_and_forget_action">
																							<uniqueid name="id" value="1073745312" />
																							<list name="fire_and_forget_actions">
																								<template_reference name="action" value="action\delay">
																									<float name="delay" value="0.5" />
																									<float name="delay_min" value="0.5" />
																									<bool name="progress_bar" value="False" />
																									<bool name="randomize" value="False" />
																									<list name="delayed_actions">
																										<template_reference name="action" value="action\ledger_write_action">
																											<uniqueid name="id" value="1073745313" />
																											<string name="key" value="assault_marine_assault_leap_knocked_down" />
																											<enum name="operator" value="set" />
																											<float name="operand" value="0" />
																											<bool name="persistent" value="False" />
																											<string name="read_key_from_ledger_key" value="" />
																										</template_reference>
																									</list>
																									<uniqueid name="id" value="1073745314" />
																									<bool name="can_prevent_refund" value="True" />
																								</template_reference>
																							</list>
																							<bool name="fire_if_any_can" value="True" />
																						</template_reference>
																					</list>
																					<uniqueid name="id" value="1073745315" />
																					<template_reference name="ui_help_text" value="tables\help_text_phrase">
																						<int name="phrase_order" value="0" />
																						<locstring name="phrase" value="0" />
																					</template_reference>
																					<template_reference name="behaviour_type" value="options\action\requirement_action\check_once_to_start_stop_when_requirements_fail">
																					</template_reference>
																				</template_reference>
																			</list>
																			<uniqueid name="id" value="1073745316" />
																			<bool name="any_subaction" value="True" />
																			<bool name="finish_with_subactions" value="True" />
																			<bool name="override_subactions_context" value="True" />
																			<int name="max_target_count" value="0" />
																			<bool name="ui_query" value="False" />
																			<template_reference name="area_over_time_option" value="options\none">
																			</template_reference>
																			<bool name="apply_only_once_ever" value="False" />
																			<list name="target_requirements">
																				<template_reference name="required" value="requirements\required_ownership">
																					<enum name="reason" value="usage" />
																					<locstring name="ui_name" value="0" />
																					<enum name="ownership_type" value="enemy" />
																				</template_reference>
																			</list>
																			<bool name="reset_target_count_every_tick" value="False" />
																		</template_reference>
																	</list>
																</group>
															</list>
															<bool name="progress_bar" value="False" />
														</template_reference>
														<template_reference name="action" value="action\ui_unit_modifier_action">
															<bool name="die_with_creator" value="False" />
															<template_reference name="ui_info" value="tables\ui_info">
																<locstring name="screen_name" value="11129198" />
																<locstring name="help_text" value="11129365" />
																<icon name="icon_name" value="Icons_common_states_defense" />
																<string name="hotkey_name" value="" />
															</template_reference>
															<uniqueid name="id" value="1073745317" />
														</template_reference>
													</list>
													<float name="wind_up_duration_seconds" value="0" />
													<float name="wind_down_duration_seconds" value="1" />
													<bool name="ui_highlight_units_under_path" value="False" />
													<group name="animator_keys">
														<string name="off" value="off" />
														<string name="on" value="on" />
														<string name="ability_instant_state" value="ability_instant_state" />
														<string name="ability_instant_id" value="ability_instant_id" />
														<string name="ability_instant_id_shoulder_check" value="7" />
														<string name="movement_state" value="movement_state" />
														<string name="movement_state_jump" value="jump" />
														<string name="movement_state_rush" value="rush" />
														<string name="movement_substate" value="movement_sub_state" />
														<string name="movement_substate_winddown" value="winddown" />
														<string name="movement_substate_windup" value="windup" />
														<string name="movement_substate_travel" value="inaction" />
														<string name="progress" value="movement_progress" />
														<string name="progress_winddown" value="movement_progress_auxiliary" />
														<string name="progress_windup" value="movement_progress_auxiliary" />
													</group>
													<float name="staggered_departure_time_seconds" value="0" />
													<float name="facing_angle" value="0" />
												</template_reference>
											</list>
											<bool name="clamp_to_direct_path" value="False" />
											<bool name="relative_offset" value="True" />
										</template_reference>
									</list>
									<enum name="change_target_type" value="self" />
									<uniqueid name="id" value="1073745318" />
									<bool name="validate_sub_actions" value="False" />
								</template_reference>
							</list>
							<bool name="reverse" value="False" />
							<enum name="direction_override_type" value="action_context" />
							<string name="read_direction_target_from_ledger_key" value="" />
						</template_reference>
					</list>
					<uniqueid name="id" value="1073745319" />
					<template_reference name="ui_help_text" value="tables\help_text_phrase">
						<int name="phrase_order" value="0" />
						<locstring name="phrase" value="0" />
					</template_reference>
					<template_reference name="behaviour_type" value="options\action\requirement_action\check_only_when_this_starts">
					</template_reference>
				</template_reference>
				<template_reference name="action" value="action\requirement_action">
					<bool name="check_self" value="False" />
					<bool name="validation_requires_requirements" value="False" />
					<bool name="validate_all_sub_actions" value="True" />
					<list name="requirement_table">
						<template_reference name="required" value="requirements\required_distance">
							<enum name="reason" value="usage" />
							<locstring name="ui_name" value="0" />
							<float name="distance" value="40" />
							<enum name="comparison" value="less_than_or_equal_to" />
							<bool name="is_3d" value="False" />
						</template_reference>
					</list>
					<list name="action_table">
						<template_reference name="action" value="action\move_action">
							<uniqueid name="id" value="1073745320" />
							<template_reference name="movement_style" value="options\action\move_action\movement_style_options\jump_through_air">
								<float name="jump_aggression" value="0.6" />
								<float name="jump_time_seconds" value="0" />
								<float name="jump_height_min" value="1" />
								<float name="jump_speed_min" value="29" />
								<float name="jump_height_max" value="3" />
								<float name="jump_speed_max" value="29" />
								<float name="jump_interp_distance_max" value="0" />
								<float name="jump_interp_distance_min" value="0" />
								<bool name="jump_backwards" value="False" />
							</template_reference>
							<bool name="stop_after_wind_down" value="True" />
							<float name="min_range" value="0" />
							<string name="progress_write_name" value="" />
							<string name="speed_write_name" value="" />
							<template_reference name="endpoint_option" value="options\action\move_action\endpoint_options\closest_open_endpoint">
								<float name="max_circle_search_distance" value="10" />
								<float name="max_distance_to_search_behind_target_first" value="0" />
							</template_reference>
							<list name="on_arrival_actions" comment="Explosion AOE at squad position when they land">
							</list>
							<list name="on_departure_actions" comment="While leaping towards the locaiton, assault marines will deal damage and knockback to all units they encounter.  There is a ledger that is applied to the unit that only allows this to occur once every second so as not to look bad.">
								<template_reference name="action" value="action\apply_modifiers_action">
									<float name="duration" value="0" />
									<bool name="permanent" value="False" />
									<list name="modifiers">
										<template_reference name="modifier" value="modifiers\entity_modifier">
											<enum name="application_type" value="apply_to_entity" />
											<bool name="exclusive" value="False" />
											<string name="modifier_id" value="" />
											<enum name="usage_type" value="enable" />
											<float name="value" value="-1" />
											<instance_reference name="tooltip" value="" />
											<enum name="type" value="enable_knock_back_modifier" />
											<instance_reference name="target_type_name" value="" />
										</template_reference>
										<template_reference name="modifier" value="modifiers\entity_modifier">
											<enum name="application_type" value="apply_to_entity" />
											<bool name="exclusive" value="False" />
											<string name="modifier_id" value="" />
											<enum name="usage_type" value="multiplication" />
											<float name="value" value="0.25" />
											<instance_reference name="tooltip" value="" />
											<enum name="type" value="received_damage_modifier" />
											<instance_reference name="target_type_name" value="" />
										</template_reference>
									</list>
									<uniqueid name="id" value="1073745321" />
								</template_reference>
								<template_reference name="action" value="action\interval_action">
									<float name="interval_second" value="0.125" />
									<uniqueid name="id" value="1073745322" />
									<list name="interval_subactions">
										<group name="interval_subaction_group">
											<float name="trigger_time_second" value="0" />
											<list name="actions">
												<template_reference name="action" value="action\target">
													<template_reference name="area_info" value="options\area_info_options\circle_area_option">
														<float name="outer_radius" value="3" />
														<float name="inner_radius" value="0" />
														<bool name="is_two_dimensional" value="True" />
														<enum name="dynamic_radius_type" value="fixed" />
													</template_reference>
													<bool name="die_with_creator" value="True" />
													<bool name="do_recalc_targets" value="False" />
													<float name="duration" value="0" />
													<bool name="entity_targets" value="True" />
													<instance_reference name="entity_types_to_choose" value="" />
													<bool name="stationary" value="True" />
													<enum name="unit_type" value="" />
													<list name="subactions">
														<template_reference name="action" value="action\requirement_action">
															<bool name="check_self" value="False" />
															<bool name="validation_requires_requirements" value="True" />
															<bool name="validate_all_sub_actions" value="True" />
															<list name="requirement_table">
																<template_reference name="required" value="requirements\required_ledger">
																	<locstring name="ui_name" value="0" />
																	<enum name="reason" value="usage" />
																	<string name="key" value="assault_marine_assault_leap_knocked_down" />
																	<float name="default_value" value="0" />
																	<float name="compare_to_value" value="0" />
																	<enum name="comparison" value="equal_to" />
																	<enum name="ledger_type" value="entity_ledger" />
																	<float name="ui_max_value" value="0" />
																	<float name="ui_min_value" value="0" />
																	<string name="read_key_from_ledger_key" value="" />
																</template_reference>
															</list>
															<list name="action_table">
																<template_reference name="action" value="action\damage">
																	<float name="damage" value="20" />
																	<bool name="percentage" value="False" />
																	<bool name="set" value="False" />
																	<bool name="cause_criticals" value="True" />
																	<enum name="crit_weapon_type" value="small_arms" />
																	<uniqueid name="id" value="1073745323" />
																	<enum name="crit_direction" value="front" />
																	<bool name="allow_overkill" value="False" />
																	<enum name="damage_type" value="True Damage" />
																	<bool name="ignore_shields" value="False" />
																</template_reference>
																<template_reference name="action" value="action\ledger_write_action">
																	<uniqueid name="id" value="1073745324" />
																	<string name="key" value="assault_marine_assault_leap_knocked_down" />
																	<enum name="operator" value="set" />
																	<float name="operand" value="1" />
																	<bool name="persistent" value="False" />
																	<string name="read_key_from_ledger_key" value="" />
																</template_reference>
																<template_reference name="action" value="action\fire_and_forget_action">
																	<uniqueid name="id" value="1073745325" />
																	<list name="fire_and_forget_actions">
																		<template_reference name="action" value="action\delay">
																			<float name="delay" value="0.5" />
																			<float name="delay_min" value="0.5" />
																			<bool name="progress_bar" value="False" />
																			<bool name="randomize" value="False" />
																			<list name="delayed_actions">
																				<template_reference name="action" value="action\ledger_write_action">
																					<uniqueid name="id" value="1073745326" />
																					<string name="key" value="assault_marine_assault_leap_knocked_down" />
																					<enum name="operator" value="set" />
																					<float name="operand" value="0" />
																					<bool name="persistent" value="False" />
																					<string name="read_key_from_ledger_key" value="" />
																				</template_reference>
																			</list>
																			<uniqueid name="id" value="1073745327" />
																			<bool name="can_prevent_refund" value="True" />
																		</template_reference>
																	</list>
																	<bool name="fire_if_any_can" value="True" />
																</template_reference>
															</list>
															<uniqueid name="id" value="1073745328" />
															<template_reference name="ui_help_text" value="tables\help_text_phrase">
																<int name="phrase_order" value="0" />
																<locstring name="phrase" value="0" />
															</template_reference>
															<template_reference name="behaviour_type" value="options\action\requirement_action\check_once_to_start_stop_when_requirements_fail">
															</template_reference>
														</template_reference>
													</list>
													<uniqueid name="id" value="1073745329" />
													<bool name="any_subaction" value="True" />
													<bool name="finish_with_subactions" value="True" />
													<bool name="override_subactions_context" value="True" />
													<int name="max_target_count" value="0" />
													<bool name="ui_query" value="False" />
													<template_reference name="area_over_time_option" value="options\none">
													</template_reference>
													<bool name="apply_only_once_ever" value="False" />
													<list name="target_requirements">
														<template_reference name="required" value="requirements\required_ownership">
															<enum name="reason" value="usage" />
															<locstring name="ui_name" value="0" />
															<enum name="ownership_type" value="enemy" />
														</template_reference>
													</list>
													<bool name="reset_target_count_every_tick" value="False" />
												</template_reference>
											</list>
										</group>
									</list>
									<bool name="progress_bar" value="False" />
								</template_reference>
								<template_reference name="action" value="action\ui_unit_modifier_action">
									<bool name="die_with_creator" value="False" />
									<template_reference name="ui_info" value="tables\ui_info">
										<locstring name="screen_name" value="11129198" />
										<locstring name="help_text" value="11129365" />
										<icon name="icon_name" value="Icons_common_states_defense" />
										<string name="hotkey_name" value="" />
									</template_reference>
									<uniqueid name="id" value="1073745330" />
								</template_reference>
							</list>
							<float name="wind_up_duration_seconds" value="0" />
							<float name="wind_down_duration_seconds" value="1" />
							<bool name="ui_highlight_units_under_path" value="False" />
							<group name="animator_keys">
								<string name="off" value="off" />
								<string name="on" value="on" />
								<string name="ability_instant_state" value="ability_instant_state" />
								<string name="ability_instant_id" value="ability_instant_id" />
								<string name="ability_instant_id_shoulder_check" value="7" />
								<string name="movement_state" value="movement_state" />
								<string name="movement_state_jump" value="jump" />
								<string name="movement_state_rush" value="rush" />
								<string name="movement_substate" value="movement_sub_state" />
								<string name="movement_substate_winddown" value="winddown" />
								<string name="movement_substate_windup" value="windup" />
								<string name="movement_substate_travel" value="inaction" />
								<string name="progress" value="movement_progress" />
								<string name="progress_winddown" value="movement_progress_auxiliary" />
								<string name="progress_windup" value="movement_progress_auxiliary" />
							</group>
							<float name="staggered_departure_time_seconds" value="0" />
							<float name="facing_angle" value="0" />
						</template_reference>
					</list>
					<uniqueid name="id" value="1073745331" />
					<template_reference name="ui_help_text" value="tables\help_text_phrase">
						<int name="phrase_order" value="0" />
						<locstring name="phrase" value="0" />
					</template_reference>
					<template_reference name="behaviour_type" value="options\action\requirement_action\check_only_when_this_starts">
					</template_reference>
				</template_reference>
			</list>
			<list name="abort_target_actions">
			</list>
			<list name="abort_self_actions">
			</list>
			<bool name="wait_until_abort_and_end_actions_finish" value="False" />
		</group>
		<enum name="activation" value="targeted" comment="Multi Cast - All units selected fire their ability at the targeted location" />
		<bool name="can_target_in_fow" value="True" />
		<float name="caster_close_in_distance" value="0" />
		<bool name="casters_can_evacuate" value="False" />
		<enum_table name="cost_to_player">
			<float name="action" value="0" />
			<float name="power" value="0" />
			<float name="requisition" value="0" />
			<float name="popcap" value="0" />
			<float name="command" value="0" />
			<float name="drop_pods" value="0" />
			<float name="feat" value="0" />
			<float name="gamma" value="0" />
		</enum_table>
		<string name="cursor_ghost_blueprint" value="" />
		<float name="cursor_ghost_blueprint_angle" value="0" />
		<bool name="disable_combat" value="False" />
		<bool name="disable_when_active" value="False" />
		<bool name="enable_in_building" value="False" />
		<bool name="enable_in_vehicle" value="False" />
		<bool name="engage_combat" value="False" />
		<float name="entity_busy_time" value="0" />
		<float name="facing_angle" value="1" />
		<bool name="facing_ignore" value="False" />
		<float name="final_close_in_distance" value="0" />
		<bool name="fire_and_forget" value="False" />
		<bool name="garrison_target" value="False" />
		<bool name="initial_recharge" value="False" />
		<bool name="move_back" value="False" />
		<float name="move_back_distance" value="10" />
		<float name="range" value="40" />
		<bool name="range_ignore" value="True" />
		<float name="recharge_time" value="60" />
		<bool name="refundable" value="False" />
		<bool name="require_no_shot_block" value="False" />
		<enum name="shared_timer" value="" />
		<bool name="shared_timer_player_wide" value="False" />
		<enum name="squad_caster" value="squad" />
		<enum name="target" value="tp_position" />
		<float name="toggled_recharge_time_off" value="0" />
		<float name="toggled_recharge_time_on" value="0" />
		<group name="ui_cursor">
			<string name="cursor_bad" value="modal_ability_cancel" />
			<string name="cursor_good" value="modal_attack" />
			<string name="cursor_nonmodal_good" value="" />
		</group>
		<group name="ui_info">
			<locstring name="extra_text" value="11114317" />
			<locstring name="help_text" value="11112420" />
			<string name="hotkey_name" value="W" />
			<icon name="icon_name" value="Icons_space_marines_abilities_assault_leap_doctrine_assault_marine" />
			<string name="overlay_name" value="" />
			<bool name="reveal_for_decryption" value="False" />
			<locstring name="screen_name" value="11112418" />
			<icon name="icon_alternate_name" value="" />
			<locstring name="brief_text" value="0" />
			<locstring name="help_text_alternate" value="0" />
			<locstring name="screen_name_alternate" value="0" />
			<locstring name="screen_name_short" value="0" />
			<enum name="ui_style" value="default" />
			<list name="nested_ui_info_source">
			</list>
			<list name="effect_attributes">
				<instance_reference name="ability_effect" value="ui_ability_effect\ability_effect_damage_normal" />
				<instance_reference name="ability_effect" value="ui_ability_effect\ability_effect_area_line" />
				<instance_reference name="ability_effect" value="ui_ability_effect\ability_effect_jump" />
			</list>
			<string name="info_video_url" value="" />
		</group>
		<locstring name="ui_usage_txt" value="0" />
		<bool name="validate_actions" value="False" />
		<list name="global_self_actions">
		</list>
		<list name="requirements">
		</list>
		<enum name="ability_super" value="tp_none" />
		<int name="ui_position" value="12" />
		<bool name="ui_mini_map_capture" value="True" />
		<bool name="facing_ignore_during_active" value="False" />
		<instance_reference name="ui_range" value="" />
		<instance_reference name="ui_reticule" value="ui_reticule\directional\direction_8_no_damage" />
		<float name="ui_reticule_radius_min" value="0" />
		<float name="ui_reticule_radius_max" value="100" />
		<enum name="pending_ability_out_of_range_behaviour" value="chase" />
		<enum name="ui_ability_group" value="group_primary" />
		<string name="ui_targetable_sm_key" value="" />
		<string name="ui_targetable_on_key" value="ui/animator_highlight_valid" />
		<string name="ui_targetable_off_key" value="ui/animator_highlight_off" />
		<enum name="ui_targetable_receiver" value="query_action" />
		<enum name="ui_combine_type" value="intersection" />
		<enum_table name="ui_modal_highlight">
			<bool name="world_sector" value="False" />
			<bool name="map_sector" value="False" />
			<bool name="map_sector_hq_link_extender" value="False" />
		</enum_table>
		<enum name="ui_group_cast_type" value="multi" />
		<list name="requirements_target">
		</list>
		<template_reference name="targeted_ability_option" value="options\none">
		</template_reference>
		<enum name="ui_direction_requirement" value="direction_to_target" />
		<instance_reference name="cursor_ghost_ebp" value="" />
		<bool name="can_cast_whilst_constructing" value="False" />
		<list name="requirements_self_recharge">
		</list>
		<bool name="can_cast_outside_active_battle_field" value="False" />
		<enum_table name="cost_to_squad">
			<float name="action" value="0" />
			<float name="power" value="0" />
			<float name="requisition" value="0" />
			<float name="popcap" value="0" />
			<float name="command" value="0" />
			<float name="drop_pods" value="0" />
			<float name="feat" value="0" />
			<float name="gamma" value="0" />
		</enum_table>
		<bool name="ability_super_event_cue" value="False" />
		<enum name="ui_progress_bar_type" value="auto_bar" />
		<group name="ability_tier">
			<list name="tiers">
			</list>
			<bool name="exclusive_tier_action" value="False" />
			<list name="passive_action_list">
			</list>
		</group>
		<enum name="ui_ability_issue_type" value="Normal" />
		<string name="speech_code" value="assaultmarine_jump" />
		<template_reference name="channeling" value="options\abilities\channeling_option">
			<float name="channeling_time_second" value="0" />
			<list name="channeling_stop_self_requirement">
			</list>
			<list name="channeling_stop_target_requirement">
			</list>
			<bool name="can_be_cancelled" value="False" />
		</template_reference>
		<bool name="can_be_interrupted" value="True" />
		<template_reference name="casting_option" value="options\none">
		</template_reference>
		<template_reference name="proxy_range_option" value="options\none">
		</template_reference>
		<instance_reference name="ability_category" value="" />
		<bool name="always_refund_cost_if_failed" value="False" />
		<instance_reference name="ui_menu" value="" />
		<int name="ui_combine_priority" value="0" />
		<bool name="ui_ignore_hide_spatial_abilities_option" value="False" />
	</group>
	<uniqueid name="pbgid" value="101874" />
</instance>