<instance description="" template="abilities">
	<group name="ability_bag">
		<group name="action_list">
			<list name="end_self_actions">
			</list>
			<list name="end_target_actions">
			</list>
			<list name="start_self_actions">
				<template_reference name="action" value="action\ledger_write_action">
					<uniqueid name="id" value="1073745374" />
					<string name="key" value="scout_mine_count" />
					<enum name="operator" value="add" />
					<float name="operand" value="-1" />
					<bool name="persistent" value="False" />
					<string name="read_key_from_ledger_key" value="" />
				</template_reference>
			</list>
			<list name="start_target_actions">
				<template_reference name="action" value="action\spawn_entity">
					<float name="duration" value="0" />
					<instance_reference name="entity_blueprint" value="ebps\races\space_marines\gameplay\spa_mine_scout" mod="a5fef7c6e07942ffb7483ef8065b8755" />
					<bool name="permanent" value="True" />
					<bool name="player_owned" value="True" />
					<uniqueid name="id" value="1073745375" />
					<template_reference name="spawn_attached_option" value="options\none">
					</template_reference>
					<list name="spawned_entity_actions">
					</list>
					<group name="offset">
						<float name="x" value="0" />
						<float name="y" value="0" />
						<float name="z" value="0" />
					</group>
					<bool name="offset_in_target_coord_system" value="False" />
					<bool name="spawn_at_target_height" value="False" />
					<bool name="force_construction" value="True" />
					<list name="target_requirements">
					</list>
				</template_reference>
				<template_reference name="action" value="action\speech_action">
					<uniqueid name="id" value="1073745376" />
					<list name="argument_overrides">
						<template_reference name="argument_override" value="speech_argument_override">
							<enum name="argument_name" value="ability_speech_code" />
							<string name="value" value="scout_mines" />
						</template_reference>
						<template_reference name="argument_override" value="speech_argument_override">
							<enum name="argument_name" value="ability_status" />
							<string name="value" value="complete" />
						</template_reference>
					</list>
					<template_reference name="speech_event" value="speech_event_squad_name">
						<enum name="speech_event_squad" value="ability" />
					</template_reference>
				</template_reference>
			</list>
			<list name="abort_target_actions">
			</list>
			<list name="abort_self_actions">
			</list>
			<bool name="wait_until_abort_and_end_actions_finish" value="False" />
		</group>
		<enum name="activation" value="targeted" comment="Single Cast - A single in a group of selected units fires their ability at the targeted location" />
		<bool name="can_target_in_fow" value="False" />
		<float name="caster_close_in_distance" value="0" />
		<bool name="casters_can_evacuate" value="False" />
		<string name="cursor_ghost_blueprint" value="" />
		<float name="cursor_ghost_blueprint_angle" value="0" />
		<bool name="disable_combat" value="True" />
		<bool name="disable_when_active" value="True" />
		<bool name="enable_in_building" value="False" />
		<bool name="enable_in_vehicle" value="False" />
		<bool name="engage_combat" value="False" />
		<float name="entity_busy_time" value="0" />
		<float name="facing_angle" value="15" />
		<bool name="facing_ignore" value="False" />
		<float name="final_close_in_distance" value="0" />
		<bool name="fire_and_forget" value="False" />
		<bool name="garrison_target" value="False" />
		<bool name="initial_recharge" value="False" />
		<bool name="move_back" value="False" />
		<float name="move_back_distance" value="10" />
		<float name="range" value="4" comment="Make sure to change the range of the weapon so that it matches this value." />
		<bool name="range_ignore" value="False" />
		<float name="recharge_time" value="50" />
		<bool name="refundable" value="False" />
		<bool name="require_no_shot_block" value="False" />
		<enum name="shared_timer" value="" />
		<bool name="shared_timer_player_wide" value="False" />
		<enum name="squad_caster" value="squad" />
		<enum name="target" value="tp_position" />
		<float name="toggled_recharge_time_off" value="0" />
		<float name="toggled_recharge_time_on" value="0" />
		<group name="ui_cursor">
			<string name="cursor_bad" value="modal_ability_cancel" />
			<string name="cursor_good" value="modal_attack" />
			<string name="cursor_nonmodal_good" value="" />
		</group>
		<group name="ui_info">
			<locstring name="extra_text" value="11129433" />
			<locstring name="help_text" value="11119055" />
			<string name="hotkey_name" value="W" />
			<icon name="icon_name" value="Icons_space_marines_buildings_mines" />
			<string name="overlay_name" value="" />
			<bool name="reveal_for_decryption" value="False" />
			<locstring name="screen_name" value="11119056" />
			<icon name="icon_alternate_name" value="" />
			<locstring name="brief_text" value="0" />
			<locstring name="help_text_alternate" value="0" />
			<locstring name="screen_name_alternate" value="0" />
			<locstring name="screen_name_short" value="0" />
			<enum name="ui_style" value="default" />
			<list name="nested_ui_info_source">
			</list>
			<list name="effect_attributes">
				<instance_reference name="ability_effect" value="ui_ability_effect\ability_effect_damage_ap" />
				<instance_reference name="ability_effect" value="ui_ability_effect\ability_effect_area_circle" />
			</list>
			<string name="info_video_url" value="" />
		</group>
		<locstring name="ui_usage_txt" value="0" />
		<bool name="validate_actions" value="True" />
		<list name="global_self_actions">
		</list>
		<list name="requirements">
			<template_reference name="required" value="requirements\required_ledger">
				<locstring name="ui_name" value="11119059" />
				<enum name="reason" value="usage" />
				<string name="key" value="scout_mine_count" />
				<float name="default_value" value="0" />
				<float name="compare_to_value" value="1" />
				<enum name="comparison" value="greater_than_or_equal_to" />
				<enum name="ledger_type" value="squad_ledger" />
				<float name="ui_max_value" value="0" />
				<float name="ui_min_value" value="0" />
				<string name="read_key_from_ledger_key" value="" />
			</template_reference>
			<template_reference name="required" value="requirements\required_player_upgrade">
				<enum name="reason" value="usage" />
				<locstring name="ui_name" value="11119061" />
				<bool name="is_present" value="True" />
				<int name="max_completed" value="100" />
				<int name="min_completed" value="1" />
				<instance_reference name="upgrade_name" value="upgrade\races\space_marines\global_abilities\spa_scout_mines" mod="a5fef7c6e07942ffb7483ef8065b8755" />
				<bool name="include_queued" value="False" />
			</template_reference>
		</list>
		<enum name="ability_super" value="tp_none" />
		<int name="ui_position" value="12" />
		<bool name="ui_mini_map_capture" value="False" />
		<bool name="facing_ignore_during_active" value="False" />
		<instance_reference name="ui_range" value="ui_reticule\ability_range_default_marines" />
		<instance_reference name="ui_reticule" value="ui_reticule\circle\ability_red_standard" />
		<float name="ui_reticule_radius_min" value="5" />
		<float name="ui_reticule_radius_max" value="5" />
		<enum name="pending_ability_out_of_range_behaviour" value="chase" />
		<enum name="ui_ability_group" value="group_primary" />
		<string name="ui_targetable_sm_key" value="" />
		<string name="ui_targetable_on_key" value="" />
		<string name="ui_targetable_off_key" value="" />
		<enum name="ui_targetable_receiver" value="local" />
		<enum name="ui_combine_type" value="intersection" />
		<enum_table name="ui_modal_highlight">
			<bool name="world_sector" value="False" />
			<bool name="map_sector" value="False" />
			<bool name="map_sector_hq_link_extender" value="False" />
		</enum_table>
		<enum name="ui_group_cast_type" value="single" />
		<list name="requirements_target">
		</list>
		<template_reference name="targeted_ability_option" value="options\none">
		</template_reference>
		<enum name="ui_direction_requirement" value="nondirectional" />
		<instance_reference name="cursor_ghost_ebp" value="ebps\races\space_marines\gameplay\spa_mine_scout" mod="a5fef7c6e07942ffb7483ef8065b8755" />
		<bool name="can_cast_whilst_constructing" value="False" />
		<list name="requirements_self_recharge">
		</list>
		<bool name="can_cast_outside_active_battle_field" value="False" />
		<enum_table name="cost_to_squad">
			<float name="action" value="0" />
			<float name="power" value="0" />
			<float name="requisition" value="0" />
			<float name="popcap" value="0" />
			<float name="command" value="0" />
			<float name="drop_pods" value="0" />
			<float name="feat" value="0" />
			<float name="gamma" value="0" />
		</enum_table>
		<enum_table name="cost_to_player">
			<float name="action" value="0" />
			<float name="power" value="0" />
			<float name="requisition" value="50" />
			<float name="popcap" value="0" />
			<float name="command" value="0" />
			<float name="drop_pods" value="0" />
			<float name="feat" value="0" />
			<float name="gamma" value="0" />
		</enum_table>
		<bool name="ability_super_event_cue" value="False" />
		<enum name="ui_progress_bar_type" value="auto_bar" />
		<group name="ability_tier">
			<list name="tiers">
				<group name="tier">
					<list name="on_ability_activate_action_list">
					</list>
					<list name="passive_action_list">
						<template_reference name="action" value="action\ui_unit_modifier_action">
							<bool name="die_with_creator" value="False" />
							<template_reference name="ui_info" value="tables\ui_info">
								<locstring name="screen_name" value="0" />
								<locstring name="help_text" value="0" />
								<icon name="icon_name" value="Icons_common_states_pip_1" />
								<string name="hotkey_name" value="" />
							</template_reference>
							<uniqueid name="id" value="1073745377" />
						</template_reference>
					</list>
					<list name="self_requirements">
						<template_reference name="required" value="requirements\required_ledger">
							<locstring name="ui_name" value="0" />
							<enum name="reason" value="usage" />
							<string name="key" value="scout_mine_count" />
							<float name="default_value" value="0" />
							<float name="compare_to_value" value="1" />
							<enum name="comparison" value="greater_than_or_equal_to" />
							<enum name="ledger_type" value="squad_ledger" />
							<float name="ui_max_value" value="1" />
							<float name="ui_min_value" value="0" />
							<string name="read_key_from_ledger_key" value="" />
						</template_reference>
						<template_reference name="required" value="requirements\required_player_upgrade">
							<enum name="reason" value="usage" />
							<locstring name="ui_name" value="11119061" />
							<bool name="is_present" value="True" />
							<int name="max_completed" value="100" />
							<int name="min_completed" value="1" />
							<instance_reference name="upgrade_name" value="upgrade\races\space_marines\global_abilities\spa_scout_mines" mod="a5fef7c6e07942ffb7483ef8065b8755" />
							<bool name="include_queued" value="False" />
						</template_reference>
					</list>
				</group>
				<group name="tier">
					<list name="on_ability_activate_action_list">
					</list>
					<list name="passive_action_list">
						<template_reference name="action" value="action\ui_unit_modifier_action">
							<bool name="die_with_creator" value="False" />
							<template_reference name="ui_info" value="tables\ui_info">
								<locstring name="screen_name" value="0" />
								<locstring name="help_text" value="0" />
								<icon name="icon_name" value="Icons_common_states_pip_2" />
								<string name="hotkey_name" value="" />
							</template_reference>
							<uniqueid name="id" value="1073745378" />
						</template_reference>
					</list>
					<list name="self_requirements">
						<template_reference name="required" value="requirements\required_ledger">
							<locstring name="ui_name" value="0" />
							<enum name="reason" value="usage" />
							<string name="key" value="scout_mine_count" />
							<float name="default_value" value="0" />
							<float name="compare_to_value" value="2" />
							<enum name="comparison" value="greater_than_or_equal_to" />
							<enum name="ledger_type" value="squad_ledger" />
							<float name="ui_max_value" value="2" />
							<float name="ui_min_value" value="1" />
							<string name="read_key_from_ledger_key" value="" />
						</template_reference>
						<template_reference name="required" value="requirements\required_player_upgrade">
							<enum name="reason" value="usage" />
							<locstring name="ui_name" value="11119061" />
							<bool name="is_present" value="True" />
							<int name="max_completed" value="100" />
							<int name="min_completed" value="1" />
							<instance_reference name="upgrade_name" value="upgrade\races\space_marines\global_abilities\spa_scout_mines" mod="a5fef7c6e07942ffb7483ef8065b8755" />
							<bool name="include_queued" value="False" />
						</template_reference>
					</list>
				</group>
				<group name="tier">
					<list name="on_ability_activate_action_list">
					</list>
					<list name="passive_action_list">
						<template_reference name="action" value="action\ui_unit_modifier_action">
							<bool name="die_with_creator" value="False" />
							<template_reference name="ui_info" value="tables\ui_info">
								<locstring name="screen_name" value="0" />
								<locstring name="help_text" value="0" />
								<icon name="icon_name" value="Icons_common_states_pip_3" />
								<string name="hotkey_name" value="" />
							</template_reference>
							<uniqueid name="id" value="1073745379" />
						</template_reference>
					</list>
					<list name="self_requirements">
						<template_reference name="required" value="requirements\required_ledger">
							<locstring name="ui_name" value="0" />
							<enum name="reason" value="usage" />
							<string name="key" value="scout_mine_count" />
							<float name="default_value" value="0" />
							<float name="compare_to_value" value="3" />
							<enum name="comparison" value="greater_than_or_equal_to" />
							<enum name="ledger_type" value="squad_ledger" />
							<float name="ui_max_value" value="3" />
							<float name="ui_min_value" value="2" />
							<string name="read_key_from_ledger_key" value="" />
						</template_reference>
						<template_reference name="required" value="requirements\required_player_upgrade">
							<enum name="reason" value="usage" />
							<locstring name="ui_name" value="11119061" />
							<bool name="is_present" value="True" />
							<int name="max_completed" value="100" />
							<int name="min_completed" value="1" />
							<instance_reference name="upgrade_name" value="upgrade\races\space_marines\global_abilities\spa_scout_mines" mod="a5fef7c6e07942ffb7483ef8065b8755" />
							<bool name="include_queued" value="False" />
						</template_reference>
					</list>
				</group>
			</list>
			<bool name="exclusive_tier_action" value="True" />
			<list name="passive_action_list">
				<template_reference name="action" value="action\ledger_write_action">
					<uniqueid name="id" value="1073745380" />
					<string name="key" value="scout_mine_count" />
					<enum name="operator" value="set" />
					<float name="operand" value="6" />
					<bool name="persistent" value="False" />
					<string name="read_key_from_ledger_key" value="" />
				</template_reference>
			</list>
		</group>
		<enum name="ui_ability_issue_type" value="Normal" />
		<string name="speech_code" value="scout_mines" />
		<template_reference name="channeling" value="options\none">
		</template_reference>
		<bool name="can_be_interrupted" value="True" />
		<template_reference name="casting_option" value="options\abilities\casting_ability_option">
			<float name="cast_time" value="2" />
			<bool name="keep_casting_actions_when_channeling" value="True" />
			<list name="self_actions">
			</list>
			<list name="target_actions">
				<template_reference name="action" value="action\speech_action">
					<uniqueid name="id" value="1073745381" />
					<list name="argument_overrides">
						<template_reference name="argument_override" value="speech_argument_override">
							<enum name="argument_name" value="ability_speech_code" />
							<string name="value" value="scout_mines" />
						</template_reference>
						<template_reference name="argument_override" value="speech_argument_override">
							<enum name="argument_name" value="ability_status" />
							<string name="value" value="started" />
						</template_reference>
					</list>
					<template_reference name="speech_event" value="speech_event_squad_name">
						<enum name="speech_event_squad" value="ability" />
					</template_reference>
				</template_reference>
			</list>
			<bool name="issue_stop_order" value="True" />
			<group name="casting_stop_requirement_overrides">
				<bool name="enable_overrides" value="False" />
				<list name="stop_self_requirements">
				</list>
				<list name="stop_target_requirements">
				</list>
			</group>
			<list name="abort_self_actions">
			</list>
			<list name="abort_target_actions">
			</list>
		</template_reference>
		<template_reference name="proxy_range_option" value="options\none">
		</template_reference>
		<instance_reference name="ability_category" value="" />
		<bool name="always_refund_cost_if_failed" value="False" />
		<instance_reference name="ui_menu" value="" />
		<int name="ui_combine_priority" value="0" />
		<bool name="ui_ignore_hide_spatial_abilities_option" value="False" />
	</group>
	<uniqueid name="pbgid" value="106647" />
</instance>