<instance description="A health shield that ork trukks get from looting" template="shield">
	<uniqueid name="pbgid" value="98542" />
	<group name="shield_bag">
		<list name="while_shielded_actions">
		</list>
		<list name="shield_break_actions">
			<template_reference name="action" value="action\debug_action">
				<template_reference name="debug_sub_action" value="debug_sub_actions\text_in_world">
					<string name="text" value="SHIELD BROKEN!" />
					<colour name="colour" value="4278255360" />
					<float name="duration" value="5" />
					<bool name="use_fow" value="False" />
				</template_reference>
				<uniqueid name="id" value="1073746208" />
			</template_reference>
			<template_reference name="action" value="action\upgrade_remove">
				<bool name="apply_to_entities_in_squad" value="False" />
				<instance_reference name="upgrade" value="upgrade\races\orks\line_units\trukk\ork_health_shield_trukk" mod="a5fef7c6e07942ffb7483ef8065b8755" />
				<uniqueid name="id" value="1073746209" />
			</template_reference>
		</list>
		<list name="self_on_hit_actions">
		</list>
		<list name="attacker_on_hit_actions">
		</list>
		<float name="shield_regen_per_second" value="0" />
		<float name="health" value="400" />
		<instance_reference name="hit_material" value="hit_material\orkshield" />
		<list name="while_not_shielded_actions">
		</list>
		<int name="priority" value="2" />
		<template_reference name="deflection_option" value="options\none">
		</template_reference>
	</group>
</instance>