<instance description="" template="upgrade">
	<group name="upgrade_bag">
		<bool name="enable_in_hold" value="False" />
		<float name="global_max_limit" value="1" />
		<bool name="has_speech_code" value="False" />
		<float name="local_max_limit" value="0" />
		<enum name="owner_type" value="player" />
		<group name="time_cost">
			<enum_table name="cost">
				<float name="action" value="0" />
				<float name="power" value="225" />
				<float name="requisition" value="225" />
				<float name="popcap" value="0" />
				<float name="command" value="0" />
				<float name="drop_pods" value="0" />
				<float name="feat" value="0" />
				<float name="gamma" value="0" />
			</enum_table>
			<float name="time_seconds" value="75" />
		</group>
		<bool name="ui_event_cue" value="True" />
		<enum name="ui_production_group" value="command_panel" />
		<int name="ui_position" value="14" />
		<group name="ui_info">
			<locstring name="extra_text" value="11128302" />
			<locstring name="help_text" value="11128303" />
			<string name="hotkey_name" value="R" />
			<icon name="icon_name" value="Icons_common_resources_resource_refund_3" />
			<bool name="reveal_for_decryption" value="False" />
			<locstring name="screen_name" value="11098197" />
			<locstring name="brief_text" value="0" />
			<locstring name="screen_name_short" value="0" />
			<enum name="ui_style" value="default" />
			<bool name="nests" value="False" />
		</group>
		<bool name="validate_actions" value="False" />
		<list name="actions">
			<template_reference name="action" value="action\requirement_action">
				<bool name="check_self" value="False" />
				<bool name="validation_requires_requirements" value="False" />
				<bool name="validate_all_sub_actions" value="True" />
				<list name="requirement_table">
					<template_reference name="required" value="requirements\required_ledger">
						<locstring name="ui_name" value="0" />
						<enum name="reason" value="usage" />
						<string name="key" value="tier_3" />
						<float name="default_value" value="0" />
						<float name="compare_to_value" value="0" />
						<enum name="comparison" value="less_than_or_equal_to" />
						<enum name="ledger_type" value="player_ledger" />
						<float name="ui_max_value" value="0" />
						<float name="ui_min_value" value="0" />
						<string name="read_key_from_ledger_key" value="" />
					</template_reference>
				</list>
				<list name="action_table">
					<template_reference name="action" value="action\player_target_action">
						<bool name="allies" value="True" />
						<bool name="enemies" value="False" />
						<bool name="neutral" value="False" />
						<bool name="self" value="True" />
						<list name="subactions">
							<template_reference name="action" value="action\ledger_write_action">
								<uniqueid name="id" value="1073742740" />
								<string name="key" value="tier_3" />
								<enum name="operator" value="set" />
								<float name="operand" value="1" />
								<bool name="persistent" value="False" />
								<string name="read_key_from_ledger_key" value="" />
							</template_reference>
						</list>
						<uniqueid name="id" value="1073742741" />
						<bool name="player_target" value="True" />
					</template_reference>
				</list>
				<uniqueid name="id" value="1073742742" />
				<template_reference name="ui_help_text" value="tables\help_text_phrase">
					<int name="phrase_order" value="0" />
					<locstring name="phrase" value="0" />
				</template_reference>
				<template_reference name="behaviour_type" value="options\action\requirement_action\wait_until_requirements_pass_to_start_wait_again_when_requirements_fail">
				</template_reference>
			</template_reference>
			<template_reference name="action" value="action\filter_action">
				<bool name="apply_to_future_units" value="True" />
				<bool name="apply_to_source_player_only" value="True" />
				<list name="action_table">
					<template_reference name="action" value="action\apply_modifiers_action">
						<float name="duration" value="0" />
						<bool name="permanent" value="True" />
						<list name="modifiers">
							<template_reference name="modifier" value="modifiers\entity_modifier">
								<enum name="type" value="health_maximum_modifier" />
								<enum name="application_type" value="apply_to_entity" />
								<enum name="usage_type" value="addition" />
								<float name="value" value="750" />
								<instance_reference name="tooltip" value="" />
								<bool name="exclusive" value="False" />
								<string name="modifier_id" value="" />
								<instance_reference name="target_type_name" value="" />
							</template_reference>
						</list>
						<uniqueid name="id" value="1073745482" />
					</template_reference>
				</list>
				<list name="target_requirements">
					<template_reference name="required" value="requirements\required_unit_type">
						<enum name="reason" value="usage" />
						<locstring name="ui_name" value="0" />
						<enum name="unit_type" value="hq" />
						<template_reference name="qualify_option" value="options\none">
						</template_reference>
						<bool name="search_load_out" value="False" />
					</template_reference>
				</list>
				<bool name="target_squad" value="False" />
				<uniqueid name="id" value="1073745483" />
			</template_reference>
		</list>
		<list name="requirements">
			<template_reference name="required" value="requirements\required_player_upgrade">
				<enum name="reason" value="usage_and_display" />
				<locstring name="ui_name" value="0" />
				<bool name="is_present" value="True" />
				<int name="max_completed" value="100" />
				<int name="min_completed" value="1" />
				<instance_reference name="upgrade_name" value="upgrade\races\space_marines\spa_hq_tier_2" mod="a5fef7c6e07942ffb7483ef8065b8755" />
				<bool name="include_queued" value="False" />
			</template_reference>
			<template_reference name="required" value="requirements\required_ledger">
				<locstring name="ui_name" value="0" />
				<enum name="reason" value="usage_and_display" />
				<string name="key" value="cheat_menu_open" />
				<float name="default_value" value="0" />
				<float name="compare_to_value" value="0" />
				<enum name="comparison" value="equal_to" />
				<enum name="ledger_type" value="player_ledger" />
				<float name="ui_max_value" value="0" />
				<float name="ui_min_value" value="0" />
				<string name="read_key_from_ledger_key" value="" />
			</template_reference>
			<template_reference name="required" value="requirements\required_player_upgrade">
				<enum name="reason" value="usage" />
				<locstring name="ui_name" value="274" mod="a5fef7c6e07942ffb7483ef8065b8755" />
				<bool name="is_present" value="False" />
				<int name="max_completed" value="100" />
				<int name="min_completed" value="1" />
				<instance_reference name="upgrade_name" value="upgrade\races\space_marines\spa_hq_tier_3" mod="a5fef7c6e07942ffb7483ef8065b8755" />
				<bool name="include_queued" value="False" />
			</template_reference>
			<template_reference name="required" value="requirements\required_structure">
				<enum name="reason" value="usage" />
				<locstring name="ui_name" value="0" />
				<instance_reference name="structure_name" value="ebps\races\space_marines\structures\spa_machine_cult" mod="a5fef7c6e07942ffb7483ef8065b8755" />
				<int name="required_structure_count" value="1" />
				<bool name="check_team" value="False" />
				<bool name="require_construction_complete" value="True" />
			</template_reference>
		</list>
		<icon name="ui_kicker_icon_name" value="" />
		<locstring name="ui_squad_name_override" value="0" />
		<locstring name="ui_squad_help_text_override" value="0" />
		<locstring name="ui_squad_extra_text_override" value="0" />
		<list name="ui_preview">
			<group name="ui_preview">
				<locstring name="brief_text" value="0" />
				<icon name="icon_name" value="Icons_space_marines_portraits_line_predator_annihilator" />
				<locstring name="screen_name" value="0" />
			</group>
			<group name="ui_preview">
				<locstring name="brief_text" value="0" />
				<icon name="icon_name" value="Icons_space_marines_portraits_line_predator_destructor" />
				<locstring name="screen_name" value="0" />
			</group>
			<group name="ui_preview">
				<locstring name="brief_text" value="0" />
				<icon name="icon_name" value="Icons_space_marines_upgrades_drop_pod_unlock" />
				<locstring name="screen_name" value="11129443" />
			</group>
		</list>
		<string name="speech_code" value="spacemarine_tier3" />
		<list name="on_cancel_actions">
		</list>
		<list name="on_begin_actions">
		</list>
		<icon name="ui_squad_portrait_icon_override" value="" />
	</group>
	<uniqueid name="pbgid" value="98004" />
</instance>