<instance description="" template="shield">
	<uniqueid name="pbgid" value="1073741823" />
	<group name="shield_bag">
		<list name="while_shielded_actions">
		</list>
		<list name="shield_break_actions">
		</list>
		<list name="self_on_hit_actions">
		</list>
		<list name="attacker_on_hit_actions">
		</list>
		<float name="shield_regen_per_second" value="8" />
		<float name="health" value="1000" />
		<instance_reference name="hit_material" value="hit_material\ionshield" />
		<list name="while_not_shielded_actions">
		</list>
		<int name="priority" value="0" />
		<template_reference name="deflection_option" value="options\none">
		</template_reference>
	</group>
</instance>