<instance description="" template="aura">
	<group name="aura_bag">
		<list name="actions">
			<template_reference name="action" value="action\requirement_action">
				<bool name="check_self" value="False" />
				<bool name="validation_requires_requirements" value="False" />
				<bool name="validate_all_sub_actions" value="False" />
				<list name="requirement_table">
					<template_reference name="required" value="requirements\required_unit_type">
						<enum name="reason" value="usage" />
						<locstring name="ui_name" value="0" />
						<enum name="unit_type" value="infantry" />
						<template_reference name="qualify_option" value="options\none">
						</template_reference>
						<bool name="search_load_out" value="False" />
					</template_reference>
					<template_reference name="required" value="requirements\required_slot_item">
						<enum name="reason" value="usage" />
						<locstring name="ui_name" value="0" />
						<bool name="check_item_on_entity" value="False" />
						<bool name="display_requirement" value="True" />
						<float name="max_owned" value="1" />
						<float name="min_owned" value="0" />
						<instance_reference name="slot_item" value="slot_item\common\healing_hq" mod="a5fef7c6e07942ffb7483ef8065b8755" />
					</template_reference>
				</list>
				<list name="action_table">
					<template_reference name="action" value="action\slot_item_add">
						<instance_reference name="slot_item" value="slot_item\common\healing_hq" mod="a5fef7c6e07942ffb7483ef8065b8755" />
						<bool name="permanent" value="False" />
						<uniqueid name="id" value="1073743222" />
					</template_reference>
				</list>
				<uniqueid name="id" value="1073743223" />
				<template_reference name="ui_help_text" value="tables\help_text_phrase">
					<int name="phrase_order" value="0" />
					<locstring name="phrase" value="0" />
				</template_reference>
				<template_reference name="behaviour_type" value="options\action\requirement_action\wait_until_requirements_pass_to_start_wait_again_when_requirements_fail">
				</template_reference>
			</template_reference>
		</list>
		<bool name="affects_squads" value="True" />
	</group>
	<uniqueid name="pbgid" value="98637" />
</instance>