<instance description="Repair ability for Gretchin" template="abilities">
	<group name="ability_bag">
		<group name="action_list">
			<list name="end_self_actions">
			</list>
			<list name="end_target_actions">
				<template_reference name="action" value="action\requirement_action">
					<bool name="check_self" value="False" />
					<bool name="validation_requires_requirements" value="False" />
					<bool name="validate_all_sub_actions" value="True" />
					<list name="requirement_table">
						<template_reference name="required" value="requirements\required_health">
							<float name="health_range_min_percentage" value="1" />
							<float name="health_range_max_percentage" value="1" />
							<locstring name="ui_name" value="0" />
							<enum name="reason" value="usage" />
							<bool name="include_shields" value="False" />
						</template_reference>
					</list>
					<list name="action_table">
						<template_reference name="action" value="action\speech_action">
							<uniqueid name="id" value="1073745493" />
							<list name="argument_overrides">
								<template_reference name="argument_override" value="speech_argument_override">
									<enum name="argument_name" value="ability_status" />
									<string name="value" value="complete" />
								</template_reference>
								<template_reference name="argument_override" value="speech_argument_override">
									<enum name="argument_name" value="ability_speech_code" />
									<string name="value" value="servitor_repair" />
								</template_reference>
							</list>
							<template_reference name="speech_event" value="speech_event_squad_name">
								<enum name="speech_event_squad" value="ability" />
							</template_reference>
						</template_reference>
					</list>
					<uniqueid name="id" value="1073745494" />
					<template_reference name="ui_help_text" value="tables\help_text_phrase">
						<int name="phrase_order" value="0" />
						<locstring name="phrase" value="0" />
					</template_reference>
					<template_reference name="behaviour_type" value="options\action\requirement_action\check_only_when_this_starts">
					</template_reference>
				</template_reference>
			</list>
			<list name="start_self_actions">
				<template_reference name="action" value="action\requirement_action">
					<bool name="check_self" value="False" />
					<bool name="validation_requires_requirements" value="False" />
					<bool name="validate_all_sub_actions" value="True" />
					<list name="requirement_table">
						<template_reference name="required" value="requirements\required_in_state">
							<enum name="reason" value="usage" />
							<locstring name="ui_name" value="0" />
							<float name="was_attacked_within_seconds" value="-1" />
							<list name="check_states">
								<enum name="state_requirement_type" value="not_moving" />
							</list>
							<float name="was_attacking_within_seconds" value="-1" />
						</template_reference>
					</list>
					<list name="action_table">
						<template_reference name="action" value="action\delay">
							<float name="delay" value="0.5" />
							<float name="delay_min" value="0" />
							<bool name="progress_bar" value="False" />
							<bool name="randomize" value="False" />
							<list name="delayed_actions">
								<template_reference name="action" value="action\animator_set_state">
									<bool name="apply_to_leader_only" value="False" />
									<string name="do_action_state_name" value="on" />
									<bool name="retrigger" value="False" />
									<string name="state_machine_name" value="ability_repair_self_state" />
									<string name="undo_action_state_name" value="off" />
									<uniqueid name="id" value="1073745495" />
								</template_reference>
							</list>
							<uniqueid name="id" value="1073745496" />
							<bool name="can_prevent_refund" value="True" />
						</template_reference>
					</list>
					<uniqueid name="id" value="1073745497" />
					<template_reference name="ui_help_text" value="tables\help_text_phrase">
						<int name="phrase_order" value="0" />
						<locstring name="phrase" value="0" />
					</template_reference>
					<template_reference name="behaviour_type" value="options\action\requirement_action\wait_until_requirements_pass_to_start_wait_again_when_requirements_fail">
					</template_reference>
				</template_reference>
			</list>
			<list name="start_target_actions">
				<template_reference name="action" value="action\requirement_action">
					<bool name="check_self" value="False" />
					<bool name="validation_requires_requirements" value="True" />
					<bool name="validate_all_sub_actions" value="True" />
					<list name="requirement_table">
						<template_reference name="required" value="requirements\required_in_state">
							<enum name="reason" value="usage" />
							<locstring name="ui_name" value="0" />
							<float name="was_attacked_within_seconds" value="-1" />
							<list name="check_states">
								<enum name="state_requirement_type" value="injured" />
							</list>
							<float name="was_attacking_within_seconds" value="-1" />
						</template_reference>
					</list>
					<list name="action_table">
						<template_reference name="action" value="action\requirement_action">
							<bool name="check_self" value="True" />
							<bool name="validation_requires_requirements" value="False" />
							<bool name="validate_all_sub_actions" value="True" />
							<list name="requirement_table">
								<template_reference name="required" value="requirements\required_in_state">
									<enum name="reason" value="usage" />
									<locstring name="ui_name" value="0" />
									<float name="was_attacked_within_seconds" value="-1" />
									<list name="check_states">
										<enum name="state_requirement_type" value="not_moving" />
									</list>
									<float name="was_attacking_within_seconds" value="-1" />
								</template_reference>
							</list>
							<list name="action_table">
								<template_reference name="action" value="action\delay">
									<float name="delay" value="1" />
									<float name="delay_min" value="0" />
									<bool name="progress_bar" value="False" />
									<bool name="randomize" value="False" />
									<list name="delayed_actions">
										<template_reference name="action" value="action\requirement_action">
											<bool name="check_self" value="False" />
											<bool name="validation_requires_requirements" value="False" />
											<bool name="validate_all_sub_actions" value="True" />
											<list name="requirement_table">
												<template_reference name="required" value="requirements\required_in_state">
													<enum name="reason" value="usage" />
													<locstring name="ui_name" value="0" />
													<float name="was_attacked_within_seconds" value="-1" />
													<list name="check_states">
														<enum name="state_requirement_type" value="not_moving" />
													</list>
													<float name="was_attacking_within_seconds" value="-1" />
												</template_reference>
											</list>
											<list name="action_table">
												<template_reference name="action" value="action\animator_set_state">
													<bool name="apply_to_leader_only" value="False" />
													<string name="do_action_state_name" value="on" />
													<bool name="retrigger" value="False" />
													<string name="state_machine_name" value="ability_repair_other_state" />
													<string name="undo_action_state_name" value="off" />
													<uniqueid name="id" value="1073745498" />
												</template_reference>
												<template_reference name="action" value="action\animator_set_state">
													<bool name="apply_to_leader_only" value="False" />
													<string name="do_action_state_name" value="on" />
													<bool name="retrigger" value="False" />
													<string name="state_machine_name" value="ability_repair_state" />
													<string name="undo_action_state_name" value="off" />
													<uniqueid name="id" value="1073745499" />
												</template_reference>
												<template_reference name="action" value="action\heal_action">
													<float name="amount_over_time" value="15" />
													<uniqueid name="id" value="1073745500" />
													<float name="amount_immediate" value="0" />
													<enum name="heal_type" value="raw_hp_with_overheal" />
													<list name="target_requirements">
														<template_reference name="required" value="requirements\required_ownership">
															<enum name="reason" value="usage" />
															<locstring name="ui_name" value="0" />
															<enum name="ownership_type" value="ally" />
														</template_reference>
													</list>
													<instance_reference name="optional_shield_pbg" value="" />
												</template_reference>
											</list>
											<uniqueid name="id" value="1073745501" />
											<template_reference name="ui_help_text" value="tables\help_text_phrase">
												<int name="phrase_order" value="0" />
												<locstring name="phrase" value="0" />
											</template_reference>
											<template_reference name="behaviour_type" value="options\action\requirement_action\wait_until_requirements_pass_to_start_wait_again_when_requirements_fail">
											</template_reference>
										</template_reference>
									</list>
									<uniqueid name="id" value="1073745502" />
									<bool name="can_prevent_refund" value="True" />
								</template_reference>
							</list>
							<uniqueid name="id" value="1073745503" />
							<template_reference name="ui_help_text" value="tables\help_text_phrase">
								<int name="phrase_order" value="0" />
								<locstring name="phrase" value="0" />
							</template_reference>
							<template_reference name="behaviour_type" value="options\action\requirement_action\wait_until_requirements_pass_to_start_wait_again_when_requirements_fail">
							</template_reference>
						</template_reference>
					</list>
					<uniqueid name="id" value="1073745504" />
					<template_reference name="ui_help_text" value="tables\help_text_phrase">
						<int name="phrase_order" value="0" />
						<locstring name="phrase" value="0" />
					</template_reference>
					<template_reference name="behaviour_type" value="options\action\requirement_action\check_once_to_start_stop_when_requirements_fail">
					</template_reference>
				</template_reference>
				<template_reference name="action" value="action\speech_action">
					<uniqueid name="id" value="1073745505" />
					<list name="argument_overrides">
						<template_reference name="argument_override" value="speech_argument_override">
							<enum name="argument_name" value="ability_status" />
							<string name="value" value="started" />
						</template_reference>
						<template_reference name="argument_override" value="speech_argument_override">
							<enum name="argument_name" value="ability_speech_code" />
							<string name="value" value="servitor_repair" />
						</template_reference>
					</list>
					<template_reference name="speech_event" value="speech_event_squad_name">
						<enum name="speech_event_squad" value="ability" />
					</template_reference>
				</template_reference>
			</list>
			<list name="abort_target_actions">
			</list>
			<list name="abort_self_actions">
			</list>
			<bool name="wait_until_abort_and_end_actions_finish" value="False" />
		</group>
		<enum name="activation" value="targeted" />
		<bool name="can_target_in_fow" value="True" />
		<float name="caster_close_in_distance" value="10" />
		<bool name="casters_can_evacuate" value="True" />
		<enum_table name="cost_to_player">
			<float name="action" value="0" />
			<float name="power" value="0" />
			<float name="requisition" value="0" />
			<float name="popcap" value="0" />
			<float name="command" value="0" />
			<float name="drop_pods" value="0" />
			<float name="feat" value="0" />
			<float name="gamma" value="0" />
		</enum_table>
		<string name="cursor_ghost_blueprint" value="" />
		<float name="cursor_ghost_blueprint_angle" value="0" />
		<bool name="disable_combat" value="True" />
		<bool name="disable_when_active" value="False" />
		<bool name="enable_in_building" value="False" />
		<bool name="enable_in_vehicle" value="False" />
		<bool name="engage_combat" value="False" />
		<float name="entity_busy_time" value="0" />
		<float name="facing_angle" value="5" />
		<bool name="facing_ignore" value="False" />
		<float name="final_close_in_distance" value="0" />
		<bool name="fire_and_forget" value="False" />
		<bool name="garrison_target" value="False" />
		<bool name="initial_recharge" value="False" />
		<bool name="move_back" value="False" />
		<float name="move_back_distance" value="10" />
		<float name="range" value="2" />
		<bool name="range_ignore" value="False" />
		<float name="recharge_time" value="0" />
		<bool name="refundable" value="True" />
		<bool name="require_no_shot_block" value="False" />
		<enum name="shared_timer" value="" />
		<bool name="shared_timer_player_wide" value="False" />
		<enum name="squad_caster" value="squad" />
		<enum name="target" value="tp_entity_and_squad_entity" />
		<float name="toggled_recharge_time_off" value="0" />
		<float name="toggled_recharge_time_on" value="0" />
		<group name="ui_cursor">
			<string name="cursor_bad" value="modal_ability_cancel" />
			<string name="cursor_good" value="modal_repair" />
			<string name="cursor_nonmodal_good" value="nonmodal_repair" />
		</group>
		<group name="ui_info">
			<locstring name="extra_text" value="11114377" />
			<locstring name="help_text" value="11095076" />
			<string name="hotkey_name" value="Q" />
			<icon name="icon_name" value="Icons_space_marines_abilities_repair_servitor" />
			<string name="overlay_name" value="" />
			<bool name="reveal_for_decryption" value="False" />
			<locstring name="screen_name" value="11086006" />
			<icon name="icon_alternate_name" value="" />
			<locstring name="brief_text" value="0" />
			<locstring name="help_text_alternate" value="0" />
			<locstring name="screen_name_alternate" value="0" />
			<locstring name="screen_name_short" value="0" />
			<enum name="ui_style" value="default" />
			<list name="nested_ui_info_source">
			</list>
			<list name="effect_attributes">
				<instance_reference name="ability_effect" value="ui_ability_effect\ability_effect_heal" />
			</list>
			<string name="info_video_url" value="" />
		</group>
		<locstring name="ui_usage_txt" value="0" />
		<bool name="validate_actions" value="False" />
		<list name="global_self_actions">
		</list>
		<list name="requirements">
		</list>
		<enum name="ability_super" value="tp_none" />
		<int name="ui_position" value="11" />
		<bool name="ui_mini_map_capture" value="False" />
		<bool name="facing_ignore_during_active" value="False" />
		<instance_reference name="ui_range" value="" />
		<instance_reference name="ui_reticule" value="" />
		<float name="ui_reticule_radius_min" value="1" />
		<float name="ui_reticule_radius_max" value="1" />
		<enum name="pending_ability_out_of_range_behaviour" value="chase" />
		<enum name="ui_ability_group" value="group_primary" />
		<string name="ui_targetable_sm_key" value="" />
		<string name="ui_targetable_on_key" value="" />
		<string name="ui_targetable_off_key" value="" />
		<enum name="ui_targetable_receiver" value="local" />
		<enum name="ui_combine_type" value="intersection" />
		<enum_table name="ui_modal_highlight">
			<bool name="world_sector" value="False" />
			<bool name="map_sector" value="False" />
			<bool name="map_sector_hq_link_extender" value="False" />
		</enum_table>
		<enum name="ui_group_cast_type" value="multi" />
		<list name="requirements_target">
			<template_reference name="required" value="requirements\required_all_in_list">
				<enum name="reason" value="usage" />
				<locstring name="ui_name" value="11096463" />
				<list name="requirements">
					<template_reference name="requirement" value="requirements\required_any_in_list">
						<enum name="reason" value="usage" />
						<locstring name="ui_name" value="0" />
						<list name="requirements">
							<template_reference name="requirement" value="requirements\required_unit_type">
								<enum name="reason" value="usage" />
								<locstring name="ui_name" value="0" />
								<enum name="unit_type" value="vehicle" />
								<template_reference name="qualify_option" value="options\none">
								</template_reference>
								<bool name="search_load_out" value="False" />
							</template_reference>
							<template_reference name="requirement" value="requirements\required_unit_type">
								<enum name="reason" value="usage" />
								<locstring name="ui_name" value="0" />
								<enum name="unit_type" value="building" />
								<template_reference name="qualify_option" value="options\none">
								</template_reference>
								<bool name="search_load_out" value="False" />
							</template_reference>
						</list>
					</template_reference>
					<template_reference name="requirement" value="requirements\required_not">
						<enum name="reason" value="usage" />
						<locstring name="ui_name" value="0" />
						<list name="requirement_table">
							<template_reference name="required" value="requirements\required_any_in_list">
								<enum name="reason" value="usage" />
								<locstring name="ui_name" value="0" />
								<list name="requirements">
									<template_reference name="requirement" value="requirements\required_unit_type">
										<enum name="reason" value="usage" />
										<locstring name="ui_name" value="0" />
										<enum name="unit_type" value="power_core" />
										<template_reference name="qualify_option" value="options\none">
										</template_reference>
										<bool name="search_load_out" value="False" />
									</template_reference>
									<template_reference name="requirement" value="requirements\required_unit_type">
										<enum name="reason" value="usage" />
										<locstring name="ui_name" value="0" />
										<enum name="unit_type" value="dow3_power_core_objective_object" />
										<template_reference name="qualify_option" value="options\none">
										</template_reference>
										<bool name="search_load_out" value="False" />
									</template_reference>
									<template_reference name="requirement" value="requirements\required_unit_type">
										<enum name="reason" value="usage" />
										<locstring name="ui_name" value="0" />
										<enum name="unit_type" value="dow3_shield_generator_shield" />
										<template_reference name="qualify_option" value="options\none">
										</template_reference>
										<bool name="search_load_out" value="False" />
									</template_reference>
								</list>
							</template_reference>
						</list>
					</template_reference>
					<template_reference name="requirement" value="requirements\required_health">
						<float name="health_range_min_percentage" value="0" />
						<float name="health_range_max_percentage" value="0.9999999" />
						<locstring name="ui_name" value="0" />
						<enum name="reason" value="usage" />
						<bool name="include_shields" value="False" />
					</template_reference>
					<template_reference name="requirement" value="requirements\required_ownership">
						<enum name="reason" value="usage" />
						<locstring name="ui_name" value="0" />
						<enum name="ownership_type" value="ally" />
					</template_reference>
				</list>
			</template_reference>
		</list>
		<template_reference name="targeted_ability_option" value="options\abilities\targeted_ability_option">
			<bool name="persist_targeted_ability" value="False" />
			<bool name="post_ability_out_of_range_stop" value="False" />
			<bool name="range_ignore_target_far_position" value="False" />
			<template_reference name="quick_cast_option" value="options\abilities\quick_cast\scan_option">
				<enum name="sort_criteria" value="Nearest" />
				<list name="additional_requirements">
				</list>
				<bool name="positional_target_must_be_passable" value="True" />
			</template_reference>
			<template_reference name="multi_target_option" value="options\none">
			</template_reference>
			<list name="target_selected_actions">
			</list>
		</template_reference>
		<enum name="ui_direction_requirement" value="nondirectional" />
		<instance_reference name="cursor_ghost_ebp" value="" />
		<bool name="can_cast_whilst_constructing" value="False" />
		<list name="requirements_self_recharge">
		</list>
		<bool name="can_cast_outside_active_battle_field" value="False" />
		<enum_table name="cost_to_squad">
			<float name="action" value="0" />
			<float name="power" value="0" />
			<float name="requisition" value="0" />
			<float name="popcap" value="0" />
			<float name="command" value="0" />
			<float name="drop_pods" value="0" />
			<float name="feat" value="0" />
			<float name="gamma" value="0" />
		</enum_table>
		<bool name="ability_super_event_cue" value="False" />
		<enum name="ui_progress_bar_type" value="auto_bar" />
		<group name="ability_tier">
			<list name="tiers">
			</list>
			<bool name="exclusive_tier_action" value="False" />
			<list name="passive_action_list">
			</list>
		</group>
		<enum name="ui_ability_issue_type" value="DefaultAction" />
		<string name="speech_code" value="servitor_repair" />
		<template_reference name="channeling" value="options\abilities\channeling_option">
			<float name="channeling_time_second" value="0" />
			<list name="channeling_stop_self_requirement">
			</list>
			<list name="channeling_stop_target_requirement">
				<template_reference name="required" value="requirements\required_health">
					<float name="health_range_min_percentage" value="1" />
					<float name="health_range_max_percentage" value="1" />
					<locstring name="ui_name" value="0" />
					<enum name="reason" value="usage" />
					<bool name="include_shields" value="False" />
				</template_reference>
			</list>
			<bool name="can_be_cancelled" value="True" />
		</template_reference>
		<bool name="can_be_interrupted" value="True" />
		<template_reference name="casting_option" value="options\none">
		</template_reference>
		<template_reference name="proxy_range_option" value="options\none">
		</template_reference>
		<instance_reference name="ability_category" value="" />
		<bool name="always_refund_cost_if_failed" value="False" />
		<instance_reference name="ui_menu" value="" />
		<int name="ui_combine_priority" value="0" />
		<bool name="ui_ignore_hide_spatial_abilities_option" value="False" />
	</group>
	<uniqueid name="pbgid" value="91103" />
</instance>