<instance description="" template="ebps">
	<list name="extensions">
		<template_reference name="exts" value="ebpextensions\entity_blueprint_ext">
			<file name="alternate_sua" value="" />
			<bool name="always_revealed_in_fow" value="False" />
			<file name="animator" value="environment\ork\ork_prefabs\gorgutz_gun\gorgutz_gun" />
			<bool name="is_visible_in_game" value="True" />
			<int name="precise_size" value="-1" />
			<list name="additional_animator_blueprints">
			</list>
			<enum name="default_spawn_type" value="" />
			<list name="scenario_animator_blueprints">
			</list>
			<instance_reference name="unit_badge" value="" />
			<list name="animator_overrides">
			</list>
			<bool name="is_spawned_when_not_in_interactive_area" value="True" />
			<bool name="is_wreck" value="False" />
		</template_reference>
		<template_reference name="exts" value="ebpextensions\sim_entity_ext">
			<float name="rotate_snap" value="360" />
			<bool name="kill_paradrop" value="False" />
			<bool name="share_control_with_allies" value="False" />
			<enum name="transferable" value="None" />
		</template_reference>
		<template_reference name="exts" value="ebpextensions\line_of_sight_ext">
			<group name="blocking_box">
				<float name="x" value="0.01" />
				<float name="y" value="0.01" />
				<float name="z" value="0.01" />
			</group>
			<bool name="is_shot_blocking" value="False" />
			<bool name="use_blocking_box" value="False" />
			<enum name="does_block_line_of_sight" value="never" />
			<bool name="reveal_center_when_outside_is_visible" value="True" />
		</template_reference>
		<template_reference name="exts" value="ebpextensions\site_ext">
			<float name="extra_build_test_footprint_x" value="6" />
			<bool name="require_all_cells_clear" value="True" />
			<bool name="snap_to_terrain" value="False" />
			<bool name="ignore_impass" value="False" />
			<bool name="lock_to_impass" value="True" />
			<float name="extra_build_test_footprint_z" value="6" />
			<float name="extra_build_test_footprint_offset_x" value="0" />
			<float name="extra_build_test_footprint_offset_z" value="0" />
		</template_reference>
		<template_reference name="exts" value="ebpextensions\health_ext">
			<bool name="can_repair" value="True" />
			<bool name="cuttable" value="False" />
			<string name="death_event_name" value="death" />
			<float name="death_seconds" value="4" />
			<bool name="delete_when_dead" value="True" />
			<bool name="force_attacker_memory" value="False" />
			<float name="hitpoints" value="3000" />
			<bool name="is_invincible" value="False" />
			<bool name="is_salvagable_wreck" value="False" />
			<instance_reference name="rebuilt_entity" value="" />
			<instance_reference name="rebuilt_squad" value="" />
			<bool name="rebuilt_use_wreck_owner" value="True" />
			<bool name="receive_weapon_cover_modifiers" value="False" />
			<float name="regeneration" value="0" />
			<bool name="regeneration_disabled" value="True" />
			<bool name="remove_from_pathfinding_on_death" value="False" />
			<bool name="reveal_to_all_on_death" value="False" />
			<bool name="ui_can_scuttle" value="False" />
			<list name="death_actions">
			</list>
			<float name="target_size" value="5" />
			<list name="criticals">
				<group name="critical_group">
					<float name="max_health_percentage" value="0" />
					<list name="critical_info">
						<group name="info">
							<float name="weight" value="100" />
							<enum_table name="applicable_weapons">
								<bool name="small_arms" value="True" />
								<bool name="flame" value="True" />
								<bool name="ballistic" value="True" />
								<bool name="explosive" value="True" />
								<bool name="taldeer_melee" value="True" />
								<bool name="cannon" value="True" />
								<bool name="always_gib" value="True" />
							</enum_table>
							<instance_reference name="critical" value="critical\default_death" />
							<enum_table name="applicable_hit_direction">
								<bool name="front" value="True" />
								<bool name="rear" value="True" />
								<bool name="left" value="True" />
								<bool name="right" value="True" />
							</enum_table>
							<enum name="apply_on" value="penetrate" />
						</group>
					</list>
				</group>
			</list>
			<float name="weapon_priority" value="-80" />
			<template_reference name="wreck_entity_option" value="options\none">
			</template_reference>
			<enum name="armor_type" value="Heavy" />
			<template_reference name="armor_layout_option" value="options\ebpextensions\healthext\armor_layouts\armor_layout_uniform">
				<float name="armor" value="200" />
			</template_reference>
			<enum name="allegiance_override" value="none" />
			<list name="on_received_damage_actions">
			</list>
			<bool name="not_default_attackable" value="False" />
			<list name="self_destruct_actions">
			</list>
			<list name="rebuilt_entity_actions">
			</list>
		</template_reference>
		<template_reference name="exts" value="ebpextensions\hit_object_ext">
			<instance_reference name="hit_material" value="hit_material\metal" />
			<bool name="hit_non_neutral" value="False" />
			<float name="hit_percentage" value="0.05" />
			<bool name="pass_through" value="True" />
			<group name="projectile_pass_through">
				<bool name="tp_artillery" value="True" />
				<bool name="tp_collide" value="True" />
				<bool name="tp_vehicle_collide" value="True" />
			</group>
			<template_reference name="projectile_reflect_option" value="options\none">
			</template_reference>
		</template_reference>
		<template_reference name="exts" value="ebpextensions\type_ext">
			<list name="unit_type_list">
				<enum name="unit_type" value="annihilation_condition" />
				<enum name="unit_type" value="building" />
				<enum name="unit_type" value="vehicle_production" />
				<enum name="unit_type" value="dow3_structure" />
				<enum name="unit_type" value="dow3_building_raider_doctrine" />
				<enum name="unit_type" value="dow3_scaling_structure" />
			</list>
			<enum name="weapon_targeting" value="automatic" />
			<bool name="intersection_testing" value="False" />
		</template_reference>
		<template_reference name="exts" value="ebpextensions\impass_ext">
			<bool name="cant_build" value="True" />
			<group name="impass_simboxes">
				<bool name="default_simbox" value="True" />
				<list name="named_simboxes">
				</list>
			</group>
			<list name="block_path">
				<instance_reference name="path_type" value="pass_types\infantry" />
				<instance_reference name="path_type" value="pass_types\vehicle" />
			</list>
		</template_reference>
		<template_reference name="exts" value="ebpextensions\marker_ext">
		</template_reference>
		<template_reference name="exts" value="ebpextensions\ability_ext">
			<list name="abilities">
				<instance_reference name="ability" value="abilities\gameplay\reinforce_point" mod="a5fef7c6e07942ffb7483ef8065b8755" />
			</list>
		</template_reference>
		<template_reference name="exts" value="ebpextensions\action_apply_ext">
			<list name="actions">
			</list>
		</template_reference>
		<template_reference name="exts" value="ebpextensions\requirement_ext">
			<list name="requirement_table">
				<template_reference name="required" value="requirements\required_player_upgrade">
					<enum name="reason" value="usage" />
					<locstring name="ui_name" value="11095091" />
					<bool name="is_present" value="True" />
					<int name="max_completed" value="1000" />
					<int name="min_completed" value="5" />
					<instance_reference name="upgrade_name" value="upgrade\races\orks\waaagh_tech_unlock" />
					<bool name="include_queued" value="False" />
				</template_reference>
				<template_reference name="required" value="requirements\required_player_upgrade">
					<enum name="reason" value="usage" />
					<locstring name="ui_name" value="0" />
					<bool name="is_present" value="True" />
					<int name="max_completed" value="100" />
					<int name="min_completed" value="1" />
					<instance_reference name="upgrade_name" value="upgrade\ork_salvage_armor" mod="a5fef7c6e07942ffb7483ef8065b8755" />
					<bool name="include_queued" value="False" />
				</template_reference>
			</list>
		</template_reference>
		<template_reference name="exts" value="ebpextensions\ui_ext">
			<bool name="ap_killed_kicker" value="True" />
			<bool name="ap_loss_kicker" value="True" />
			<float name="decorator_height" value="-1" />
			<string name="extra_text_deprecated" value="" />
			<bool name="ghost_enable" value="True" />
			<locstring name="help_text" value="284" mod="a5fef7c6e07942ffb7483ef8065b8755" />
			<string name="hotkey_name" value="X" />
			<icon name="icon_name" value="Icons_orks_abilities_fire_gorgutz_gun_sp" />
			<enum name="kill_type" value="building" />
			<colour name="minimap_color" value="*" />
			<bool name="minimap_enable" value="True" />
			<bool name="minimap_team_only" value="False" />
			<bool name="minimap_teamcolor" value="True" />
			<string name="overlay_name" value="" />
			<bool name="reveal_for_decryption" value="False" />
			<locstring name="screen_name" value="283" mod="a5fef7c6e07942ffb7483ef8065b8755" />
			<enum name="selection_name" value="" />
			<float name="selection_scale" value="1" />
			<enum name="selection_type" value="single_entity_select" />
			<locstring name="tooltip_txt" value="0" />
			<int name="ui_priority" value="0" />
			<icon name="minimap_icon" value="Icons_common_decorators_orks_structure_mek_shop" />
			<float name="minimap_icon_scale" value="0.5" />
			<icon name="portrait_icon" value="Icons_orks_abilities_fire_gorgutz_gun_sp" />
			<locstring name="brief_text" value="0" />
			<locstring name="extra_text" value="285" mod="a5fef7c6e07942ffb7483ef8065b8755" />
			<locstring name="screen_name_short" value="0" />
			<bool name="show_in_build_log" value="True" />
			<bool name="show_entity_appearance" value="True" />
			<locstring name="screen_name_world" value="0" />
			<locstring name="help_text_world" value="0" />
			<locstring name="extra_text_world" value="0" />
			<enum name="map_rotation_type_override" value="no_override" />
			<icon name="symbol_icon_name" value="Icons_common_decorators_orks_structure_mek_shop" />
			<enum name="occlusion_state" value="can_be_occluded" />
			<enum name="decorator_visibility" value="default" />
			<bool name="skin_pack_override" value="False" />
			<string name="skin_summer" value="" />
			<string name="skin_winter" value="" />
			<enum name="targeting_and_bandbox_selection_priority" value="lowest" />
			<enum name="selection_method" value="terrain_obb_mesh" />
			<group name="terrain_info_display_offset">
				<float name="x" value="0" />
				<float name="y" value="0" />
			</group>
			<string name="decorator_ledger_key" value="" />
			<instance_reference name="decorator_ledger_bar_style" value="" />
			<enum name="selection_name_squad_override" value="" />
			<string name="selection_grouping_ledger_key" value="" />
			<float name="decorator_height_spatial_ability" value="-1" />
		</template_reference>
		<template_reference name="exts" value="ebpextensions\modifier_apply_ext">
			<list name="modifiers">
			</list>
		</template_reference>
		<template_reference name="exts" value="ebpextensions\modifier_ext">
		</template_reference>
		<template_reference name="exts" value="ebpextensions\spawner_ext">
			<bool name="must_be_in_supply" value="False" />
			<float name="reinforce_radius" value="0" />
			<list name="spawn_items">
				<group name="spawn_item">
					<int name="ui_position" value="12" />
					<instance_reference name="entity" value="" />
					<instance_reference name="squad" value="sbps\races\orks\line_units\ork_morkanaut_wazzmakka" mod="a5fef7c6e07942ffb7483ef8065b8755" />
					<bool name="spawn_at_map_entry_point" value="False" />
				</group>
				<group name="spawn_item">
					<int name="ui_position" value="11" />
					<instance_reference name="entity" value="" />
					<instance_reference name="squad" value="sbps\races\orks\line_units\ork_gorkanaut" mod="a5fef7c6e07942ffb7483ef8065b8755" />
					<bool name="spawn_at_map_entry_point" value="False" />
				</group>
			</list>
			<list name="bonus_xp_from_hold_list">
			</list>
			<list name="reinforce_requirements">
			</list>
			<bool name="spawn_to_hold_try_first" value="False" />
			<list name="queue_requirements">
			</list>
			<bool name="can_rally" value="True" />
			<template_reference name="animated_spawn_option" value="options\none">
			</template_reference>
			<int name="max_queue_size_override" value="-1" />
		</template_reference>
		<template_reference name="exts" value="ebpextensions\construction_ext">
			<bool name="automatic_fit_on_placement" value="True" />
			<bool name="can_set_facing" value="True" />
			<float name="cancel_refund_percentage" value="100" />
			<string name="construction_state_name" value="ability_construction_state" />
			<float name="construction_transition_time" value="0" />
			<bool name="force_construction" value="False" />
			<float name="max_engineers" value="1" />
			<instance_reference name="on_construction_squad" value="" />
			<float name="orientation" value="0" />
			<enum name="placement_type" value="tp_structure" />
			<bool name="prefer_spots_on_side_with_leader" value="False" />
			<bool name="query_abilities_for_range_ui" value="True" />
			<bool name="query_construction_actions_for_range_ui" value="True" />
			<bool name="query_upgrade_actions_for_range_ui" value="True" />
			<bool name="random_rotation" value="False" />
			<float name="replace_ghost_distance" value="8" />
			<bool name="self_construct" value="False" />
			<list name="on_construction_actions">
			</list>
			<group name="field_placement_info">
				<instance_reference name="border_entity" value="" />
				<instance_reference name="replace_entity" value="" />
				<int name="replace_count" value="0" />
				<float name="replace_retry_distance" value="0" />
			</group>
			<instance_reference name="placement_valid" value="ui_rectangle\construction_placement_valid" />
			<instance_reference name="placement_invalid" value="ui_rectangle\construction_placement_invalid" />
			<instance_reference name="ui_range" value="ui_reticule\reinforcement_point" />
			<float name="ui_range_radius" value="20" />
			<instance_reference name="ui_setfacing" value="" />
			<bool name="query_weapon_for_range_ui" value="True" />
			<bool name="squad_ignore_pathfinding" value="False" />
			<group name="placement_requirements">
				<bool name="must_be_in_line_of_sight" value="False" />
				<bool name="must_not_be_in_walkable_surfaces" value="False" />
				<bool name="must_be_on_strategic_point" value="False" />
				<list name="requirements">
				</list>
				<float name="spacing_distance" value="0" />
				<bool name="skip_impass_checks_and_ignore_immovable_entities" value="False" />
			</group>
			<bool name="can_be_cancelled" value="True" />
			<template_reference name="construction_health_option" value="options\none">
			</template_reference>
			<list name="on_construction_terrain_bonuses">
			</list>
		</template_reference>
		<template_reference name="exts" value="ebpextensions\cost_ext">
			<group name="time_cost">
				<enum_table name="cost">
					<float name="action" value="0" />
					<float name="command" value="0" />
					<float name="popcap" value="0" />
					<float name="power" value="175" />
					<float name="requisition" value="300" />
					<float name="drop_pods" value="0" />
					<float name="feat" value="0" />
					<float name="gamma" value="0" />
				</enum_table>
				<float name="time_seconds" value="60" />
			</group>
		</template_reference>
		<template_reference name="exts" value="ebpextensions\camouflage_ext">
			<float name="attack_priority" value="3.402823E+38" />
			<enum name="camouflage_type" value="tp_unit" />
			<bool name="chain_revealer" value="False" />
			<float name="detection_radius" value="1" />
			<bool name="must_be_fully_constructed" value="False" />
			<bool name="permanently_activated" value="False" />
			<float name="combat_reset_time" value="10" />
			<float name="first_strike_shots" value="1" />
			<float name="revert_max" value="10" />
			<float name="revert_multiplier" value="1" />
			<float name="revert_time" value="5" />
			<float name="revert_time_on_detection" value="10" />
			<list name="camouflage_actions">
			</list>
			<list name="first_strike_actions">
			</list>
			<enum name="camouflaged_combat_stance" value="attack" />
		</template_reference>
		<template_reference name="exts" value="ebpextensions\combat_ext">
			<bool name="reject_attack_command" value="True" />
			<list name="hardpoints">
			</list>
			<int name="sight_hardpoint" value="-1" />
			<list name="kill_actions">
			</list>
			<bool name="can_be_knocked_back" value="False" />
			<group name="reckoning_blow">
				<list name="attack_table">
				</list>
				<list name="defend_table">
				</list>
			</group>
			<bool name="can_be_stunned" value="False" />
			<bool name="update_facing_during_melee_swings" value="True" />
			<bool name="can_be_levitated" value="False" />
			<template_reference name="weapon_handling_option" value="options\none">
			</template_reference>
			<bool name="allow_auto_target_in_stealth_zone" value="False" />
		</template_reference>
		<template_reference name="exts" value="ebpextensions\movement_blocker_ext">
			<bool name="use_default_simbox" value="True" />
			<float name="custom_box_X" value="0" />
			<float name="custom_box_Y" value="0" />
			<float name="custom_box_Z" value="0" />
			<enum name="movement_blocker_ignore_type" value="none" />
			<list name="ignore_pass_types">
				<instance_reference name="pass_type" value="pass_types\skimmer" />
			</list>
		</template_reference>
		<template_reference name="exts" value="ebpextensions\sight_ext">
			<group name="detect_camouflage">
				<float name="tp_global" value="0" />
				<float name="tp_mine" value="0" />
				<float name="tp_unit" value="0" />
			</group>
			<bool name="extended_sight" value="True" />
			<float name="extended_sight_radius" value="250" />
			<float name="reveal_area_on_death_time" value="1.5" />
			<group name="sight_package">
				<float name="inner_height" value="3.5" />
				<float name="inner_radius" value="1" />
				<float name="outer_height" value="3.5" />
				<float name="outer_radius" value="55" />
				<float name="cone_angle" value="360" />
				<float name="cone_start_radius" value="0" />
			</group>
			<bool name="can_see_through_stealth_zones" value="False" />
			<list name="extended_sight_target_requirements">
			</list>
			<list name="specific_detector_actions">
			</list>
		</template_reference>
		<template_reference name="exts" value="ebpextensions\upgrade_ext">
			<bool name="must_be_in_supply" value="False" />
			<float name="number_of_standard_slots" value="0" />
			<list name="standard_upgrades">
				<instance_reference name="upgrade" value="upgrade\ork_super_upgrade_1" mod="a5fef7c6e07942ffb7483ef8065b8755" />
			</list>
			<int name="max_queue_size_override" value="-1" />
		</template_reference>
	</list>
	<uniqueid name="pbgid" value="98455" />
</instance>