<instance description="" template="shield">
	<uniqueid name="pbgid" value="95758" />
	<group name="shield_bag">
		<list name="while_shielded_actions">
			<template_reference name="action" value="action\ledger_write_action">
				<uniqueid name="id" value="1073748689" />
				<string name="key" value="shield_active" />
				<enum name="operator" value="set" />
				<float name="operand" value="1" />
				<bool name="persistent" value="False" />
				<string name="read_key_from_ledger_key" value="" />
			</template_reference>
		</list>
		<list name="shield_break_actions">
		</list>
		<list name="self_on_hit_actions">
		</list>
		<list name="attacker_on_hit_actions">
		</list>
		<float name="shield_regen_per_second" value="4" />
		<float name="health" value="450" />
		<instance_reference name="hit_material" value="hit_material\eldar" />
		<list name="while_not_shielded_actions">
			<template_reference name="action" value="action\ledger_write_action">
				<uniqueid name="id" value="1073748690" />
				<string name="key" value="shield_active" />
				<enum name="operator" value="set" />
				<float name="operand" value="0" />
				<bool name="persistent" value="False" />
				<string name="read_key_from_ledger_key" value="" />
			</template_reference>
		</list>
		<int name="priority" value="0" />
		<template_reference name="deflection_option" value="options\none">
		</template_reference>
	</group>
</instance>