<instance description="Constructed on power points" template="ebps">
	<list name="extensions">
		<template_reference name="exts" value="ebpextensions\entity_blueprint_ext">
			<file name="alternate_sua" value="" />
			<bool name="always_revealed_in_fow" value="False" />
			<file name="animator" value="armies\eldar\structures\bases\accessories\eldar_resource_power\eldar_resource_power" />
			<bool name="is_visible_in_game" value="True" />
			<int name="precise_size" value="-1" />
			<list name="additional_animator_blueprints">
			</list>
			<enum name="default_spawn_type" value="" />
			<list name="scenario_animator_blueprints">
			</list>
			<instance_reference name="unit_badge" value="" />
			<list name="animator_overrides">
			</list>
			<bool name="is_spawned_when_not_in_interactive_area" value="True" />
			<bool name="is_wreck" value="False" />
		</template_reference>
		<template_reference name="exts" value="ebpextensions\sim_entity_ext">
			<float name="rotate_snap" value="360" />
			<bool name="kill_paradrop" value="False" />
			<bool name="share_control_with_allies" value="False" />
			<enum name="transferable" value="Team" />
		</template_reference>
		<template_reference name="exts" value="ebpextensions\cost_ext">
			<group name="time_cost">
				<enum_table name="cost">
					<float name="action" value="0" />
					<float name="power" value="0" />
					<float name="requisition" value="0" />
					<float name="popcap" value="0" />
					<float name="command" value="0" />
					<float name="drop_pods" value="0" />
					<float name="feat" value="0" />
					<float name="gamma" value="0" />
				</enum_table>
				<float name="time_seconds" value="45" />
			</group>
		</template_reference>
		<template_reference name="exts" value="ebpextensions\health_ext">
			<bool name="can_repair" value="False" />
			<bool name="cuttable" value="False" />
			<string name="death_event_name" value="Death" />
			<float name="death_seconds" value="0" />
			<bool name="delete_when_dead" value="True" />
			<bool name="force_attacker_memory" value="False" />
			<float name="hitpoints" value="450" />
			<bool name="is_invincible" value="False" />
			<bool name="is_salvagable_wreck" value="False" />
			<instance_reference name="rebuilt_entity" value="" />
			<instance_reference name="rebuilt_squad" value="" />
			<bool name="rebuilt_use_wreck_owner" value="False" />
			<bool name="receive_weapon_cover_modifiers" value="True" />
			<float name="regeneration" value="0" />
			<bool name="regeneration_disabled" value="False" />
			<bool name="remove_from_pathfinding_on_death" value="True" />
			<bool name="reveal_to_all_on_death" value="False" />
			<bool name="ui_can_scuttle" value="False" />
			<list name="death_actions">
				<template_reference name="action" value="action\change_target_action">
					<list name="actions">
						<template_reference name="action" value="action\animator_set_action">
							<string name="action_name" value="weapons/ork_bomb_small/hit/default" />
							<bool name="allies_only" value="False" />
							<float name="duration" value="0" />
							<bool name="remove_on_parent_group_finish" value="True" />
							<bool name="is_terrain_only" value="False" />
							<uniqueid name="id" value="1073747997" />
						</template_reference>
						<template_reference name="action" value="action\target">
							<template_reference name="area_info" value="options\area_info_options\circle_area_option">
								<float name="outer_radius" value="0.5" />
								<float name="inner_radius" value="0" />
								<bool name="is_two_dimensional" value="True" />
								<enum name="dynamic_radius_type" value="fixed" />
							</template_reference>
							<bool name="die_with_creator" value="True" />
							<bool name="do_recalc_targets" value="False" />
							<float name="duration" value="0" />
							<bool name="entity_targets" value="True" />
							<instance_reference name="entity_types_to_choose" value="" />
							<bool name="stationary" value="True" />
							<enum name="unit_type" value="" />
							<list name="subactions">
								<template_reference name="action" value="action\ledger_write_action">
									<uniqueid name="id" value="1073747998" />
									<string name="key" value="construction_active" />
									<enum name="operator" value="set" />
									<float name="operand" value="0" />
									<bool name="persistent" value="False" />
									<string name="read_key_from_ledger_key" value="" />
								</template_reference>
							</list>
							<uniqueid name="id" value="1073747999" />
							<bool name="any_subaction" value="True" />
							<bool name="finish_with_subactions" value="True" />
							<bool name="override_subactions_context" value="True" />
							<int name="max_target_count" value="1" />
							<bool name="ui_query" value="False" />
							<template_reference name="area_over_time_option" value="options\none">
							</template_reference>
							<bool name="apply_only_once_ever" value="True" />
							<list name="target_requirements">
								<template_reference name="required" value="requirements\required_unit_type">
									<enum name="reason" value="usage" />
									<locstring name="ui_name" value="0" />
									<enum name="unit_type" value="dow3_power_resource" />
									<template_reference name="qualify_option" value="options\none">
									</template_reference>
									<bool name="search_load_out" value="False" />
								</template_reference>
							</list>
							<bool name="reset_target_count_every_tick" value="False" />
						</template_reference>
					</list>
					<enum name="change_target_type" value="self" />
					<uniqueid name="id" value="1073748000" />
					<bool name="validate_sub_actions" value="False" />
				</template_reference>
			</list>
			<float name="target_size" value="1" />
			<list name="criticals">
				<group name="critical_group">
					<float name="max_health_percentage" value="0" />
					<list name="critical_info">
						<group name="info">
							<float name="weight" value="100" />
							<enum_table name="applicable_weapons">
								<bool name="small_arms" value="True" />
								<bool name="flame" value="True" />
								<bool name="ballistic" value="True" />
								<bool name="explosive" value="True" />
								<bool name="taldeer_melee" value="True" />
								<bool name="cannon" value="True" />
								<bool name="always_gib" value="True" />
							</enum_table>
							<instance_reference name="critical" value="critical\default_death" />
							<enum_table name="applicable_hit_direction">
								<bool name="front" value="True" />
								<bool name="rear" value="True" />
								<bool name="left" value="True" />
								<bool name="right" value="True" />
							</enum_table>
							<enum name="apply_on" value="penetrate" />
						</group>
					</list>
				</group>
			</list>
			<float name="weapon_priority" value="-100" />
			<template_reference name="wreck_entity_option" value="options\none">
			</template_reference>
			<enum name="armor_type" value="Normal" />
			<template_reference name="armor_layout_option" value="options\ebpextensions\healthext\armor_layouts\armor_layout_uniform">
				<float name="armor" value="60" />
			</template_reference>
			<enum name="allegiance_override" value="none" />
			<list name="on_received_damage_actions">
			</list>
			<bool name="not_default_attackable" value="False" />
			<list name="self_destruct_actions">
			</list>
			<list name="rebuilt_entity_actions">
			</list>
		</template_reference>
		<template_reference name="exts" value="ebpextensions\hit_object_ext">
			<instance_reference name="hit_material" value="hit_material\metal" />
			<bool name="hit_non_neutral" value="False" />
			<float name="hit_percentage" value="1" />
			<bool name="pass_through" value="False" />
			<group name="projectile_pass_through">
				<bool name="tp_artillery" value="True" />
				<bool name="tp_collide" value="False" />
				<bool name="tp_vehicle_collide" value="True" />
			</group>
			<template_reference name="projectile_reflect_option" value="options\none">
			</template_reference>
		</template_reference>
		<template_reference name="exts" value="ebpextensions\modifier_ext">
		</template_reference>
		<template_reference name="exts" value="ebpextensions\sight_ext">
			<group name="detect_camouflage">
				<float name="tp_global" value="10" />
				<float name="tp_mine" value="0" />
				<float name="tp_unit" value="0" />
			</group>
			<bool name="extended_sight" value="True" />
			<float name="extended_sight_radius" value="350" />
			<float name="reveal_area_on_death_time" value="6" />
			<group name="sight_package">
				<float name="inner_height" value="2.5" />
				<float name="inner_radius" value="1" />
				<float name="outer_height" value="-3" />
				<float name="outer_radius" value="35" />
				<float name="cone_angle" value="360" />
				<float name="cone_start_radius" value="0" />
			</group>
			<bool name="can_see_through_stealth_zones" value="False" />
			<list name="extended_sight_target_requirements">
			</list>
			<list name="specific_detector_actions">
			</list>
		</template_reference>
		<template_reference name="exts" value="ebpextensions\type_ext">
			<list name="unit_type_list">
				<enum name="unit_type" value="building" />
				<enum name="unit_type" value="dow3_addon" />
				<enum name="unit_type" value="dow3_structure" />
				<enum name="unit_type" value="dow3_addon_power" />
				<enum name="unit_type" value="dow3_building_raider_doctrine" />
			</list>
			<enum name="weapon_targeting" value="automatic" />
			<bool name="intersection_testing" value="False" />
		</template_reference>
		<template_reference name="exts" value="ebpextensions\ui_ext">
			<bool name="ap_killed_kicker" value="True" />
			<bool name="ap_loss_kicker" value="True" />
			<float name="decorator_height" value="0.3" />
			<bool name="ghost_enable" value="True" />
			<locstring name="help_text" value="11140367" />
			<string name="hotkey_name" value="A" />
			<icon name="icon_name" value="Icons_common_resources_resource_power" />
			<enum name="kill_type" value="infantry" />
			<colour name="minimap_color" value="*" />
			<bool name="minimap_enable" value="False" />
			<bool name="minimap_team_only" value="False" />
			<bool name="minimap_teamcolor" value="False" />
			<string name="overlay_name" value="" />
			<bool name="reveal_for_decryption" value="True" />
			<locstring name="screen_name" value="11115379" />
			<enum name="selection_name" value="" />
			<float name="selection_scale" value="1" />
			<enum name="selection_type" value="multi_entity_select" />
			<locstring name="tooltip_txt" value="0" />
			<int name="ui_priority" value="0" />
			<icon name="minimap_icon" value="Icons_common_decorators_capture_point_power_upgrade" />
			<float name="minimap_icon_scale" value="1" />
			<icon name="portrait_icon" value="Icons_common_resources_resource_power" />
			<locstring name="brief_text" value="0" />
			<string name="extra_text_deprecated" value="" />
			<locstring name="extra_text" value="11115381" />
			<locstring name="screen_name_short" value="0" />
			<bool name="show_in_build_log" value="True" />
			<bool name="show_entity_appearance" value="True" />
			<locstring name="screen_name_world" value="0" />
			<locstring name="help_text_world" value="0" />
			<locstring name="extra_text_world" value="0" />
			<enum name="map_rotation_type_override" value="no_override" />
			<icon name="symbol_icon_name" value="Icons_common_decorators_structure_power" />
			<enum name="occlusion_state" value="occlude_others" />
			<enum name="decorator_visibility" value="visible" />
			<bool name="skin_pack_override" value="False" />
			<string name="skin_summer" value="" />
			<string name="skin_winter" value="" />
			<enum name="targeting_and_bandbox_selection_priority" value="lowest" />
			<enum name="selection_method" value="terrain_obb_mesh" />
			<group name="terrain_info_display_offset">
				<float name="x" value="0" />
				<float name="y" value="0" />
			</group>
			<string name="decorator_ledger_key" value="" />
			<instance_reference name="decorator_ledger_bar_style" value="" />
			<enum name="selection_name_squad_override" value="" />
			<string name="selection_grouping_ledger_key" value="selection_group" />
			<float name="decorator_height_spatial_ability" value="-1" />
		</template_reference>
		<template_reference name="exts" value="ebpextensions\construction_ext">
			<bool name="automatic_fit_on_placement" value="True" />
			<bool name="can_set_facing" value="False" />
			<float name="cancel_refund_percentage" value="100" />
			<string name="construction_state_name" value="construction_state" />
			<float name="construction_transition_time" value="1.36667" />
			<bool name="force_construction" value="False" />
			<float name="max_engineers" value="8" />
			<instance_reference name="on_construction_squad" value="" />
			<float name="orientation" value="0" />
			<enum name="placement_type" value="tp_structure" />
			<bool name="prefer_spots_on_side_with_leader" value="False" />
			<bool name="query_abilities_for_range_ui" value="True" />
			<bool name="query_construction_actions_for_range_ui" value="True" />
			<bool name="query_upgrade_actions_for_range_ui" value="True" />
			<bool name="random_rotation" value="False" />
			<float name="replace_ghost_distance" value="0" />
			<bool name="self_construct" value="True" />
			<list name="on_construction_actions">
				<template_reference name="action" value="action\target">
					<template_reference name="area_info" value="options\area_info_options\circle_area_option">
						<float name="outer_radius" value="0.5" />
						<float name="inner_radius" value="0" />
						<bool name="is_two_dimensional" value="True" />
						<enum name="dynamic_radius_type" value="fixed" />
					</template_reference>
					<bool name="die_with_creator" value="True" />
					<bool name="do_recalc_targets" value="False" />
					<float name="duration" value="0" />
					<bool name="entity_targets" value="True" />
					<instance_reference name="entity_types_to_choose" value="" />
					<bool name="stationary" value="True" />
					<enum name="unit_type" value="" />
					<list name="subactions">
						<template_reference name="action" value="action\ledger_write_action">
							<uniqueid name="id" value="1073748001" />
							<string name="key" value="construction_active" />
							<enum name="operator" value="set" />
							<float name="operand" value="0" />
							<bool name="persistent" value="False" />
							<string name="read_key_from_ledger_key" value="" />
						</template_reference>
					</list>
					<uniqueid name="id" value="1073748002" />
					<bool name="any_subaction" value="True" />
					<bool name="finish_with_subactions" value="True" />
					<bool name="override_subactions_context" value="True" />
					<int name="max_target_count" value="1" />
					<bool name="ui_query" value="False" />
					<template_reference name="area_over_time_option" value="options\none">
					</template_reference>
					<bool name="apply_only_once_ever" value="True" />
					<list name="target_requirements">
						<template_reference name="required" value="requirements\required_unit_type">
							<enum name="reason" value="usage" />
							<locstring name="ui_name" value="0" />
							<enum name="unit_type" value="dow3_power_resource" />
							<template_reference name="qualify_option" value="options\none">
							</template_reference>
							<bool name="search_load_out" value="False" />
						</template_reference>
					</list>
					<bool name="reset_target_count_every_tick" value="False" />
				</template_reference>
			</list>
			<group name="field_placement_info">
				<instance_reference name="border_entity" value="" />
				<instance_reference name="replace_entity" value="" />
				<int name="replace_count" value="0" />
				<float name="replace_retry_distance" value="0" />
			</group>
			<instance_reference name="placement_valid" value="ui_rectangle\construction_placement_valid" />
			<instance_reference name="placement_invalid" value="ui_rectangle\construction_placement_invalid" />
			<instance_reference name="ui_range" value="" />
			<float name="ui_range_radius" value="0" />
			<instance_reference name="ui_setfacing" value="" />
			<bool name="query_weapon_for_range_ui" value="True" />
			<group name="placement_requirements">
				<bool name="must_be_in_line_of_sight" value="False" />
				<bool name="must_not_be_in_walkable_surfaces" value="False" />
				<bool name="must_be_on_strategic_point" value="False" />
				<list name="requirements">
				</list>
				<float name="spacing_distance" value="0" />
				<bool name="skip_impass_checks_and_ignore_immovable_entities" value="True" />
			</group>
			<bool name="squad_ignore_pathfinding" value="False" />
			<bool name="can_be_cancelled" value="False" />
			<template_reference name="construction_health_option" value="options\none">
			</template_reference>
			<list name="on_construction_terrain_bonuses">
			</list>
		</template_reference>
		<template_reference name="exts" value="ebpextensions\territory_ext">
			<bool name="command_provider" value="True" />
			<bool name="default_on" value="False" />
			<bool name="secures_territory_sector" value="True" />
			<enum name="sector_entity_type" value="sector_independent" />
			<template_reference name="terrain_type_option" value="options\none">
			</template_reference>
		</template_reference>
		<template_reference name="exts" value="ebpextensions\site_ext">
			<float name="extra_build_test_footprint_x" value="0" />
			<bool name="require_all_cells_clear" value="False" />
			<bool name="snap_to_terrain" value="False" />
			<bool name="ignore_impass" value="True" />
			<bool name="lock_to_impass" value="True" />
			<float name="extra_build_test_footprint_z" value="0" />
			<float name="extra_build_test_footprint_offset_x" value="0" />
			<float name="extra_build_test_footprint_offset_z" value="0" />
		</template_reference>
		<template_reference name="exts" value="ebpextensions\impass_ext">
			<bool name="cant_build" value="True" />
			<group name="impass_simboxes">
				<bool name="default_simbox" value="True" />
				<list name="named_simboxes">
				</list>
			</group>
			<list name="block_path">
			</list>
		</template_reference>
		<template_reference name="exts" value="ebpextensions\action_apply_ext">
			<list name="actions" comment="1) Target the player and allied players and increase the cost of using the abilities that construct the add-ons.  This is done to make a more gradual ramp up in the economy and to make it more forgiving if you have to come back.&#xD;&#xA;&#xD;&#xA;2) Find the listening post and decrement a simvar (ledger) so that the construct ability knows which slot it should be building in.  &#xD;&#xA;    This is done on spawn and not on finished construction to prevent players from building more than they actually can (and on the same spot).">
				<template_reference name="action" value="action\requirement_action">
					<bool name="check_self" value="False" />
					<bool name="validation_requires_requirements" value="False" />
					<bool name="validate_all_sub_actions" value="True" />
					<list name="requirement_table">
						<template_reference name="required" value="requirements\required_health">
							<float name="health_range_min_percentage" value="0.99" />
							<float name="health_range_max_percentage" value="1" />
							<locstring name="ui_name" value="0" />
							<enum name="reason" value="usage" />
							<bool name="include_shields" value="False" />
						</template_reference>
						<template_reference name="required" value="requirements\required_constructionstate">
							<enum name="reason" value="usage" />
							<locstring name="ui_name" value="0" />
							<bool name="do_construction_completion_check" value="True" />
						</template_reference>
					</list>
					<list name="action_table">
						<template_reference name="action" value="action\ui_decorator_action">
							<icon name="symbol_icon" value="" />
							<uniqueid name="id" value="1073748003" />
							<string name="state_label" value="" />
							<bool name="hide" value="True" />
							<string name="cover_level_icon_suffix" value="" />
							<icon name="summer_portrait_icon" value="" />
							<icon name="winter_portrait_icon" value="" />
							<enum name="state_frame" value="none" />
						</template_reference>
					</list>
					<uniqueid name="id" value="1073748004" />
					<template_reference name="ui_help_text" value="tables\help_text_phrase">
						<int name="phrase_order" value="0" />
						<locstring name="phrase" value="0" />
					</template_reference>
					<template_reference name="behaviour_type" value="options\action\requirement_action\wait_until_requirements_pass_to_start_wait_again_when_requirements_fail">
					</template_reference>
				</template_reference>
				<template_reference name="action" value="action\requirement_action">
					<bool name="check_self" value="False" />
					<bool name="validation_requires_requirements" value="False" />
					<bool name="validate_all_sub_actions" value="False" />
					<list name="requirement_table">
						<template_reference name="required" value="requirements\required_any_in_list">
							<enum name="reason" value="usage" />
							<locstring name="ui_name" value="0" />
							<list name="requirements">
								<template_reference name="requirement" value="requirements\required_ledger">
									<locstring name="ui_name" value="0" />
									<enum name="reason" value="usage" />
									<string name="key" value="instant_spawn" />
									<float name="default_value" value="0" />
									<float name="compare_to_value" value="1" />
									<enum name="comparison" value="greater_than_or_equal_to" />
									<enum name="ledger_type" value="entity_ledger" />
									<float name="ui_max_value" value="0" />
									<float name="ui_min_value" value="0" />
									<string name="read_key_from_ledger_key" value="" />
								</template_reference>
								<template_reference name="requirement" value="requirements\required_constructionstate">
									<enum name="reason" value="usage" />
									<locstring name="ui_name" value="0" />
									<bool name="do_construction_completion_check" value="True" />
								</template_reference>
							</list>
						</template_reference>
					</list>
					<list name="action_table">
						<template_reference name="action" value="action\target">
							<template_reference name="area_info" value="options\area_info_options\ledger_linked_option">
								<string name="key" value="parent" />
							</template_reference>
							<bool name="die_with_creator" value="True" />
							<bool name="do_recalc_targets" value="False" />
							<float name="duration" value="0" />
							<bool name="entity_targets" value="False" />
							<instance_reference name="entity_types_to_choose" value="" />
							<bool name="stationary" value="False" />
							<enum name="unit_type" value="dow3_listening_post" />
							<list name="subactions">
								<template_reference name="action" value="action\apply_modifiers_action">
									<float name="duration" value="0" />
									<bool name="permanent" value="False" />
									<list name="modifiers">
										<template_reference name="modifier" value="modifiers\entity_modifier">
											<enum name="application_type" value="apply_to_entity" />
											<bool name="exclusive" value="False" />
											<string name="modifier_id" value="" />
											<enum name="usage_type" value="addition" />
											<float name="value" value="500" />
											<instance_reference name="tooltip" value="" />
											<enum name="type" value="health_maximum_modifier" />
											<instance_reference name="target_type_name" value="" />
										</template_reference>
										<template_reference name="modifier" value="modifiers\entity_modifier">
											<enum name="application_type" value="apply_to_entity" />
											<bool name="exclusive" value="False" />
											<string name="modifier_id" value="" />
											<enum name="usage_type" value="addition" />
											<float name="value" value="0.05208333" />
											<instance_reference name="tooltip" value="" />
											<enum name="type" value="resource_per_tick_power_modifier" />
											<instance_reference name="target_type_name" value="" />
										</template_reference>
									</list>
									<uniqueid name="id" value="1073748005" />
								</template_reference>
								<template_reference name="action" value="action\ledger_link_action">
									<uniqueid name="id" value="1073748006" />
									<string name="key" value="selection_group" />
								</template_reference>
								<template_reference name="action" value="action\swap_executer_with_target_action">
									<uniqueid name="id" value="1073748007" />
									<list name="subactions">
										<template_reference name="action" value="action\ledger_link_action">
											<uniqueid name="id" value="1073748008" />
											<string name="key" value="selection_group" />
										</template_reference>
									</list>
								</template_reference>
							</list>
							<uniqueid name="id" value="1073748009" />
							<bool name="any_subaction" value="False" />
							<bool name="finish_with_subactions" value="False" />
							<bool name="override_subactions_context" value="True" />
							<int name="max_target_count" value="1" />
							<bool name="ui_query" value="False" />
							<template_reference name="area_over_time_option" value="options\none">
							</template_reference>
							<bool name="apply_only_once_ever" value="False" />
							<list name="target_requirements">
							</list>
							<bool name="reset_target_count_every_tick" value="False" />
						</template_reference>
						<template_reference name="action" value="action\no_action">
							<uniqueid name="id" value="1073748010" />
							<template_reference name="ui_help_text" value="options\none">
							</template_reference>
						</template_reference>
					</list>
					<uniqueid name="id" value="1073748011" />
					<template_reference name="ui_help_text" value="tables\help_text_phrase">
						<int name="phrase_order" value="0" />
						<locstring name="phrase" value="0" />
					</template_reference>
					<template_reference name="behaviour_type" value="options\action\requirement_action\wait_until_requirements_pass_to_start_wait_again_when_requirements_fail">
					</template_reference>
				</template_reference>
				<template_reference name="action" value="action\requirement_action">
					<bool name="check_self" value="False" />
					<bool name="validation_requires_requirements" value="False" />
					<bool name="validate_all_sub_actions" value="True" />
					<list name="requirement_table">
						<template_reference name="required" value="requirements\required_constructionstate">
							<enum name="reason" value="usage" />
							<locstring name="ui_name" value="0" />
							<bool name="do_construction_completion_check" value="True" />
						</template_reference>
					</list>
					<list name="action_table">
						<template_reference name="action" value="action\player_target_action">
							<bool name="allies" value="True" />
							<bool name="enemies" value="False" />
							<bool name="neutral" value="False" />
							<bool name="self" value="True" />
							<list name="subactions">
								<template_reference name="action" value="action\apply_modifiers_action">
									<float name="duration" value="0" />
									<bool name="permanent" value="False" />
									<list name="modifiers">
										<template_reference name="modifier" value="modifiers\ability_modifier">
											<enum name="application_type" value="apply_to_ability" />
											<bool name="exclusive" value="False" />
											<string name="modifier_id" value="" />
											<instance_reference name="target_type_name" value="abilities\gameplay\economy\listening_post\construct_power_addon" />
											<enum name="usage_type" value="multiply_add" />
											<float name="value" value="0.5" />
											<instance_reference name="tooltip" value="" />
											<enum name="type" value="ability_cost_requisition_modifier" />
										</template_reference>
										<template_reference name="modifier" value="modifiers\ability_modifier">
											<enum name="application_type" value="apply_to_ability" />
											<bool name="exclusive" value="False" />
											<string name="modifier_id" value="" />
											<instance_reference name="target_type_name" value="abilities\gameplay\economy\listening_post\construct_power_2_addon" />
											<enum name="usage_type" value="multiply_add" />
											<float name="value" value="0.25" />
											<instance_reference name="tooltip" value="" />
											<enum name="type" value="ability_cost_requisition_modifier" />
										</template_reference>
										<template_reference name="modifier" value="modifiers\ability_modifier">
											<enum name="application_type" value="apply_to_ability" />
											<bool name="exclusive" value="False" />
											<string name="modifier_id" value="" />
											<instance_reference name="target_type_name" value="abilities\gameplay\economy\listening_post\construct_power_3_addon" />
											<enum name="usage_type" value="multiply_add" />
											<float name="value" value="0.25" />
											<instance_reference name="tooltip" value="" />
											<enum name="type" value="ability_cost_requisition_modifier" />
										</template_reference>
										<template_reference name="modifier" value="modifiers\ability_modifier">
											<enum name="application_type" value="apply_to_ability" />
											<bool name="exclusive" value="False" />
											<string name="modifier_id" value="" />
											<instance_reference name="target_type_name" value="abilities\gameplay\economy\listening_post\construct_elite_addon" />
											<enum name="usage_type" value="multiply_add" />
											<float name="value" value="0.2" />
											<instance_reference name="tooltip" value="" />
											<enum name="type" value="ability_cost_requisition_modifier" />
										</template_reference>
										<template_reference name="modifier" value="modifiers\ability_modifier">
											<enum name="application_type" value="apply_to_ability" />
											<bool name="exclusive" value="False" />
											<string name="modifier_id" value="" />
											<enum name="usage_type" value="multiply_add" />
											<float name="value" value="0.36" />
											<instance_reference name="tooltip" value="" />
											<instance_reference name="target_type_name" value="abilities\gameplay\economy\listening_post\construct_elite_addon" />
											<enum name="type" value="ability_cost_power_modifier" />
										</template_reference>
									</list>
									<uniqueid name="id" value="1073748012" />
								</template_reference>
							</list>
							<uniqueid name="id" value="1073748013" />
							<bool name="player_target" value="True" />
						</template_reference>
					</list>
					<uniqueid name="id" value="1073748014" />
					<template_reference name="ui_help_text" value="tables\help_text_phrase">
						<int name="phrase_order" value="0" />
						<locstring name="phrase" value="0" />
					</template_reference>
					<template_reference name="behaviour_type" value="options\action\requirement_action\wait_until_requirements_pass_to_start">
					</template_reference>
				</template_reference>
			</list>
		</template_reference>
		<template_reference name="exts" value="ebpextensions\speech_ext">
			<string name="speaker_code" value="" />
			<group name="speech_parameters">
				<string name="class_code" value="structure" />
				<string name="name_code" value="" />
				<string name="unit_code" value="gen_addon_power" />
			</group>
			<int name="importance" value="1" />
			<list name="speaker_code_overrides">
			</list>
		</template_reference>
		<template_reference name="exts" value="ebpextensions\combat_ext">
			<bool name="reject_attack_command" value="False" />
			<list name="hardpoints">
			</list>
			<int name="sight_hardpoint" value="-1" />
			<list name="kill_actions">
			</list>
			<bool name="can_be_knocked_back" value="False" />
			<group name="reckoning_blow">
				<list name="attack_table">
				</list>
				<list name="defend_table">
				</list>
			</group>
			<bool name="can_be_stunned" value="False" />
			<bool name="update_facing_during_melee_swings" value="True" />
			<bool name="can_be_levitated" value="False" />
			<template_reference name="weapon_handling_option" value="options\none">
			</template_reference>
			<bool name="allow_auto_target_in_stealth_zone" value="False" />
		</template_reference>
	</list>
	<uniqueid name="pbgid" value="106445" />
</instance>