<instance description="Constructed on power points" template="ebps">
	<list name="extensions">
		<template_reference name="exts" value="ebpextensions\entity_blueprint_ext">
			<file name="alternate_sua" value="" />
			<bool name="always_revealed_in_fow" value="False" />
			<file name="animator" value="armies\orks\structures\bases\accessories\resource_power_standard_common\resource_power_standard_common" />
			<bool name="is_visible_in_game" value="True" />
			<int name="precise_size" value="-1" />
			<list name="additional_animator_blueprints">
			</list>
			<enum name="default_spawn_type" value="" />
			<list name="scenario_animator_blueprints">
			</list>
			<instance_reference name="unit_badge" value="" />
			<list name="animator_overrides">
			</list>
			<bool name="is_spawned_when_not_in_interactive_area" value="True" />
			<bool name="is_wreck" value="False" />
		</template_reference>
		<template_reference name="exts" value="ebpextensions\sim_entity_ext">
			<float name="rotate_snap" value="360" />
			<bool name="kill_paradrop" value="False" />
			<bool name="share_control_with_allies" value="False" />
			<enum name="transferable" value="None" />
		</template_reference>
		<template_reference name="exts" value="ebpextensions\cost_ext">
			<group name="time_cost">
				<enum_table name="cost">
					<float name="action" value="0" />
					<float name="power" value="0" />
					<float name="requisition" value="150" />
					<float name="popcap" value="0" />
					<float name="command" value="0" />
					<float name="drop_pods" value="0" />
					<float name="feat" value="0" />
					<float name="gamma" value="0" />
				</enum_table>
				<float name="time_seconds" value="35" />
			</group>
		</template_reference>
		<template_reference name="exts" value="ebpextensions\health_ext">
			<bool name="can_repair" value="True" />
			<bool name="cuttable" value="False" />
			<string name="death_event_name" value="Death" />
			<float name="death_seconds" value="0" />
			<bool name="delete_when_dead" value="True" />
			<bool name="force_attacker_memory" value="False" />
			<float name="hitpoints" value="750" />
			<bool name="is_invincible" value="False" />
			<bool name="is_salvagable_wreck" value="False" />
			<instance_reference name="rebuilt_entity" value="" />
			<instance_reference name="rebuilt_squad" value="" />
			<bool name="rebuilt_use_wreck_owner" value="False" />
			<bool name="receive_weapon_cover_modifiers" value="True" />
			<float name="regeneration" value="0" />
			<bool name="regeneration_disabled" value="True" />
			<bool name="remove_from_pathfinding_on_death" value="True" />
			<bool name="reveal_to_all_on_death" value="False" />
			<bool name="ui_can_scuttle" value="False" />
			<list name="death_actions">
				<template_reference name="action" value="action\change_target_action">
					<list name="actions">
						<template_reference name="action" value="action\animator_set_action">
							<string name="action_name" value="weapons/ork_bomb_small/hit/default" />
							<bool name="allies_only" value="False" />
							<float name="duration" value="0" />
							<bool name="remove_on_parent_group_finish" value="True" />
							<bool name="is_terrain_only" value="False" />
							<uniqueid name="id" value="1073744397" />
						</template_reference>
						<template_reference name="action" value="action\target">
							<template_reference name="area_info" value="options\area_info_options\circle_area_option">
								<float name="outer_radius" value="0.5" />
								<float name="inner_radius" value="0" />
								<bool name="is_two_dimensional" value="True" />
								<enum name="dynamic_radius_type" value="fixed" />
							</template_reference>
							<bool name="die_with_creator" value="True" />
							<bool name="do_recalc_targets" value="False" />
							<float name="duration" value="0" />
							<bool name="entity_targets" value="True" />
							<instance_reference name="entity_types_to_choose" value="" />
							<bool name="stationary" value="True" />
							<enum name="unit_type" value="" />
							<list name="subactions">
								<template_reference name="action" value="action\ledger_write_action">
									<uniqueid name="id" value="1073744398" />
									<string name="key" value="construction_active" />
									<enum name="operator" value="set" />
									<float name="operand" value="0" />
									<bool name="persistent" value="False" />
									<string name="read_key_from_ledger_key" value="" />
								</template_reference>
							</list>
							<uniqueid name="id" value="1073744399" />
							<bool name="any_subaction" value="True" />
							<bool name="finish_with_subactions" value="True" />
							<bool name="override_subactions_context" value="True" />
							<int name="max_target_count" value="1" />
							<bool name="ui_query" value="False" />
							<template_reference name="area_over_time_option" value="options\none">
							</template_reference>
							<bool name="apply_only_once_ever" value="True" />
							<list name="target_requirements">
								<template_reference name="required" value="requirements\required_unit_type">
									<enum name="reason" value="usage" />
									<locstring name="ui_name" value="0" />
									<enum name="unit_type" value="dow3_power_resource" />
									<template_reference name="qualify_option" value="options\none">
									</template_reference>
									<bool name="search_load_out" value="False" />
								</template_reference>
							</list>
							<bool name="reset_target_count_every_tick" value="False" />
						</template_reference>
					</list>
					<enum name="change_target_type" value="self" />
					<uniqueid name="id" value="1073744400" />
					<bool name="validate_sub_actions" value="False" />
				</template_reference>
				<template_reference name="action" value="action\offset_action" comment="Does knockback to all targets.  Wrapping in an offset action so we can line it up accurately to where the explosion appears to come from (the chest) when laying down.">
					<uniqueid name="id" value="1073746655" />
					<float name="offset_x" value="0" />
					<float name="offset_y" value="0" />
					<float name="offset_z" value="-7" />
					<list name="actions">
						<template_reference name="action" value="action\target">
							<template_reference name="area_info" value="options\area_info_options\circle_area_option">
								<float name="outer_radius" value="45" />
								<float name="inner_radius" value="0" />
								<bool name="is_two_dimensional" value="True" />
								<enum name="dynamic_radius_type" value="fixed" />
							</template_reference>
							<bool name="die_with_creator" value="True" />
							<bool name="do_recalc_targets" value="False" />
							<float name="duration" value="1.625" />
							<bool name="entity_targets" value="False" />
							<instance_reference name="entity_types_to_choose" value="" />
							<bool name="stationary" value="True" />
							<enum name="unit_type" value="" />
							<list name="subactions">
								<template_reference name="action" value="action\knockback_action">
									<uniqueid name="id" value="1073746656" />
									<float name="distance" value="3" />
									<float name="height" value="1" />
									<list name="on_start_actions">
									</list>
									<list name="on_end_actions">
									</list>
									<float name="getup_time_seconds" value="1" />
									<enum name="mode" value="default" />
									<float name="time_to_slide_seconds" value="-1" />
									<float name="aggression" value="0.5" />
									<float name="time_in_air_seconds" value="1" />
									<template_reference name="area_scatter_option" value="options\none">
									</template_reference>
									<bool name="interpolate" value="False" />
									<enum name="ignore_passability_check_type" value="none" />
								</template_reference>
								<template_reference name="action" value="action\damage">
									<float name="damage" value="100" />
									<bool name="percentage" value="False" />
									<bool name="set" value="False" />
									<bool name="cause_criticals" value="False" />
									<enum name="crit_weapon_type" value="ballistic" />
									<uniqueid name="id" value="1073746657" />
									<enum name="crit_direction" value="front" />
									<bool name="allow_overkill" value="True" />
									<enum name="damage_type" value="True Damage" />
									<bool name="ignore_shields" value="False" />
								</template_reference>
							</list>
							<uniqueid name="id" value="1073746658" />
							<bool name="any_subaction" value="True" />
							<bool name="finish_with_subactions" value="True" />
							<bool name="override_subactions_context" value="True" />
							<int name="max_target_count" value="0" />
							<bool name="ui_query" value="False" />
							<template_reference name="area_over_time_option" value="options\action\area_over_time_options\expand_option">
								<float name="time_seconds" value="1.25" />
							</template_reference>
							<bool name="apply_only_once_ever" value="True" />
							<list name="target_requirements">
							</list>
							<bool name="reset_target_count_every_tick" value="False" />
						</template_reference>
					</list>
					<bool name="clamp_to_direct_path" value="False" />
					<bool name="relative_offset" value="True" />
				</template_reference>
			</list>
			<float name="target_size" value="1" />
			<list name="criticals">
				<group name="critical_group">
					<float name="max_health_percentage" value="0" />
					<list name="critical_info">
						<group name="info">
							<float name="weight" value="100" />
							<enum_table name="applicable_weapons">
								<bool name="small_arms" value="True" />
								<bool name="flame" value="True" />
								<bool name="ballistic" value="True" />
								<bool name="explosive" value="True" />
								<bool name="taldeer_melee" value="True" />
								<bool name="cannon" value="True" />
								<bool name="always_gib" value="True" />
							</enum_table>
							<instance_reference name="critical" value="critical\default_death" />
							<enum_table name="applicable_hit_direction">
								<bool name="front" value="True" />
								<bool name="rear" value="True" />
								<bool name="left" value="True" />
								<bool name="right" value="True" />
							</enum_table>
							<enum name="apply_on" value="penetrate" />
						</group>
					</list>
				</group>
			</list>
			<float name="weapon_priority" value="-80" />
			<template_reference name="wreck_entity_option" value="options\none">
			</template_reference>
			<enum name="armor_type" value="Normal" />
			<template_reference name="armor_layout_option" value="options\ebpextensions\healthext\armor_layouts\armor_layout_uniform">
				<float name="armor" value="60" />
			</template_reference>
			<enum name="allegiance_override" value="none" />
			<list name="on_received_damage_actions">
			</list>
			<bool name="not_default_attackable" value="False" />
			<list name="self_destruct_actions">
			</list>
			<list name="rebuilt_entity_actions">
			</list>
		</template_reference>
		<template_reference name="exts" value="ebpextensions\hit_object_ext">
			<instance_reference name="hit_material" value="hit_material\metal" />
			<bool name="hit_non_neutral" value="True" />
			<float name="hit_percentage" value="1" />
			<bool name="pass_through" value="False" />
			<group name="projectile_pass_through">
				<bool name="tp_artillery" value="True" />
				<bool name="tp_collide" value="False" />
				<bool name="tp_vehicle_collide" value="True" />
			</group>
			<template_reference name="projectile_reflect_option" value="options\none">
			</template_reference>
		</template_reference>
		<template_reference name="exts" value="ebpextensions\modifier_ext">
		</template_reference>
		<template_reference name="exts" value="ebpextensions\sight_ext">
			<group name="detect_camouflage">
				<float name="tp_global" value="10" />
				<float name="tp_mine" value="0" />
				<float name="tp_unit" value="0" />
			</group>
			<bool name="extended_sight" value="True" />
			<float name="extended_sight_radius" value="150" />
			<float name="reveal_area_on_death_time" value="6" />
			<group name="sight_package">
				<float name="inner_height" value="2.5" />
				<float name="inner_radius" value="1" />
				<float name="outer_height" value="-3" />
				<float name="outer_radius" value="35" />
				<float name="cone_angle" value="360" />
				<float name="cone_start_radius" value="0" />
			</group>
			<bool name="can_see_through_stealth_zones" value="False" />
			<list name="extended_sight_target_requirements">
			</list>
			<list name="specific_detector_actions">
			</list>
		</template_reference>
		<template_reference name="exts" value="ebpextensions\type_ext">
			<list name="unit_type_list">
				<enum name="unit_type" value="building" />
				<enum name="unit_type" value="dow3_structure" />
				<enum name="unit_type" value="dow3_building_raider_doctrine" />
				<enum name="unit_type" value="dow3_scaling_structure" />
				<enum name="unit_type" value="dow3_addon_power" />
			</list>
			<enum name="weapon_targeting" value="automatic" />
			<bool name="intersection_testing" value="False" />
		</template_reference>
		<template_reference name="exts" value="ebpextensions\ui_ext">
			<bool name="ap_killed_kicker" value="True" />
			<bool name="ap_loss_kicker" value="True" />
			<float name="decorator_height" value="0.3" />
			<bool name="ghost_enable" value="True" />
			<locstring name="help_text" value="11140367" />
			<string name="hotkey_name" value="D" />
			<icon name="icon_name" value="Icons_common_resources_resource_power" />
			<enum name="kill_type" value="infantry" />
			<colour name="minimap_color" value="*" />
			<bool name="minimap_enable" value="False" />
			<bool name="minimap_team_only" value="False" />
			<bool name="minimap_teamcolor" value="False" />
			<string name="overlay_name" value="" />
			<bool name="reveal_for_decryption" value="True" />
			<locstring name="screen_name" value="11115379" />
			<enum name="selection_name" value="" />
			<float name="selection_scale" value="1" />
			<enum name="selection_type" value="single_entity_select" />
			<locstring name="tooltip_txt" value="0" />
			<int name="ui_priority" value="0" />
			<icon name="minimap_icon" value="Icons_common_decorators_capture_point_power_upgrade" />
			<float name="minimap_icon_scale" value="1" />
			<icon name="portrait_icon" value="Icons_common_resources_resource_power" />
			<locstring name="brief_text" value="0" />
			<string name="extra_text_deprecated" value="" />
			<locstring name="extra_text" value="267" mod="a5fef7c6e07942ffb7483ef8065b8755" />
			<locstring name="screen_name_short" value="0" />
			<bool name="show_in_build_log" value="True" />
			<bool name="show_entity_appearance" value="True" />
			<locstring name="screen_name_world" value="0" />
			<locstring name="help_text_world" value="0" />
			<locstring name="extra_text_world" value="0" />
			<enum name="map_rotation_type_override" value="no_override" />
			<icon name="symbol_icon_name" value="Icons_common_decorators_structure_power" />
			<enum name="occlusion_state" value="occlude_others" />
			<enum name="decorator_visibility" value="visible" />
			<bool name="skin_pack_override" value="False" />
			<string name="skin_summer" value="" />
			<string name="skin_winter" value="" />
			<enum name="targeting_and_bandbox_selection_priority" value="lowest" />
			<enum name="selection_method" value="terrain_obb_mesh" />
			<group name="terrain_info_display_offset">
				<float name="x" value="0" />
				<float name="y" value="0" />
			</group>
			<string name="decorator_ledger_key" value="" />
			<instance_reference name="decorator_ledger_bar_style" value="" />
			<enum name="selection_name_squad_override" value="" />
			<string name="selection_grouping_ledger_key" value="selection_group" />
			<float name="decorator_height_spatial_ability" value="-1" />
		</template_reference>
		<template_reference name="exts" value="ebpextensions\construction_ext">
			<bool name="automatic_fit_on_placement" value="True" />
			<bool name="can_set_facing" value="True" />
			<float name="cancel_refund_percentage" value="100" />
			<string name="construction_state_name" value="ability_construction_state" />
			<float name="construction_transition_time" value="0" />
			<bool name="force_construction" value="False" />
			<float name="max_engineers" value="1" />
			<instance_reference name="on_construction_squad" value="" />
			<float name="orientation" value="0" />
			<enum name="placement_type" value="tp_structure" />
			<bool name="prefer_spots_on_side_with_leader" value="False" />
			<bool name="query_abilities_for_range_ui" value="False" />
			<bool name="query_construction_actions_for_range_ui" value="False" />
			<bool name="query_upgrade_actions_for_range_ui" value="False" />
			<bool name="random_rotation" value="False" />
			<float name="replace_ghost_distance" value="8" />
			<bool name="self_construct" value="False" />
			<list name="on_construction_actions">
				<template_reference name="action" value="action\activate_extension_action">
					<bool name="activation" value="True" />
					<list name="entity_extensions_to_set">
						<enum name="entity_extension_id" value="walkable_surface_ext" />
					</list>
					<list name="squad_extensions_to_set">
					</list>
					<uniqueid name="id" value="1073744401" />
				</template_reference>
				<template_reference name="action" value="action\player_target_action">
					<bool name="allies" value="False" />
					<bool name="enemies" value="False" />
					<bool name="neutral" value="False" />
					<bool name="self" value="True" />
					<list name="subactions">
						<template_reference name="action" value="action\modify_resources">
							<enum_table name="resource_to_modify">
								<float name="action" value="0" />
								<float name="command" value="0" />
								<float name="popcap" value="0" />
								<float name="power" value="50" />
								<float name="requisition" value="0" />
								<float name="drop_pods" value="0" />
								<float name="feat" value="0" />
								<float name="gamma" value="0" />
							</enum_table>
							<bool name="modify_per_second" value="False" />
							<bool name="ignore_resource_cap" value="False" />
							<uniqueid name="id" value="1073747144" />
							<enum name="modification_type" value="adjust" />
							<template_reference name="read_from_ledger_option" value="options\none">
							</template_reference>
						</template_reference>
					</list>
					<uniqueid name="id" value="1073747143" />
					<bool name="player_target" value="True" />
				</template_reference>
			</list>
			<group name="field_placement_info">
				<instance_reference name="border_entity" value="" />
				<instance_reference name="replace_entity" value="" />
				<int name="replace_count" value="0" />
				<float name="replace_retry_distance" value="0" />
			</group>
			<instance_reference name="placement_valid" value="ui_rectangle\construction_placement_valid" />
			<instance_reference name="placement_invalid" value="ui_rectangle\construction_placement_invalid" />
			<instance_reference name="ui_range" value="" />
			<float name="ui_range_radius" value="20" />
			<instance_reference name="ui_setfacing" value="" />
			<bool name="query_weapon_for_range_ui" value="False" />
			<group name="placement_requirements">
				<bool name="must_be_in_line_of_sight" value="False" />
				<bool name="must_not_be_in_walkable_surfaces" value="False" />
				<bool name="must_be_on_strategic_point" value="False" />
				<list name="requirements">
					<template_reference name="requirement" value="requirements\required_not">
						<enum name="reason" value="usage" />
						<locstring name="ui_name" value="0" />
						<list name="requirement_table">
							<template_reference name="required" value="requirements\required_near_entity">
								<enum name="reason" value="usage" />
								<locstring name="ui_name" value="0" />
								<list name="near_entity_requirement">
									<template_reference name="required" value="requirements\required_unit_type">
										<enum name="reason" value="usage" />
										<locstring name="ui_name" value="0" />
										<enum name="unit_type" value="resource_node" />
										<template_reference name="qualify_option" value="options\none">
										</template_reference>
										<bool name="search_load_out" value="False" />
									</template_reference>
								</list>
								<template_reference name="area_option" value="options\area_info_options\circle_area_option">
									<float name="outer_radius" value="10" />
									<float name="inner_radius" value="0" />
									<bool name="is_two_dimensional" value="False" />
									<enum name="dynamic_radius_type" value="fixed" />
								</template_reference>
								<enum name="nearby_collision_filter" value="all" />
							</template_reference>
						</list>
					</template_reference>
					<template_reference name="requirement" value="requirements\required_not">
						<enum name="reason" value="usage" />
						<locstring name="ui_name" value="0" />
						<list name="requirement_table">
							<template_reference name="required" value="requirements\required_near_entity">
								<enum name="reason" value="usage" />
								<locstring name="ui_name" value="0" />
								<list name="near_entity_requirement">
									<template_reference name="required" value="requirements\required_unit_type">
										<enum name="reason" value="usage" />
										<locstring name="ui_name" value="0" />
										<enum name="unit_type" value="dow3_heavy_cover" />
										<template_reference name="qualify_option" value="options\none">
										</template_reference>
										<bool name="search_load_out" value="False" />
									</template_reference>
								</list>
								<template_reference name="area_option" value="options\area_info_options\circle_area_option">
									<float name="outer_radius" value="4" />
									<float name="inner_radius" value="0" />
									<bool name="is_two_dimensional" value="False" />
									<enum name="dynamic_radius_type" value="fixed" />
								</template_reference>
								<enum name="nearby_collision_filter" value="all" />
							</template_reference>
						</list>
					</template_reference>
				</list>
				<float name="spacing_distance" value="0" />
				<bool name="skip_impass_checks_and_ignore_immovable_entities" value="False" />
			</group>
			<bool name="squad_ignore_pathfinding" value="False" />
			<bool name="can_be_cancelled" value="True" />
			<template_reference name="construction_health_option" value="options\none">
			</template_reference>
			<list name="on_construction_terrain_bonuses">
			</list>
		</template_reference>
		<template_reference name="exts" value="ebpextensions\site_ext">
			<float name="extra_build_test_footprint_x" value="1" />
			<bool name="require_all_cells_clear" value="True" />
			<bool name="snap_to_terrain" value="False" />
			<bool name="ignore_impass" value="False" />
			<bool name="lock_to_impass" value="True" />
			<float name="extra_build_test_footprint_z" value="1" />
			<float name="extra_build_test_footprint_offset_x" value="0" />
			<float name="extra_build_test_footprint_offset_z" value="0" />
		</template_reference>
		<template_reference name="exts" value="ebpextensions\impass_ext">
			<bool name="cant_build" value="True" />
			<group name="impass_simboxes">
				<bool name="default_simbox" value="True" />
				<list name="named_simboxes">
				</list>
			</group>
			<list name="block_path">
				<instance_reference name="path_type" value="pass_types\infantry" />
				<instance_reference name="path_type" value="pass_types\vehicle" />
			</list>
		</template_reference>
		<template_reference name="exts" value="ebpextensions\action_apply_ext">
			<list name="actions" comment="1) Target the player and allied players and increase the cost of using the abilities that construct the add-ons.  This is done to make a more gradual ramp up in the economy and to make it more forgiving if you have to come back.&#xD;&#xA;&#xD;&#xA;2) Find the listening post and decrement a simvar (ledger) so that the construct ability knows which slot it should be building in.  &#xD;&#xA;    This is done on spawn and not on finished construction to prevent players from building more than they actually can (and on the same spot).">
				<template_reference name="action" value="action\requirement_action" comment="Modifier used to weaken structures while being constructed, there is another modifier on construction complete to negate this modifier.">
					<bool name="check_self" value="False" />
					<bool name="validation_requires_requirements" value="False" />
					<bool name="validate_all_sub_actions" value="False" />
					<list name="requirement_table">
						<template_reference name="required" value="requirements\required_not">
							<enum name="reason" value="usage" />
							<locstring name="ui_name" value="0" />
							<list name="requirement_table">
								<template_reference name="required" value="requirements\required_constructionstate">
									<enum name="reason" value="usage" />
									<locstring name="ui_name" value="0" />
									<bool name="do_construction_completion_check" value="True" />
								</template_reference>
							</list>
						</template_reference>
					</list>
					<list name="action_table">
						<template_reference name="action" value="action\apply_modifiers_action" comment="Modifier to negate the received damage modifer applied on spawn.">
							<float name="duration" value="0" />
							<bool name="permanent" value="False" />
							<list name="modifiers">
								<template_reference name="modifier" value="modifiers\entity_modifier">
									<enum name="application_type" value="apply_to_entity" />
									<bool name="exclusive" value="False" />
									<string name="modifier_id" value="construction" />
									<enum name="usage_type" value="addition" />
									<float name="value" value="4" />
									<instance_reference name="tooltip" value="" />
									<enum name="type" value="received_damage_modifier" />
									<instance_reference name="target_type_name" value="" />
								</template_reference>
							</list>
							<uniqueid name="id" value="1073744901" />
						</template_reference>
						<template_reference name="action" value="action\ui_unit_modifier_action">
							<bool name="die_with_creator" value="True" />
							<template_reference name="ui_info" value="tables\ui_info">
								<locstring name="screen_name" value="11129402" />
								<locstring name="help_text" value="11130779" />
								<icon name="icon_name" value="Icons_common_states_defense_lowered" />
								<string name="hotkey_name" value="" />
							</template_reference>
							<uniqueid name="id" value="1073744902" />
						</template_reference>
					</list>
					<uniqueid name="id" value="1073744903" />
					<template_reference name="ui_help_text" value="tables\help_text_phrase">
						<int name="phrase_order" value="0" />
						<locstring name="phrase" value="0" />
					</template_reference>
					<template_reference name="behaviour_type" value="options\action\requirement_action\check_once_to_start_stop_when_requirements_fail">
					</template_reference>
				</template_reference>
				<template_reference name="action" value="action\requirement_action" comment="Checks to see if the building is in stealth cover.">
					<bool name="check_self" value="False" />
					<bool name="validation_requires_requirements" value="False" />
					<bool name="validate_all_sub_actions" value="False" />
					<list name="requirement_table">
						<template_reference name="required" value="requirements\required_in_stealth_zone">
							<locstring name="ui_name" value="0" />
							<enum name="reason" value="usage" />
							<bool name="require_no_detected_enemies" value="False" />
							<enum name="squad_check_behaviour" value="require_all_entities" />
						</template_reference>
					</list>
					<list name="action_table">
						<template_reference name="action" value="action\ui_unit_modifier_action">
							<bool name="die_with_creator" value="False" />
							<template_reference name="ui_info" value="tables\ui_info">
								<locstring name="screen_name" value="11106243" />
								<locstring name="help_text" value="11106242" />
								<icon name="icon_name" value="Icons_common_states_stealth_cover" />
								<string name="hotkey_name" value="" />
							</template_reference>
							<uniqueid name="id" value="1073744904" />
						</template_reference>
					</list>
					<uniqueid name="id" value="1073744905" />
					<template_reference name="ui_help_text" value="tables\help_text_phrase">
						<int name="phrase_order" value="0" />
						<locstring name="phrase" value="0" />
					</template_reference>
					<template_reference name="behaviour_type" value="options\action\requirement_action\check_only_when_this_starts">
					</template_reference>
				</template_reference>
			</list>
		</template_reference>
		<template_reference name="exts" value="ebpextensions\speech_ext">
			<string name="speaker_code" value="" />
			<group name="speech_parameters">
				<string name="class_code" value="structure" />
				<string name="name_code" value="object" />
				<string name="unit_code" value="gen_addon_power" />
			</group>
			<int name="importance" value="1" />
			<list name="speaker_code_overrides">
			</list>
		</template_reference>
		<template_reference name="exts" value="ebpextensions\combat_ext">
			<bool name="reject_attack_command" value="False" />
			<list name="hardpoints">
			</list>
			<int name="sight_hardpoint" value="-1" />
			<list name="kill_actions">
			</list>
			<bool name="can_be_knocked_back" value="False" />
			<group name="reckoning_blow">
				<list name="attack_table">
				</list>
				<list name="defend_table">
				</list>
			</group>
			<bool name="can_be_stunned" value="False" />
			<bool name="update_facing_during_melee_swings" value="True" />
			<bool name="can_be_levitated" value="False" />
			<template_reference name="weapon_handling_option" value="options\none">
			</template_reference>
			<bool name="allow_auto_target_in_stealth_zone" value="False" />
		</template_reference>
		<template_reference name="exts" value="ebpextensions\modifier_apply_ext">
			<list name="modifiers">
				<template_reference name="modifier" value="modifiers\player_modifier">
					<enum name="type" value="player_income_power_modifier" />
					<enum name="application_type" value="apply_to_player" />
					<enum name="usage_type" value="addition" />
					<float name="value" value="0.025" />
					<instance_reference name="tooltip" value="" />
					<bool name="exclusive" value="False" />
					<string name="modifier_id" value="" />
					<instance_reference name="target_type_name" value="" />
				</template_reference>
			</list>
		</template_reference>
		<template_reference name="exts" value="ebpextensions\requirement_ext">
			<list name="requirement_table">
				<template_reference name="required" value="requirements\required_not">
					<enum name="reason" value="usage" />
					<locstring name="ui_name" value="135" mod="a5fef7c6e07942ffb7483ef8065b8755" />
					<list name="requirement_table">
						<template_reference name="required" value="requirements\required_structure">
							<enum name="reason" value="usage" />
							<locstring name="ui_name" value="0" />
							<instance_reference name="structure_name" value="ebps\gameplay\economy\ork_addon_power_build" mod="a5fef7c6e07942ffb7483ef8065b8755" />
							<int name="required_structure_count" value="6" />
							<bool name="check_team" value="False" />
							<bool name="require_construction_complete" value="False" />
						</template_reference>
					</list>
				</template_reference>
			</list>
		</template_reference>
		<template_reference name="exts" value="ebpextensions\movement_blocker_ext">
			<bool name="use_default_simbox" value="True" />
			<float name="custom_box_X" value="0" />
			<float name="custom_box_Y" value="0" />
			<float name="custom_box_Z" value="0" />
			<enum name="movement_blocker_ignore_type" value="none" />
			<list name="ignore_pass_types">
				<instance_reference name="pass_type" value="pass_types\skimmer" />
			</list>
		</template_reference>
		<template_reference name="exts" value="ebpextensions\line_of_sight_ext">
			<group name="blocking_box">
				<float name="x" value="0.01" />
				<float name="y" value="0.01" />
				<float name="z" value="0.01" />
			</group>
			<bool name="is_shot_blocking" value="False" />
			<bool name="use_blocking_box" value="False" />
			<enum name="does_block_line_of_sight" value="never" />
			<bool name="reveal_center_when_outside_is_visible" value="True" />
		</template_reference>
		<template_reference name="exts" value="ebpextensions\marker_ext">
		</template_reference>
		<template_reference name="exts" value="ebpextensions\camouflage_ext">
			<float name="attack_priority" value="3.402823E+38" />
			<enum name="camouflage_type" value="tp_unit" />
			<bool name="chain_revealer" value="False" />
			<float name="detection_radius" value="1" />
			<bool name="must_be_fully_constructed" value="False" />
			<bool name="permanently_activated" value="False" />
			<float name="combat_reset_time" value="10" />
			<float name="first_strike_shots" value="1" />
			<float name="revert_max" value="10" />
			<float name="revert_multiplier" value="1" />
			<float name="revert_time" value="5" />
			<float name="revert_time_on_detection" value="10" />
			<list name="camouflage_actions">
			</list>
			<list name="first_strike_actions">
			</list>
			<enum name="camouflaged_combat_stance" value="attack" />
		</template_reference>
		<template_reference name="exts" value="ebpextensions\ability_ext">
			<list name="abilities">
			</list>
		</template_reference>
	</list>
	<uniqueid name="pbgid" value="1073741851" />
</instance>