<instance description="" template="ebps">
	<list name="extensions">
		<template_reference name="exts" value="ebpextensions\entity_blueprint_ext">
			<file name="alternate_sua" value="armies\orks\troops\nob\armour\nob_kommando_common\nob_kommando_common" />
			<bool name="always_revealed_in_fow" value="False" />
			<file name="animator" value="armies\orks\troops\nob\archetypes\nob_kommando_2hand_range\nob_kommando_2hand_range" />
			<bool name="is_visible_in_game" value="True" />
			<int name="precise_size" value="2" />
			<list name="additional_animator_blueprints">
				<group name="animator_blueprint">
					<file name="animator" value="armies\orks\troops\nob\armour\nob_kommando_common\nob_kommando_common" />
					<list name="animator_overrides">
						<group name="animator_override">
							<file name="animator" value="armies\orks\troops\nob\armour\nob_kommando_prog\nob_kommando_prog" />
							<instance_reference name="skin" value="army_skin\orks\progression\kommando_skin" />
						</group>
					</list>
				</group>
				<group name="animator_blueprint">
					<file name="animator" value="armies\orks\troops\nob\weapons_ranged\speshulshoota_standard_common\speshulshoota_standard_common" />
					<list name="animator_overrides">
					</list>
				</group>
			</list>
			<enum name="default_spawn_type" value="" />
			<list name="scenario_animator_blueprints">
			</list>
			<instance_reference name="unit_badge" value="" />
			<list name="animator_overrides">
				<group name="animator_override">
					<file name="animator" value="armies\orks\troops\nob\archetypes\nob_kommando_2hand_range\nob_kommando_2hand_range" />
					<instance_reference name="skin" value="army_skin\orks\progression\kommando_skin" />
				</group>
			</list>
			<bool name="is_spawned_when_not_in_interactive_area" value="True" />
			<bool name="is_wreck" value="False" />
		</template_reference>
		<template_reference name="exts" value="ebpextensions\sim_entity_ext">
			<float name="rotate_snap" value="360" />
			<bool name="kill_paradrop" value="False" />
			<bool name="share_control_with_allies" value="False" />
			<enum name="transferable" value="Kill" />
		</template_reference>
		<template_reference name="exts" value="ebpextensions\ability_ext">
			<list name="abilities">
			</list>
		</template_reference>
		<template_reference name="exts" value="ebpextensions\action_apply_ext">
			<list name="actions">
				<template_reference name="action" value="action\requirement_action" comment="If he has 1 round left and has not been in combat for a while, force a reload.">
					<bool name="check_self" value="True" />
					<bool name="validation_requires_requirements" value="False" />
					<bool name="validate_all_sub_actions" value="True" />
					<list name="requirement_table">
						<template_reference name="required" value="requirements\required_ledger">
							<locstring name="ui_name" value="0" />
							<enum name="reason" value="usage" />
							<string name="key" value="ammo" />
							<float name="default_value" value="0" />
							<float name="compare_to_value" value="1" />
							<enum name="comparison" value="equal_to" />
							<enum name="ledger_type" value="squad_ledger" />
							<float name="ui_max_value" value="0" />
							<float name="ui_min_value" value="0" />
							<string name="read_key_from_ledger_key" value="" />
						</template_reference>
						<template_reference name="required" value="requirements\required_not">
							<enum name="reason" value="usage" />
							<locstring name="ui_name" value="0" />
							<list name="requirement_table">
								<template_reference name="required" value="requirements\required_in_state">
									<enum name="reason" value="usage" />
									<locstring name="ui_name" value="0" />
									<float name="was_attacked_within_seconds" value="10" />
									<list name="check_states">
									</list>
									<float name="was_attacking_within_seconds" value="10" />
								</template_reference>
							</list>
						</template_reference>
					</list>
					<list name="action_table">
						<template_reference name="action" value="action\apply_modifiers_action">
							<float name="duration" value="0" />
							<bool name="permanent" value="False" />
							<list name="modifiers">
								<template_reference name="modifier" value="modifiers\weapon_modifier">
									<enum name="application_type" value="apply_to_weapon" />
									<bool name="exclusive" value="False" />
									<string name="modifier_id" value="" />
									<string name="target_type_name" value="hardpoint_01" />
									<enum name="usage_type" value="addition" />
									<float name="value" value="-2.5" />
									<instance_reference name="tooltip" value="" />
									<enum name="type" value="reload_weapon_modifier" />
								</template_reference>
							</list>
							<uniqueid name="id" value="1073743440" />
						</template_reference>
						<template_reference name="action" value="action\force_reload_action">
							<int name="hardpoint_index" value="1" />
							<uniqueid name="id" value="1073743441" />
						</template_reference>
						<template_reference name="action" value="action\debug_action">
							<template_reference name="debug_sub_action" value="debug_sub_actions\text_in_world">
								<string name="text" value="RELOADING" />
								<colour name="colour" value="*" />
								<float name="duration" value="2" />
								<bool name="use_fow" value="False" />
							</template_reference>
							<uniqueid name="id" value="1073743442" />
						</template_reference>
					</list>
					<uniqueid name="id" value="1073743443" />
					<template_reference name="ui_help_text" value="tables\help_text_phrase">
						<int name="phrase_order" value="0" />
						<locstring name="phrase" value="0" />
					</template_reference>
					<template_reference name="behaviour_type" value="options\action\requirement_action\wait_until_requirements_pass_to_start_wait_again_when_requirements_fail">
					</template_reference>
				</template_reference>
			</list>
		</template_reference>
		<template_reference name="exts" value="ebpextensions\cost_ext">
			<group name="time_cost">
				<enum_table name="cost">
					<float name="action" value="0" />
					<float name="popcap" value="0" />
					<float name="power" value="40" />
					<float name="requisition" value="400" />
					<float name="command" value="0" />
					<float name="drop_pods" value="0" />
					<float name="feat" value="0" />
					<float name="gamma" value="3" />
				</enum_table>
				<float name="time_seconds" value="25" />
			</group>
		</template_reference>
		<template_reference name="exts" value="ebpextensions\health_ext">
			<bool name="can_repair" value="False" />
			<bool name="cuttable" value="False" />
			<string name="death_event_name" value="Death" />
			<float name="death_seconds" value="25" />
			<bool name="delete_when_dead" value="True" />
			<bool name="force_attacker_memory" value="False" />
			<float name="hitpoints" value="1400" />
			<bool name="is_invincible" value="False" />
			<bool name="is_salvagable_wreck" value="False" />
			<instance_reference name="rebuilt_entity" value="" />
			<instance_reference name="rebuilt_squad" value="" />
			<bool name="rebuilt_use_wreck_owner" value="False" />
			<bool name="receive_weapon_cover_modifiers" value="True" />
			<float name="regeneration" value="0" />
			<bool name="regeneration_disabled" value="False" />
			<bool name="remove_from_pathfinding_on_death" value="True" />
			<bool name="reveal_to_all_on_death" value="False" />
			<bool name="ui_can_scuttle" value="False" />
			<list name="death_actions">
				<template_reference name="action" value="action\change_target_action" comment="When this unit dies, checks to see if it has this upgrade, if it doesn't adds the upgrade and the ability.">
					<list name="actions">
						<template_reference name="action" value="action\player_target_action">
							<bool name="allies" value="False" />
							<bool name="enemies" value="False" />
							<bool name="neutral" value="False" />
							<bool name="self" value="True" />
							<list name="subactions">
								<template_reference name="action" value="action\add_ability_action">
									<uniqueid name="id" value="1073743444" />
									<instance_reference name="ability_to_add" value="abilities\races\orks\elite_deploy\ork_ed_kommando" />
								</template_reference>
								<template_reference name="action" value="action\upgrade_add">
									<bool name="apply_to_entities_in_squad" value="False" />
									<bool name="trigger_publish_event" value="False" />
									<instance_reference name="upgrade" value="upgrade\races\orks\elites\elite_deploy\ork_kommando_unlock" />
									<uniqueid name="id" value="1073743445" />
									<bool name="allow_duplicates" value="False" />
								</template_reference>
							</list>
							<uniqueid name="id" value="1073743446" />
							<bool name="player_target" value="True" />
						</template_reference>
					</list>
					<enum name="change_target_type" value="self" />
					<uniqueid name="id" value="1073743447" />
					<bool name="validate_sub_actions" value="False" />
				</template_reference>
				<template_reference name="action" value="action\player_target_action">
					<bool name="allies" value="False" />
					<bool name="enemies" value="False" />
					<bool name="neutral" value="False" />
					<bool name="self" value="True" />
					<list name="subactions">
						<template_reference name="action" value="action\modify_resources">
							<enum_table name="resource_to_modify">
								<float name="action" value="0" />
								<float name="command" value="0" />
								<float name="popcap" value="0" />
								<float name="power" value="0" />
								<float name="requisition" value="0" />
								<float name="drop_pods" value="0" />
								<float name="feat" value="0" />
								<float name="gamma" value="3" />
							</enum_table>
							<bool name="modify_per_second" value="False" />
							<bool name="ignore_resource_cap" value="False" />
							<uniqueid name="id" value="1073747154" />
							<enum name="modification_type" value="adjust" />
							<template_reference name="read_from_ledger_option" value="options\none">
							</template_reference>
						</template_reference>
					</list>
					<uniqueid name="id" value="1073747155" />
					<bool name="player_target" value="True" />
				</template_reference>
			</list>
			<float name="target_size" value="1" />
			<list name="criticals">
				<group name="critical_group">
					<float name="max_health_percentage" value="0" />
					<list name="critical_info">
						<group name="info">
							<float name="weight" value="100" />
							<enum_table name="applicable_weapons">
								<bool name="small_arms" value="True" />
								<bool name="flame" value="True" />
								<bool name="ballistic" value="True" />
								<bool name="explosive" value="True" />
								<bool name="taldeer_melee" value="True" />
								<bool name="cannon" value="True" />
								<bool name="always_gib" value="True" />
							</enum_table>
							<instance_reference name="critical" value="critical\default_death" />
							<enum_table name="applicable_hit_direction">
								<bool name="front" value="True" />
								<bool name="rear" value="True" />
								<bool name="left" value="True" />
								<bool name="right" value="True" />
							</enum_table>
							<enum name="apply_on" value="penetrate" />
						</group>
						<group name="info">
							<float name="weight" value="100" />
							<enum_table name="applicable_weapons">
								<bool name="small_arms" value="True" />
								<bool name="flame" value="True" />
								<bool name="ballistic" value="True" />
								<bool name="explosive" value="True" />
								<bool name="taldeer_melee" value="True" />
								<bool name="cannon" value="True" />
								<bool name="always_gib" value="True" />
							</enum_table>
							<instance_reference name="critical" value="critical\knocked_back_death" />
							<enum_table name="applicable_hit_direction">
								<bool name="front" value="True" />
								<bool name="rear" value="True" />
								<bool name="left" value="True" />
								<bool name="right" value="True" />
							</enum_table>
							<enum name="apply_on" value="penetrate" />
						</group>
						<group name="info">
							<float name="weight" value="100" />
							<enum_table name="applicable_weapons">
								<bool name="small_arms" value="False" />
								<bool name="flame" value="False" />
								<bool name="ballistic" value="False" />
								<bool name="explosive" value="False" />
								<bool name="taldeer_melee" value="True" />
								<bool name="cannon" value="True" />
								<bool name="always_gib" value="False" />
							</enum_table>
							<instance_reference name="critical" value="critical\knocked_back_when_killed" />
							<enum_table name="applicable_hit_direction">
								<bool name="front" value="True" />
								<bool name="rear" value="True" />
								<bool name="left" value="True" />
								<bool name="right" value="True" />
							</enum_table>
							<enum name="apply_on" value="penetrate" />
						</group>
						<group name="info">
							<float name="weight" value="100" />
							<enum_table name="applicable_weapons">
								<bool name="small_arms" value="True" />
								<bool name="flame" value="True" />
								<bool name="ballistic" value="True" />
								<bool name="explosive" value="True" />
								<bool name="taldeer_melee" value="True" />
								<bool name="cannon" value="True" />
								<bool name="always_gib" value="True" />
							</enum_table>
							<instance_reference name="critical" value="critical\orbital_death" />
							<enum_table name="applicable_hit_direction">
								<bool name="front" value="True" />
								<bool name="rear" value="True" />
								<bool name="left" value="True" />
								<bool name="right" value="True" />
							</enum_table>
							<enum name="apply_on" value="penetrate" />
						</group>
					</list>
				</group>
			</list>
			<float name="weapon_priority" value="0" />
			<template_reference name="wreck_entity_option" value="options\none">
			</template_reference>
			<enum name="armor_type" value="Normal" />
			<template_reference name="armor_layout_option" value="options\ebpextensions\healthext\armor_layouts\armor_layout_uniform">
				<float name="armor" value="50" />
			</template_reference>
			<enum name="allegiance_override" value="none" />
			<list name="on_received_damage_actions">
			</list>
			<bool name="not_default_attackable" value="False" />
			<list name="self_destruct_actions">
			</list>
			<list name="rebuilt_entity_actions">
			</list>
		</template_reference>
		<template_reference name="exts" value="ebpextensions\hit_object_ext">
			<instance_reference name="hit_material" value="hit_material\armour" />
			<bool name="hit_non_neutral" value="False" />
			<float name="hit_percentage" value="1" />
			<bool name="pass_through" value="False" />
			<group name="projectile_pass_through">
				<bool name="tp_artillery" value="True" />
				<bool name="tp_collide" value="False" />
				<bool name="tp_vehicle_collide" value="True" />
			</group>
			<template_reference name="projectile_reflect_option" value="options\none">
			</template_reference>
		</template_reference>
		<template_reference name="exts" value="ebpextensions\line_of_sight_ext">
			<group name="blocking_box">
				<float name="x" value="0.01" />
				<float name="y" value="0.01" />
				<float name="z" value="0.01" />
			</group>
			<bool name="is_shot_blocking" value="False" />
			<bool name="use_blocking_box" value="False" />
			<enum name="does_block_line_of_sight" value="never" />
			<bool name="reveal_center_when_outside_is_visible" value="True" />
		</template_reference>
		<template_reference name="exts" value="ebpextensions\modifier_ext">
		</template_reference>
		<template_reference name="exts" value="ebpextensions\population_ext">
			<float name="medic_pop" value="0" />
			<float name="personnel_pop" value="0" />
			<float name="vehicle_pop" value="0" />
		</template_reference>
		<template_reference name="exts" value="ebpextensions\sight_ext">
			<group name="detect_camouflage">
				<float name="tp_global" value="0" />
				<float name="tp_mine" value="0" />
				<float name="tp_unit" value="0" />
			</group>
			<bool name="extended_sight" value="True" />
			<float name="extended_sight_radius" value="350" />
			<float name="reveal_area_on_death_time" value="6" />
			<group name="sight_package">
				<float name="inner_height" value="3.5" />
				<float name="inner_radius" value="1" />
				<float name="outer_height" value="3.5" />
				<float name="outer_radius" value="35" />
				<float name="cone_angle" value="360" />
				<float name="cone_start_radius" value="0" />
			</group>
			<bool name="can_see_through_stealth_zones" value="False" />
			<list name="extended_sight_target_requirements">
			</list>
			<list name="specific_detector_actions">
			</list>
		</template_reference>
		<template_reference name="exts" value="ebpextensions\type_ext">
			<list name="unit_type_list">
				<enum name="unit_type" value="ork" />
				<enum name="unit_type" value="dow3_kommando" />
				<enum name="unit_type" value="infantry" />
			</list>
			<enum name="weapon_targeting" value="automatic" />
			<bool name="intersection_testing" value="False" />
		</template_reference>
		<template_reference name="exts" value="ebpextensions\ui_ext">
			<bool name="ap_killed_kicker" value="True" />
			<bool name="ap_loss_kicker" value="True" />
			<float name="decorator_height" value="5.5" />
			<bool name="ghost_enable" value="False" />
			<locstring name="help_text" value="0" />
			<string name="hotkey_name" value="" />
			<icon name="icon_name" value="" />
			<enum name="kill_type" value="infantry" />
			<colour name="minimap_color" value="*" />
			<bool name="minimap_enable" value="True" />
			<bool name="minimap_team_only" value="False" />
			<bool name="minimap_teamcolor" value="False" />
			<string name="overlay_name" value="" />
			<bool name="reveal_for_decryption" value="False" />
			<locstring name="screen_name" value="0" />
			<enum name="selection_name" value="" />
			<float name="selection_scale" value="1" />
			<enum name="selection_type" value="squad_select" />
			<locstring name="tooltip_txt" value="0" />
			<int name="ui_priority" value="0" />
			<icon name="minimap_icon" value="" />
			<float name="minimap_icon_scale" value="1" />
			<icon name="portrait_icon" value="" />
			<locstring name="brief_text" value="0" />
			<string name="extra_text_deprecated" value="" />
			<locstring name="extra_text" value="0" />
			<locstring name="screen_name_short" value="0" />
			<bool name="show_in_build_log" value="True" />
			<bool name="show_entity_appearance" value="True" />
			<locstring name="screen_name_world" value="0" />
			<locstring name="help_text_world" value="0" />
			<locstring name="extra_text_world" value="0" />
			<enum name="map_rotation_type_override" value="no_override" />
			<icon name="symbol_icon_name" value="Icons_common_decorators_orks_elite_kommando" />
			<enum name="occlusion_state" value="can_be_occluded" />
			<enum name="decorator_visibility" value="default" />
			<bool name="skin_pack_override" value="False" />
			<string name="skin_summer" value="" />
			<string name="skin_winter" value="" />
			<enum name="targeting_and_bandbox_selection_priority" value="medium" />
			<enum name="selection_method" value="culling_AABB" />
			<group name="terrain_info_display_offset">
				<float name="x" value="0" />
				<float name="y" value="0" />
			</group>
			<string name="decorator_ledger_key" value="" />
			<instance_reference name="decorator_ledger_bar_style" value="" />
			<enum name="selection_name_squad_override" value="" />
			<string name="selection_grouping_ledger_key" value="" />
			<float name="decorator_height_spatial_ability" value="-1" />
		</template_reference>
		<template_reference name="exts" value="ebpextensions\combat_ext">
			<bool name="reject_attack_command" value="False" />
			<list name="hardpoints">
				<group name="hardpoint">
					<float name="parent_hardpoint" value="-1" />
					<list name="weapon_table">
						<group name="weapon">
							<group name="heading">
								<float name="x" value="0" />
								<float name="y" value="0" />
								<float name="z" value="1" />
							</group>
							<float name="length" value="0" />
							<group name="origin">
								<float name="x" value="0" />
								<float name="y" value="0.5" />
								<float name="z" value="0" />
							</group>
							<enum name="type" value="default" />
							<instance_reference name="weapon" value="weapon\orks\elite_units\ranged\ork_shotgun_kommando" mod="a5fef7c6e07942ffb7483ef8065b8755" />
						</group>
					</list>
					<bool name="receives_attack_commands" value="True" />
					<bool name="display_in_forge" value="True" />
				</group>
				<group name="hardpoint">
					<float name="parent_hardpoint" value="-1" />
					<list name="weapon_table">
						<group name="weapon">
							<group name="heading">
								<float name="x" value="0" />
								<float name="y" value="0" />
								<float name="z" value="1" />
							</group>
							<float name="length" value="0" />
							<group name="origin">
								<float name="x" value="0" />
								<float name="y" value="1.5" />
								<float name="z" value="0" />
							</group>
							<enum name="type" value="default" />
							<instance_reference name="weapon" value="weapon\orks\elite_units\melee\ork_choppa_kommando" mod="a5fef7c6e07942ffb7483ef8065b8755" />
						</group>
					</list>
					<bool name="receives_attack_commands" value="True" />
					<bool name="display_in_forge" value="True" />
				</group>
				<group name="hardpoint" comment="Added the dummy weapon to make the Kommando move closer than max range, attempting to make sure most of the target squad is within the AOE of the weapon. ">
					<float name="parent_hardpoint" value="-1" />
					<list name="weapon_table">
						<group name="weapon">
							<group name="heading">
								<float name="x" value="0" />
								<float name="y" value="0" />
								<float name="z" value="1" />
							</group>
							<float name="length" value="0" />
							<group name="origin">
								<float name="x" value="0" />
								<float name="y" value="0.5" />
								<float name="z" value="0" />
							</group>
							<enum name="type" value="default" />
							<instance_reference name="weapon" value="weapon\orks\elite_units\ranged\ork_dummy_range_kommando" />
						</group>
					</list>
					<bool name="receives_attack_commands" value="True" />
					<bool name="display_in_forge" value="False" />
				</group>
			</list>
			<int name="sight_hardpoint" value="-1" />
			<list name="kill_actions">
			</list>
			<bool name="can_be_knocked_back" value="True" />
			<group name="reckoning_blow">
				<list name="attack_table">
				</list>
				<list name="defend_table">
				</list>
			</group>
			<bool name="can_be_stunned" value="True" />
			<bool name="update_facing_during_melee_swings" value="True" />
			<bool name="can_be_levitated" value="True" />
			<template_reference name="weapon_handling_option" value="options\none">
			</template_reference>
			<bool name="allow_auto_target_in_stealth_zone" value="False" />
		</template_reference>
		<template_reference name="exts" value="ebpextensions\cover_ext">
			<enum_table name="cover_types">
				<template_reference name="tp_defcover" value="cover_ext_cover_type">
					<group name="posture">
						<bool name="prevent_prone" value="False" />
						<bool name="prevent_standing" value="False" />
					</group>
					<float name="safety_value" value="0" />
					<float name="speed_multiplier" value="1" />
					<list name="actions">
					</list>
				</template_reference>
				<template_reference name="tp_defcover_narrow" value="cover_ext_cover_type">
					<group name="posture">
						<bool name="prevent_prone" value="False" />
						<bool name="prevent_standing" value="False" />
					</group>
					<float name="safety_value" value="0" />
					<float name="speed_multiplier" value="1" />
					<list name="actions">
					</list>
				</template_reference>
				<template_reference name="tp_garrison_cover" value="cover_ext_cover_type">
					<group name="posture">
						<bool name="prevent_prone" value="False" />
						<bool name="prevent_standing" value="False" />
					</group>
					<float name="safety_value" value="0" />
					<float name="speed_multiplier" value="1" />
					<list name="actions">
					</list>
				</template_reference>
				<template_reference name="tp_garrison_halftrack" value="cover_ext_cover_type">
					<group name="posture">
						<bool name="prevent_prone" value="False" />
						<bool name="prevent_standing" value="False" />
					</group>
					<float name="safety_value" value="0" />
					<float name="speed_multiplier" value="1" />
					<list name="actions">
					</list>
				</template_reference>
				<template_reference name="tp_heavy" value="cover_ext_cover_type">
					<group name="posture">
						<bool name="prevent_prone" value="False" />
						<bool name="prevent_standing" value="False" />
					</group>
					<float name="safety_value" value="0" />
					<float name="speed_multiplier" value="1" />
					<list name="actions">
					</list>
				</template_reference>
				<template_reference name="tp_light" value="cover_ext_cover_type">
					<group name="posture">
						<bool name="prevent_prone" value="False" />
						<bool name="prevent_standing" value="False" />
					</group>
					<float name="safety_value" value="0" />
					<float name="speed_multiplier" value="1" />
					<list name="actions">
					</list>
				</template_reference>
				<template_reference name="tp_negative" value="cover_ext_cover_type">
					<group name="posture">
						<bool name="prevent_prone" value="False" />
						<bool name="prevent_standing" value="False" />
					</group>
					<float name="safety_value" value="0" />
					<float name="speed_multiplier" value="1" />
					<list name="actions">
					</list>
				</template_reference>
				<template_reference name="tp_open" value="cover_ext_cover_type">
					<group name="posture">
						<bool name="prevent_prone" value="False" />
						<bool name="prevent_standing" value="False" />
					</group>
					<float name="safety_value" value="0" />
					<float name="speed_multiplier" value="1" />
					<list name="actions">
					</list>
				</template_reference>
				<template_reference name="tp_smoke" value="cover_ext_cover_type">
					<group name="posture">
						<bool name="prevent_prone" value="False" />
						<bool name="prevent_standing" value="False" />
					</group>
					<float name="safety_value" value="0" />
					<float name="speed_multiplier" value="1" />
					<list name="actions">
					</list>
				</template_reference>
				<template_reference name="tp_trench" value="cover_ext_cover_type">
					<group name="posture">
						<bool name="prevent_prone" value="False" />
						<bool name="prevent_standing" value="False" />
					</group>
					<float name="safety_value" value="0" />
					<float name="speed_multiplier" value="1" />
					<list name="actions">
					</list>
				</template_reference>
				<template_reference name="tp_water" value="cover_ext_cover_type">
					<group name="posture">
						<bool name="prevent_prone" value="True" />
						<bool name="prevent_standing" value="False" />
					</group>
					<float name="safety_value" value="0" />
					<float name="speed_multiplier" value="1" />
					<list name="actions">
					</list>
				</template_reference>
				<template_reference name="tp_z_bunker" value="cover_ext_cover_type">
					<group name="posture">
						<bool name="prevent_prone" value="False" />
						<bool name="prevent_standing" value="False" />
					</group>
					<float name="safety_value" value="0" />
					<float name="speed_multiplier" value="1" />
					<list name="actions">
					</list>
				</template_reference>
				<template_reference name="tp_z_emplacement" value="cover_ext_cover_type">
					<group name="posture">
						<bool name="prevent_prone" value="False" />
						<bool name="prevent_standing" value="False" />
					</group>
					<float name="safety_value" value="0" />
					<float name="speed_multiplier" value="1" />
					<list name="actions">
					</list>
				</template_reference>
				<template_reference name="tp_z_ice" value="cover_ext_cover_type">
					<list name="actions">
					</list>
					<group name="posture">
						<bool name="prevent_prone" value="False" />
						<bool name="prevent_standing" value="False" />
					</group>
					<float name="safety_value" value="0" />
					<float name="speed_multiplier" value="1" />
				</template_reference>
				<template_reference name="tp_z_snow" value="cover_ext_cover_type">
					<list name="actions">
					</list>
					<group name="posture">
						<bool name="prevent_prone" value="False" />
						<bool name="prevent_standing" value="False" />
					</group>
					<float name="safety_value" value="0" />
					<float name="speed_multiplier" value="1" />
				</template_reference>
				<template_reference name="tp_zz_deep_snow" value="cover_ext_cover_type">
					<list name="actions">
					</list>
					<group name="posture">
						<bool name="prevent_prone" value="False" />
						<bool name="prevent_standing" value="False" />
					</group>
					<float name="safety_value" value="0" />
					<float name="speed_multiplier" value="1" />
				</template_reference>
				<template_reference name="tp_zz_mud" value="cover_ext_cover_type">
					<list name="actions">
					</list>
					<group name="posture">
						<bool name="prevent_prone" value="False" />
						<bool name="prevent_standing" value="False" />
					</group>
					<float name="safety_value" value="0" />
					<float name="speed_multiplier" value="1" />
				</template_reference>
				<template_reference name="tp_zz_team_weapon_heavy" value="cover_ext_cover_type">
					<list name="actions">
					</list>
					<group name="posture">
						<bool name="prevent_prone" value="False" />
						<bool name="prevent_standing" value="False" />
					</group>
					<float name="safety_value" value="0" />
					<float name="speed_multiplier" value="1" />
				</template_reference>
				<template_reference name="tp_shot_absorber" value="cover_ext_cover_type">
					<group name="posture">
						<bool name="prevent_prone" value="False" />
						<bool name="prevent_standing" value="False" />
					</group>
					<float name="safety_value" value="0" />
					<float name="speed_multiplier" value="1" />
					<list name="actions">
					</list>
				</template_reference>
			</enum_table>
		</template_reference>
		<template_reference name="exts" value="ebpextensions\modifier_apply_ext">
			<list name="modifiers">
			</list>
		</template_reference>
		<template_reference name="exts" value="ebpextensions\moving_ext">
			<float name="acceleration" value="-1" />
			<float name="deceleration" value="-1" />
			<float name="high_path_look_ahead_max_dist" value="10" />
			<bool name="orient_to_terrain" value="False" />
			<instance_reference name="pass_type" value="pass_types\infantry" />
			<float name="rotation_rate" value="10000" />
			<float name="rotation_rate_crouch" value="870" />
			<float name="rotation_rate_prone" value="225" />
			<float name="rotation_rate_stand" value="870" />
			<bool name="smooth_path" value="True" />
			<float name="speed_max" value="8.5" />
			<instance_reference name="turn_plan" value="turn_plan\human" />
			<float name="on_land_overturn_scale" value="0" />
			<enum name="motion_tree_movement_direction_count" value="2" />
			<int name="right_of_way_priority" value="1" />
			<bool name="use_prediction" value="False" />
			<list name="on_enter_stealth_zone_actions">
			</list>
			<list name="on_exit_stealth_zone_actions">
			</list>
			<bool name="reduce_clipping_by_slowing_other" value="False" />
			<template_reference name="walker_option" value="options\none">
			</template_reference>
			<enum name="motion_tree_pivot_animations_count" value="0" />
			<bool name="motion_tree_atomic_pivot_anim" value="False" />
			<template_reference name="skimmer_option" value="options\none">
			</template_reference>
			<bool name="can_path_into_blocked_cover" value="True" />
			<enum name="can_pass_through_enemies_type" value="none" />
			<enum name="can_stop_on_top_of_enemies_type" value="none" />
			<template_reference name="convertible_dynamics_option" value="options\none">
			</template_reference>
			<template_reference name="pathfinding_option" value="options\none">
			</template_reference>
		</template_reference>
		<template_reference name="exts" value="ebpextensions\holdable_ext">
			<enum name="holdable" value="hold_infantry" />
		</template_reference>
		<template_reference name="exts" value="ebpextensions\upgrade_ext">
			<bool name="must_be_in_supply" value="False" />
			<float name="number_of_standard_slots" value="-1" />
			<list name="standard_upgrades">
			</list>
			<int name="max_queue_size_override" value="-1" />
		</template_reference>
		<template_reference name="exts" value="ebpextensions\posture_ext">
			<instance_reference name="posture_group" value="posture\default_posture_group" />
			<bool name="uses_posture_speed" value="False" />
		</template_reference>
		<template_reference name="exts" value="ebpextensions\camouflage_ext" comment="NOTE: Kommando's knockback is done on the first_strike_actions of his camouflage_ext">
			<float name="attack_priority" value="3.402823E+38" />
			<enum name="camouflage_type" value="tp_unit" />
			<bool name="chain_revealer" value="True" />
			<float name="detection_radius" value="0" />
			<bool name="must_be_fully_constructed" value="False" />
			<bool name="permanently_activated" value="False" />
			<float name="combat_reset_time" value="12" />
			<float name="first_strike_shots" value="1" />
			<float name="revert_max" value="12" />
			<float name="revert_multiplier" value="1" />
			<float name="revert_time" value="12" />
			<float name="revert_time_on_detection" value="12" />
			<list name="camouflage_actions">
				<template_reference name="action" value="action\change_target_action">
					<list name="actions">
						<template_reference name="action" value="action\requirement_action">
							<bool name="check_self" value="False" />
							<bool name="validation_requires_requirements" value="False" />
							<bool name="validate_all_sub_actions" value="True" />
							<list name="requirement_table">
								<template_reference name="required" value="requirements\required_not">
									<enum name="reason" value="usage" />
									<locstring name="ui_name" value="0" />
									<list name="requirement_table">
										<template_reference name="required" value="requirements\required_in_state">
											<enum name="reason" value="usage" />
											<locstring name="ui_name" value="0" />
											<float name="was_attacked_within_seconds" value="-1" />
											<list name="check_states">
												<enum name="state_requirement_type" value="not_moving" />
											</list>
											<float name="was_attacking_within_seconds" value="-1" />
										</template_reference>
									</list>
								</template_reference>
							</list>
							<list name="action_table">
								<template_reference name="action" value="action\interval_action">
									<float name="interval_second" value="0.5" />
									<uniqueid name="id" value="1073743462" />
									<list name="interval_subactions">
										<group name="interval_subaction_group">
											<float name="trigger_time_second" value="0" />
											<list name="actions">
												<template_reference name="action" value="action\timed_action">
													<float name="duration" value="1" />
													<bool name="fire_and_forget" value="True" />
													<list name="subactions">
														<template_reference name="action" value="action\trigger_dca_action">
															<string name="dca_action_name" value="weapons/common/stealth_movement_infantry/hit/default" />
															<float name="duration" value="1" />
															<bool name="is_terrain_only" value="True" />
															<uniqueid name="id" value="1073743463" />
															<enum name="visibility_type" value="Global" />
														</template_reference>
													</list>
													<uniqueid name="id" value="1073743464" />
												</template_reference>
											</list>
										</group>
									</list>
									<bool name="progress_bar" value="False" />
								</template_reference>
							</list>
							<uniqueid name="id" value="1073743465" />
							<template_reference name="ui_help_text" value="tables\help_text_phrase">
								<int name="phrase_order" value="0" />
								<locstring name="phrase" value="0" />
							</template_reference>
							<template_reference name="behaviour_type" value="options\action\requirement_action\wait_until_requirements_pass_to_start_wait_again_when_requirements_fail">
							</template_reference>
						</template_reference>
					</list>
					<enum name="change_target_type" value="entities" />
					<uniqueid name="id" value="1073743466" />
					<bool name="validate_sub_actions" value="False" />
				</template_reference>
			</list>
			<list name="first_strike_actions">
				<template_reference name="action" value="action\direction_override_action">
					<uniqueid name="id" value="1073743467" />
					<list name="actions">
						<template_reference name="action" value="action\target">
							<template_reference name="area_info" value="options\area_info_options\pie_area_option" comment="size / area should be kept in sync with his weapon.">
								<float name="outer_radius" value="13" />
								<float name="angle_left" value="-45" />
								<float name="angle_right" value="45" />
								<float name="inner_radius" value="0" />
								<enum name="dynamic_radius_type" value="fixed" />
							</template_reference>
							<bool name="die_with_creator" value="True" />
							<bool name="do_recalc_targets" value="False" />
							<float name="duration" value="0" />
							<bool name="entity_targets" value="False" />
							<instance_reference name="entity_types_to_choose" value="" />
							<bool name="stationary" value="True" />
							<enum name="unit_type" value="" />
							<list name="subactions">
								<template_reference name="action" value="action\knockback_action">
									<uniqueid name="id" value="1073743468" />
									<float name="distance" value="2" />
									<float name="height" value="0" />
									<list name="on_start_actions">
									</list>
									<list name="on_end_actions">
									</list>
									<float name="getup_time_seconds" value="1" />
									<enum name="mode" value="default" />
									<float name="time_to_slide_seconds" value="1" />
									<float name="aggression" value="0.5" />
									<float name="time_in_air_seconds" value="0.25" />
									<template_reference name="area_scatter_option" value="options\none">
									</template_reference>
									<bool name="interpolate" value="False" />
									<enum name="ignore_passability_check_type" value="none" />
								</template_reference>
							</list>
							<uniqueid name="id" value="1073743469" />
							<bool name="any_subaction" value="True" />
							<bool name="finish_with_subactions" value="True" />
							<bool name="override_subactions_context" value="True" />
							<int name="max_target_count" value="0" />
							<bool name="ui_query" value="False" />
							<template_reference name="area_over_time_option" value="options\none">
							</template_reference>
							<bool name="apply_only_once_ever" value="False" />
							<list name="target_requirements">
								<template_reference name="required" value="requirements\required_ownership">
									<enum name="reason" value="usage" />
									<locstring name="ui_name" value="0" />
									<enum name="ownership_type" value="enemy" />
								</template_reference>
							</list>
							<bool name="reset_target_count_every_tick" value="False" />
						</template_reference>
					</list>
					<bool name="reverse" value="False" />
					<enum name="direction_override_type" value="executer_heading" />
					<string name="read_direction_target_from_ledger_key" value="" />
				</template_reference>
			</list>
			<enum name="camouflaged_combat_stance" value="attack" />
		</template_reference>
		<template_reference name="exts" value="ebpextensions\audio_ext">
			<list name="rtpc_events">
			</list>
			<list name="sound_banks">
				<enum name="sound_bank" value="media_memory_sfx_race_ork_elite_00_kommando" />
				<enum name="sound_bank" value="structures_speech_gameplay_ork_elite_00_kommando" />
			</list>
			<list name="sound_banks_overrides">
			</list>
		</template_reference>
	</list>
	<uniqueid name="pbgid" value="1073741842" />
</instance>