<instance description="" template="ebps">
	<list name="extensions">
		<template_reference name="exts" value="ebpextensions\entity_blueprint_ext">
			<file name="alternate_sua" value="" />
			<bool name="always_revealed_in_fow" value="False" />
			<file name="animator" value="armies\orks\troops\deff_dread\archetypes\deff_dread_4hand_melee\deff_dread_4hand_melee" />
			<bool name="is_visible_in_game" value="True" />
			<int name="precise_size" value="5" />
			<list name="additional_animator_blueprints">
				<group name="animator_blueprint">
					<file name="animator" value="armies\orks\troops\deff_dread\armour\deffdread_standard_common\deffdread_standard_common" />
					<list name="animator_overrides">
					</list>
				</group>
				<group name="animator_blueprint">
					<file name="animator" value="armies\orks\troops\deff_dread\weapons_melee\buzzsaw_standard_common_left\buzzsaw_standard_common_left" />
					<list name="animator_overrides">
					</list>
				</group>
				<group name="animator_blueprint">
					<file name="animator" value="armies\orks\troops\deff_dread\weapons_melee\buzzsaw_standard_common_right\buzzsaw_standard_common_right" />
					<list name="animator_overrides">
					</list>
				</group>
				<group name="animator_blueprint">
					<file name="animator" value="armies\orks\troops\deff_dread\weapons_melee\powerklaw_standard_common_left\powerklaw_standard_common_left" />
					<list name="animator_overrides">
					</list>
				</group>
				<group name="animator_blueprint">
					<file name="animator" value="armies\orks\troops\deff_dread\weapons_melee\powerklaw_standard_common_right\powerklaw_standard_common_right" />
					<list name="animator_overrides">
					</list>
				</group>
			</list>
			<enum name="default_spawn_type" value="" />
			<list name="scenario_animator_blueprints">
			</list>
			<instance_reference name="unit_badge" value="" />
			<list name="animator_overrides">
			</list>
			<bool name="is_spawned_when_not_in_interactive_area" value="True" />
			<bool name="is_wreck" value="False" />
		</template_reference>
		<template_reference name="exts" value="ebpextensions\sim_entity_ext">
			<float name="rotate_snap" value="360" />
			<bool name="kill_paradrop" value="False" />
			<bool name="share_control_with_allies" value="False" />
			<enum name="transferable" value="None" />
		</template_reference>
		<template_reference name="exts" value="ebpextensions\ability_ext">
			<list name="abilities">
			</list>
		</template_reference>
		<template_reference name="exts" value="ebpextensions\action_apply_ext">
			<list name="actions" comment="NOTE: On all non-skimmer vehicles I am ENABLING knockback on them but disabling it through a modifier.  This is so that the Gorkanaut can DISABLE the modifier when it tries to push units away instead of them getting stuck in its ring of movement blockers.">
				<template_reference name="action" value="action\apply_modifiers_action" comment="NOTE: On all vehicles I am ENABLING knockback on them but disabling it through a modifier.  This is so that the Gorkanaut can DISABLE the modifier when it tries to push units away instead of them getting stuck in its ring of movement blockers.">
					<float name="duration" value="0" />
					<bool name="permanent" value="False" />
					<list name="modifiers">
						<template_reference name="modifier" value="modifiers\entity_modifier">
							<enum name="application_type" value="apply_to_entity" />
							<bool name="exclusive" value="False" />
							<string name="modifier_id" value="" />
							<enum name="usage_type" value="enable" />
							<float name="value" value="-1" />
							<instance_reference name="tooltip" value="" />
							<enum name="type" value="enable_knock_back_modifier" />
							<instance_reference name="target_type_name" value="" />
						</template_reference>
					</list>
					<uniqueid name="id" value="1073745186" />
				</template_reference>
				<template_reference name="action" value="action\apply_modifiers_action">
					<float name="duration" value="0" />
					<bool name="permanent" value="False" />
					<list name="modifiers">
						<template_reference name="modifier" value="modifiers\weapon_modifier">
							<enum name="application_type" value="apply_to_weapon" />
							<bool name="exclusive" value="False" />
							<string name="modifier_id" value="" />
							<string name="target_type_name" value="hardpoint_02" />
							<enum name="usage_type" value="enable" />
							<float name="value" value="-1" />
							<instance_reference name="tooltip" value="" />
							<enum name="type" value="enable_weapon_modifier" />
						</template_reference>
					</list>
					<uniqueid name="id" value="1073745187" />
				</template_reference>
				<template_reference name="action" value="action\animator_set_state">
					<bool name="apply_to_leader_only" value="False" />
					<string name="do_action_state_name" value="on" />
					<bool name="retrigger" value="False" />
					<string name="state_machine_name" value="has_wreck" />
					<string name="undo_action_state_name" value="" />
					<uniqueid name="id" value="1073745188" />
				</template_reference>
			</list>
		</template_reference>
		<template_reference name="exts" value="ebpextensions\cost_ext">
			<group name="time_cost">
				<enum_table name="cost">
					<float name="action" value="0" />
					<float name="power" value="250" />
					<float name="requisition" value="140" />
					<float name="popcap" value="0" />
					<float name="command" value="0" />
					<float name="drop_pods" value="0" />
					<float name="feat" value="0" />
					<float name="gamma" value="0" />
				</enum_table>
				<float name="time_seconds" value="25" />
			</group>
		</template_reference>
		<template_reference name="exts" value="ebpextensions\health_ext">
			<bool name="can_repair" value="False" />
			<bool name="cuttable" value="False" />
			<string name="death_event_name" value="Death" />
			<float name="death_seconds" value="7" />
			<bool name="delete_when_dead" value="True" />
			<bool name="force_attacker_memory" value="False" />
			<float name="hitpoints" value="2400" />
			<bool name="is_invincible" value="False" />
			<bool name="is_salvagable_wreck" value="False" />
			<instance_reference name="rebuilt_entity" value="" />
			<instance_reference name="rebuilt_squad" value="" />
			<bool name="rebuilt_use_wreck_owner" value="False" />
			<bool name="receive_weapon_cover_modifiers" value="True" />
			<float name="regeneration" value="0" />
			<bool name="regeneration_disabled" value="False" />
			<bool name="remove_from_pathfinding_on_death" value="True" />
			<bool name="reveal_to_all_on_death" value="False" />
			<bool name="ui_can_scuttle" value="False" />
			<list name="death_actions">
				<template_reference name="action" value="action\change_target_action" comment="NOTE FOR CLONING - Special functionality that spawns a gretchin on death and deals damage in an area.">
					<list name="actions">
						<template_reference name="action" value="action\spawn_squad">
							<bool name="check_popcap" value="False" />
							<bool name="spawn_at_ability_target" value="True" />
							<instance_reference name="squad_name" value="sbps\races\orks\line_units\ork_boy" mod="a5fef7c6e07942ffb7483ef8065b8755" />
							<uniqueid name="id" value="1073745189" />
							<int name="num_squads_to_spawn" value="1" />
							<list name="subactions">
								<template_reference name="action" value="action\direction_override_action">
									<uniqueid name="id" value="1073745190" />
									<list name="actions">
										<template_reference name="action" value="action\knockback_action">
											<uniqueid name="id" value="1073745191" />
											<float name="distance" value="7" />
											<float name="height" value="35" />
											<list name="on_start_actions">
												<template_reference name="Action" value="action\delay">
													<float name="delay" value="3" />
													<float name="delay_min" value="3" />
													<bool name="progress_bar" value="False" />
													<bool name="randomize" value="False" />
													<list name="delayed_actions">
														<template_reference name="action" value="action\damage">
															<float name="damage" value="2000" />
															<bool name="percentage" value="False" />
															<bool name="set" value="False" />
															<bool name="cause_criticals" value="True" />
															<enum name="crit_weapon_type" value="small_arms" />
															<uniqueid name="id" value="1073745192" />
															<enum name="crit_direction" value="front" />
															<bool name="allow_overkill" value="False" />
															<enum name="damage_type" value="True Damage" />
															<bool name="ignore_shields" value="False" />
														</template_reference>
													</list>
													<uniqueid name="id" value="1073745193" />
													<bool name="can_prevent_refund" value="True" />
												</template_reference>
											</list>
											<list name="on_end_actions">
											</list>
											<float name="getup_time_seconds" value="1" />
											<enum name="mode" value="default" />
											<float name="time_to_slide_seconds" value="-1" />
											<float name="aggression" value="0.5" />
											<float name="time_in_air_seconds" value="3" />
											<template_reference name="area_scatter_option" value="options\weapon\area_scatter_option">
												<template_reference name="area_info" value="options\area_info_options\circle_area_option">
													<float name="outer_radius" value="30" />
													<float name="inner_radius" value="0" />
													<bool name="is_two_dimensional" value="True" />
													<enum name="dynamic_radius_type" value="fixed" />
												</template_reference>
												<float name="lambda" value="0" />
											</template_reference>
											<bool name="interpolate" value="False" />
											<enum name="ignore_passability_check_type" value="only_while_in_the_air" />
										</template_reference>
									</list>
									<bool name="reverse" value="False" />
									<enum name="direction_override_type" value="random_flat_direction" />
									<string name="read_direction_target_from_ledger_key" value="" />
								</template_reference>
								<template_reference name="action" value="action\animator_set_action">
									<string name="action_name" value="weapons/spacemarine/flamer_secondary/hit/default" />
									<bool name="allies_only" value="False" />
									<float name="duration" value="3" />
									<bool name="remove_on_parent_group_finish" value="True" />
									<bool name="is_terrain_only" value="False" />
									<uniqueid name="id" value="1073745194" />
								</template_reference>
								<template_reference name="action" value="action\change_ownership">
									<enum name="change_type" value="neutral" />
									<uniqueid name="id" value="1073745195" />
								</template_reference>
								<template_reference name="action" value="action\ui_decorator_action">
									<icon name="symbol_icon" value="" />
									<uniqueid name="id" value="1073745196" />
									<string name="state_label" value="" />
									<bool name="hide" value="True" />
									<string name="cover_level_icon_suffix" value="" />
									<icon name="summer_portrait_icon" value="" />
									<icon name="winter_portrait_icon" value="" />
									<enum name="state_frame" value="none" />
								</template_reference>
								<template_reference name="action" value="action\set_selection_type_action">
									<uniqueid name="id" value="1073745197" />
									<enum name="selection_type" value="no_select" />
								</template_reference>
							</list>
							<int name="load_out_limit" value="1" />
							<bool name="ignore_pathfinding" value="False" />
							<string name="read_sbp_from_ledger_key" value="" />
							<string name="animator_state" value="" />
							<bool name="ignore_formation_for_single_unit" value="False" />
							<string name="formation_override" value="" />
							<string name="read_ignore_entities_from_ledger_key" value="" />
							<enum name="ignore_entities_ledger_type" value="self_ledger" />
						</template_reference>
						<template_reference name="action" value="action\fire_and_forget_action">
							<uniqueid name="id" value="1073745198" />
							<list name="fire_and_forget_actions">
								<template_reference name="action" value="action\spawn_entity">
									<float name="duration" value="0" />
									<instance_reference name="entity_blueprint" value="ebps\races\orks\gameplay\ork_deff_dread_explosion_delayed" />
									<bool name="permanent" value="True" />
									<bool name="player_owned" value="True" />
									<uniqueid name="id" value="1073745199" />
									<template_reference name="spawn_attached_option" value="options\none">
									</template_reference>
									<list name="spawned_entity_actions">
									</list>
									<group name="offset">
										<float name="x" value="0" />
										<float name="y" value="0" />
										<float name="z" value="0" />
									</group>
									<bool name="offset_in_target_coord_system" value="False" />
									<bool name="spawn_at_target_height" value="False" />
									<bool name="force_construction" value="True" />
									<list name="target_requirements">
									</list>
								</template_reference>
							</list>
							<bool name="fire_if_any_can" value="False" />
						</template_reference>
						<template_reference name="action" value="action\reveal_area">
							<bool name="all_player" value="False" />
							<float name="duration" value="10" />
							<bool name="fire_and_forget" value="True" />
							<float name="radius" value="35" />
							<uniqueid name="id" value="1073745200" />
						</template_reference>
					</list>
					<enum name="change_target_type" value="self" />
					<uniqueid name="id" value="1073745201" />
					<bool name="validate_sub_actions" value="False" />
				</template_reference>
				<template_reference name="action" value="action\change_target_action">
					<list name="actions">
						<template_reference name="action" value="action\animator_set_action">
							<string name="action_name" value="fx_act_damage_death_aoe" />
							<bool name="allies_only" value="False" />
							<float name="duration" value="8" />
							<bool name="remove_on_parent_group_finish" value="True" />
							<bool name="is_terrain_only" value="False" />
							<uniqueid name="id" value="1073745202" />
						</template_reference>
					</list>
					<enum name="change_target_type" value="self" />
					<uniqueid name="id" value="1073745203" />
					<bool name="validate_sub_actions" value="False" />
				</template_reference>
				<template_reference name="action" value="action\change_target_action">
					<list name="actions">
						<template_reference name="action" value="action\animator_set_state">
							<bool name="apply_to_leader_only" value="False" />
							<string name="do_action_state_name" value="disabled" />
							<bool name="retrigger" value="True" />
							<string name="state_machine_name" value="doctrine_electrik_shield" />
							<string name="undo_action_state_name" value="" />
							<uniqueid name="id" value="1073745204" />
						</template_reference>
					</list>
					<enum name="change_target_type" value="self" />
					<uniqueid name="id" value="1073745205" />
					<bool name="validate_sub_actions" value="False" />
				</template_reference>
			</list>
			<float name="target_size" value="1" />
			<list name="criticals">
				<group name="critical_group">
					<float name="max_health_percentage" value="0" />
					<list name="critical_info">
						<group name="info">
							<float name="weight" value="100" />
							<enum_table name="applicable_weapons">
								<bool name="small_arms" value="True" />
								<bool name="flame" value="True" />
								<bool name="ballistic" value="True" />
								<bool name="explosive" value="True" />
								<bool name="taldeer_melee" value="True" />
								<bool name="cannon" value="True" />
								<bool name="always_gib" value="True" />
							</enum_table>
							<instance_reference name="critical" value="critical\default_death" />
							<enum_table name="applicable_hit_direction">
								<bool name="front" value="True" />
								<bool name="rear" value="True" />
								<bool name="left" value="True" />
								<bool name="right" value="True" />
							</enum_table>
							<enum name="apply_on" value="penetrate" />
						</group>
						<group name="info">
							<float name="weight" value="100" />
							<enum_table name="applicable_weapons">
								<bool name="small_arms" value="True" />
								<bool name="flame" value="True" />
								<bool name="ballistic" value="True" />
								<bool name="explosive" value="True" />
								<bool name="taldeer_melee" value="True" />
								<bool name="cannon" value="True" />
								<bool name="always_gib" value="True" />
							</enum_table>
							<instance_reference name="critical" value="critical\orbital_death" />
							<enum_table name="applicable_hit_direction">
								<bool name="front" value="True" />
								<bool name="rear" value="True" />
								<bool name="left" value="True" />
								<bool name="right" value="True" />
							</enum_table>
							<enum name="apply_on" value="penetrate" />
						</group>
					</list>
				</group>
			</list>
			<float name="weapon_priority" value="0" />
			<template_reference name="wreck_entity_option" value="options\ebpextensions\healthext\wreck_table">
				<enum_table name="wreck_entities">
					<instance_reference name="default" value="ebps\races\orks\wrecks\line_units\ork_deff_dread_wreck" />
					<instance_reference name="brewup" value="" />
				</enum_table>
				<list name="spawn_wreck_requirements">
				</list>
				<bool name="keep_wreck_ownership" value="False" />
			</template_reference>
			<enum name="armor_type" value="Heavy" />
			<template_reference name="armor_layout_option" value="options\ebpextensions\healthext\armor_layouts\armor_layout_uniform">
				<float name="armor" value="160" />
			</template_reference>
			<enum name="allegiance_override" value="none" />
			<list name="on_received_damage_actions">
			</list>
			<bool name="not_default_attackable" value="False" />
			<list name="self_destruct_actions">
			</list>
			<list name="rebuilt_entity_actions">
			</list>
		</template_reference>
		<template_reference name="exts" value="ebpextensions\hit_object_ext">
			<instance_reference name="hit_material" value="hit_material\hvyarmour" />
			<bool name="hit_non_neutral" value="False" />
			<float name="hit_percentage" value="1" />
			<bool name="pass_through" value="False" />
			<group name="projectile_pass_through">
				<bool name="tp_artillery" value="True" />
				<bool name="tp_collide" value="False" />
				<bool name="tp_vehicle_collide" value="False" />
			</group>
			<template_reference name="projectile_reflect_option" value="options\none">
			</template_reference>
		</template_reference>
		<template_reference name="exts" value="ebpextensions\line_of_sight_ext">
			<group name="blocking_box">
				<float name="x" value="0.01" />
				<float name="y" value="0.01" />
				<float name="z" value="0.01" />
			</group>
			<bool name="is_shot_blocking" value="False" />
			<bool name="use_blocking_box" value="False" />
			<enum name="does_block_line_of_sight" value="never" />
			<bool name="reveal_center_when_outside_is_visible" value="True" />
		</template_reference>
		<template_reference name="exts" value="ebpextensions\modifier_ext">
		</template_reference>
		<template_reference name="exts" value="ebpextensions\population_ext">
			<float name="medic_pop" value="0" />
			<float name="personnel_pop" value="0" />
			<float name="vehicle_pop" value="0" />
		</template_reference>
		<template_reference name="exts" value="ebpextensions\sight_ext">
			<group name="detect_camouflage">
				<float name="tp_global" value="0" />
				<float name="tp_mine" value="0" />
				<float name="tp_unit" value="0" />
			</group>
			<bool name="extended_sight" value="True" />
			<float name="extended_sight_radius" value="350" />
			<float name="reveal_area_on_death_time" value="6" />
			<group name="sight_package">
				<float name="inner_height" value="3.5" />
				<float name="inner_radius" value="1" />
				<float name="outer_height" value="3.5" />
				<float name="outer_radius" value="35" />
				<float name="cone_angle" value="360" />
				<float name="cone_start_radius" value="0" />
			</group>
			<bool name="can_see_through_stealth_zones" value="False" />
			<list name="extended_sight_target_requirements">
			</list>
			<list name="specific_detector_actions">
			</list>
		</template_reference>
		<template_reference name="exts" value="ebpextensions\type_ext">
			<list name="unit_type_list">
				<enum name="unit_type" value="ork" />
				<enum name="unit_type" value="dow3_deff_dread" />
				<enum name="unit_type" value="vehicle" />
				<enum name="unit_type" value="dow3_melee_unit" comment="Temporary measure to help distinguish between ranged and melee units.  For the Gretchin's +ranged damage aura." />
			</list>
			<enum name="weapon_targeting" value="automatic" />
			<bool name="intersection_testing" value="False" />
		</template_reference>
		<template_reference name="exts" value="ebpextensions\ui_ext">
			<bool name="ap_killed_kicker" value="True" />
			<bool name="ap_loss_kicker" value="True" />
			<float name="decorator_height" value="8.5" />
			<bool name="ghost_enable" value="False" />
			<locstring name="help_text" value="0" />
			<string name="hotkey_name" value="" />
			<icon name="icon_name" value="" />
			<enum name="kill_type" value="infantry" />
			<colour name="minimap_color" value="*" />
			<bool name="minimap_enable" value="True" />
			<bool name="minimap_team_only" value="False" />
			<bool name="minimap_teamcolor" value="False" />
			<string name="overlay_name" value="" />
			<bool name="reveal_for_decryption" value="False" />
			<locstring name="screen_name" value="0" />
			<enum name="selection_name" value="" />
			<float name="selection_scale" value="1" />
			<enum name="selection_type" value="squad_select" />
			<locstring name="tooltip_txt" value="0" />
			<int name="ui_priority" value="0" />
			<icon name="minimap_icon" value="" />
			<float name="minimap_icon_scale" value="1" />
			<icon name="portrait_icon" value="" />
			<locstring name="brief_text" value="0" />
			<string name="extra_text_deprecated" value="" />
			<locstring name="extra_text" value="0" />
			<locstring name="screen_name_short" value="0" />
			<bool name="show_in_build_log" value="True" />
			<bool name="show_entity_appearance" value="True" />
			<locstring name="screen_name_world" value="0" />
			<locstring name="help_text_world" value="0" />
			<locstring name="extra_text_world" value="0" />
			<enum name="map_rotation_type_override" value="no_override" />
			<icon name="symbol_icon_name" value="" />
			<enum name="occlusion_state" value="can_be_occluded" />
			<enum name="decorator_visibility" value="default" />
			<bool name="skin_pack_override" value="False" />
			<string name="skin_summer" value="" />
			<string name="skin_winter" value="" />
			<enum name="targeting_and_bandbox_selection_priority" value="medium" />
			<enum name="selection_method" value="obb" />
			<group name="terrain_info_display_offset">
				<float name="x" value="0" />
				<float name="y" value="0" />
			</group>
			<string name="decorator_ledger_key" value="" />
			<instance_reference name="decorator_ledger_bar_style" value="" />
			<enum name="selection_name_squad_override" value="" />
			<string name="selection_grouping_ledger_key" value="" />
			<float name="decorator_height_spatial_ability" value="-1" />
		</template_reference>
		<template_reference name="exts" value="ebpextensions\combat_ext">
			<bool name="reject_attack_command" value="False" />
			<list name="hardpoints">
				<group name="hardpoint">
					<float name="parent_hardpoint" value="-1" />
					<list name="weapon_table">
						<group name="weapon">
							<group name="heading">
								<float name="x" value="0" />
								<float name="y" value="0" />
								<float name="z" value="1" />
							</group>
							<float name="length" value="0" />
							<group name="origin">
								<float name="x" value="0" />
								<float name="y" value="1.5" />
								<float name="z" value="0" />
							</group>
							<enum name="type" value="default" />
							<instance_reference name="weapon" value="weapon\orks\line_units\melee\ork_power_klaw_deff_dread" mod="a5fef7c6e07942ffb7483ef8065b8755" />
						</group>
					</list>
					<bool name="receives_attack_commands" value="True" />
					<bool name="display_in_forge" value="True" />
				</group>
			</list>
			<int name="sight_hardpoint" value="-1" />
			<list name="kill_actions">
			</list>
			<bool name="can_be_knocked_back" value="True" comment="NOTE: On all non-skimmer vehicles I am ENABLING knockback on them but disabling it through a modifier.  This is so that the Gorkanaut can DISABLE the modifier when it tries to push units away instead of them getting stuck in its ring of movement blockers." />
			<group name="reckoning_blow">
				<list name="attack_table">
				</list>
				<list name="defend_table">
				</list>
			</group>
			<bool name="can_be_stunned" value="True" />
			<bool name="update_facing_during_melee_swings" value="True" />
			<bool name="can_be_levitated" value="True" />
			<template_reference name="weapon_handling_option" value="options\none">
			</template_reference>
			<bool name="allow_auto_target_in_stealth_zone" value="False" />
		</template_reference>
		<template_reference name="exts" value="ebpextensions\modifier_apply_ext">
			<list name="modifiers">
			</list>
		</template_reference>
		<template_reference name="exts" value="ebpextensions\moving_ext">
			<float name="acceleration" value="-1" />
			<float name="deceleration" value="-1" />
			<float name="high_path_look_ahead_max_dist" value="20" />
			<bool name="orient_to_terrain" value="False" />
			<instance_reference name="pass_type" value="pass_types\vehicle" />
			<float name="rotation_rate" value="125" />
			<float name="rotation_rate_crouch" value="870" />
			<float name="rotation_rate_prone" value="225" />
			<float name="rotation_rate_stand" value="870" />
			<bool name="smooth_path" value="True" />
			<float name="speed_max" value="8" />
			<instance_reference name="turn_plan" value="turn_plan\titan_walker" />
			<float name="on_land_overturn_scale" value="0" />
			<enum name="motion_tree_movement_direction_count" value="2" />
			<int name="right_of_way_priority" value="2" />
			<bool name="use_prediction" value="True" />
			<list name="on_enter_stealth_zone_actions">
			</list>
			<list name="on_exit_stealth_zone_actions">
			</list>
			<bool name="reduce_clipping_by_slowing_other" value="True" />
			<template_reference name="walker_option" value="options\ebpextensions\movingext\walker_option">
				<float name="walk_anim_distance" value="9" />
				<enum name="idle_foot_forward_type" value="left" />
			</template_reference>
			<enum name="motion_tree_pivot_animations_count" value="8" />
			<bool name="motion_tree_atomic_pivot_anim" value="False" />
			<template_reference name="skimmer_option" value="options\none">
			</template_reference>
			<bool name="can_path_into_blocked_cover" value="False" />
			<enum name="can_pass_through_enemies_type" value="none" />
			<enum name="can_stop_on_top_of_enemies_type" value="none" />
			<template_reference name="convertible_dynamics_option" value="options\none">
			</template_reference>
			<template_reference name="pathfinding_option" value="options\none">
			</template_reference>
		</template_reference>
		<template_reference name="exts" value="ebpextensions\upgrade_ext">
			<bool name="must_be_in_supply" value="False" />
			<float name="number_of_standard_slots" value="-1" />
			<list name="standard_upgrades">
			</list>
			<int name="max_queue_size_override" value="-1" />
		</template_reference>
		<template_reference name="exts" value="ebpextensions\holdable_ext">
			<enum name="holdable" value="hold_vehicle" />
		</template_reference>
		<template_reference name="exts" value="ebpextensions\camouflage_ext">
			<float name="attack_priority" value="3.402823E+38" />
			<enum name="camouflage_type" value="tp_unit" />
			<bool name="chain_revealer" value="True" />
			<float name="detection_radius" value="0" />
			<bool name="must_be_fully_constructed" value="False" />
			<bool name="permanently_activated" value="False" />
			<float name="combat_reset_time" value="12" />
			<float name="first_strike_shots" value="1" />
			<float name="revert_max" value="12" />
			<float name="revert_multiplier" value="1" />
			<float name="revert_time" value="12" />
			<float name="revert_time_on_detection" value="12" />
			<list name="camouflage_actions">
				<template_reference name="action" value="action\change_target_action">
					<list name="actions">
						<template_reference name="action" value="action\requirement_action">
							<bool name="check_self" value="False" />
							<bool name="validation_requires_requirements" value="False" />
							<bool name="validate_all_sub_actions" value="True" />
							<list name="requirement_table">
								<template_reference name="required" value="requirements\required_not">
									<enum name="reason" value="usage" />
									<locstring name="ui_name" value="0" />
									<list name="requirement_table">
										<template_reference name="required" value="requirements\required_in_state">
											<enum name="reason" value="usage" />
											<locstring name="ui_name" value="0" />
											<float name="was_attacked_within_seconds" value="-1" />
											<list name="check_states">
												<enum name="state_requirement_type" value="not_moving" />
											</list>
											<float name="was_attacking_within_seconds" value="-1" />
										</template_reference>
									</list>
								</template_reference>
							</list>
							<list name="action_table">
								<template_reference name="action" value="action\interval_action">
									<float name="interval_second" value="0.5" />
									<uniqueid name="id" value="1073745206" />
									<list name="interval_subactions">
										<group name="interval_subaction_group">
											<float name="trigger_time_second" value="0" />
											<list name="actions">
												<template_reference name="action" value="action\timed_action">
													<float name="duration" value="1" />
													<bool name="fire_and_forget" value="True" />
													<list name="subactions">
														<template_reference name="action" value="action\trigger_dca_action">
															<string name="dca_action_name" value="weapons/common/stealth_movement_infantry/hit/default" />
															<float name="duration" value="1" />
															<bool name="is_terrain_only" value="True" />
															<uniqueid name="id" value="1073745207" />
															<enum name="visibility_type" value="Global" />
														</template_reference>
													</list>
													<uniqueid name="id" value="1073745208" />
												</template_reference>
											</list>
										</group>
									</list>
									<bool name="progress_bar" value="False" />
								</template_reference>
							</list>
							<uniqueid name="id" value="1073745209" />
							<template_reference name="ui_help_text" value="tables\help_text_phrase">
								<int name="phrase_order" value="0" />
								<locstring name="phrase" value="0" />
							</template_reference>
							<template_reference name="behaviour_type" value="options\action\requirement_action\wait_until_requirements_pass_to_start_wait_again_when_requirements_fail">
							</template_reference>
						</template_reference>
					</list>
					<enum name="change_target_type" value="entities" />
					<uniqueid name="id" value="1073745210" />
					<bool name="validate_sub_actions" value="False" />
				</template_reference>
			</list>
			<list name="first_strike_actions">
			</list>
			<enum name="camouflaged_combat_stance" value="attack" />
		</template_reference>
	</list>
	<uniqueid name="pbgid" value="89698" />
</instance>