<instance description="" template="sbps">
	<list name="extensions" comment="Gorkanaut Bugs:&#xD;&#xA;&#xD;&#xA;BUG 1: The Deffstorm Mega-shoota ability doesn’t work correctly.  The weapon scan action doesn’t seem to be able to correctly sweep an area, it jumps from the first point and then immediately skips to the last point and fires the remainder of the shots.  The higher the tracking value on the weapon, the less overall shots you get.&#xD;&#xA;&#xD;&#xA;BUG 2: The Gorkanaut occasionally fires their deffstorm mega-cannon without being triggered by the ability?  The hardpoint is set not to receive attack commands…&#xD;&#xA;&#xD;&#xA;BUG 3: For positional abilities that DON’T ignore shot blocking, they cannot fire on the shot blocking entity itself, since any position is technically shot blocked.  E.g. try and fire a rokkit fist at the power core.&#xD;&#xA;&#xD;&#xA;BUG 4: Can’t seem to change the weapon preference BACK to melee once he re-loots his fist.&#xD;&#xA;&#xD;&#xA;Improvement 1: A better knockback/stagger system for vehicles, how we're handling knocking units out his spawned blockers is not ideal (enabling knockback for half a second to deal knockback).">
		<template_reference name="squadexts" value="sbpextensions\squad_blueprint_ext">
		</template_reference>
		<template_reference name="squadexts" value="sbpextensions\squad_ui_ext">
			<list name="race_list">
				<group name="race_data">
					<group name="info">
						<bool name="allow_spawner_production" value="False" />
						<locstring name="extra_text" value="11112683" />
						<locstring name="help_text" value="11097605" />
						<string name="hotkey_name" value="R" />
						<icon name="icon_name" value="Icons_orks_portraits_elite_gorkanaut" />
						<bool name="minimap_team_only" value="False" />
						<icon name="minimap_texture" value="Icons_common_decorators_orks_elite_gorkanaut" />
						<instance_reference name="modal_ability" value="" />
						<bool name="reveal_for_decryption" value="True" />
						<locstring name="screen_name" value="11113969" />
						<string name="selection_group" value="ork_gorkanaut" />
						<int name="ui_priority" value="0" />
						<bool name="use_random_entity_speaker" value="False" />
						<icon name="portrait_name" value="Icons_orks_portraits_elite_gorkanaut" />
						<float name="minimap_texture_scale" value="0.6" />
						<locstring name="brief_text" value="0" />
						<locstring name="screen_name_short" value="0" />
						<enum name="map_rotation_type_override" value="no_override" />
						<bool name="show_in_build_log" value="True" />
						<icon name="symbol_icon_name" value="Icons_common_decorators_orks_elite_gorkanaut" />
						<enum name="ui_style" value="reinforcement_purchase" />
						<string name="cover_level_icon_postfix" value="" />
						<bool name="hide_ucs" value="False" />
						<enum name="decorator_visibility" value="visible" />
					</group>
					<instance_reference name="ext_key" value="" />
				</group>
			</list>
		</template_reference>
		<template_reference name="squadexts" value="sbpextensions\squad_combat_stance_ext">
			<enum name="default_stance" value="attack" />
		</template_reference>
		<template_reference name="squadexts" value="sbpextensions\squad_formation_ext">
			<float name="combat_follower_cover_search_radius" value="2" />
			<float name="move_dest_cover_search_radius" value="3" />
			<group name="squad_distribution_table">
				<group name="01_soldiers">
					<float name="units_in_core" value="1" />
					<float name="units_in_left_flank" value="0" />
					<float name="units_in_right_flank" value="0" />
					<float name="units_in_scout" value="0" />
				</group>
				<group name="02_soldiers">
					<float name="units_in_core" value="2" />
					<float name="units_in_left_flank" value="0" />
					<float name="units_in_right_flank" value="0" />
					<float name="units_in_scout" value="0" />
				</group>
				<group name="03_soldiers">
					<float name="units_in_core" value="3" />
					<float name="units_in_left_flank" value="0" />
					<float name="units_in_right_flank" value="0" />
					<float name="units_in_scout" value="0" />
				</group>
				<group name="04_soldiers">
					<float name="units_in_core" value="4" />
					<float name="units_in_left_flank" value="0" />
					<float name="units_in_right_flank" value="0" />
					<float name="units_in_scout" value="0" />
				</group>
				<group name="05_soldiers">
					<float name="units_in_core" value="5" />
					<float name="units_in_left_flank" value="0" />
					<float name="units_in_right_flank" value="0" />
					<float name="units_in_scout" value="0" />
				</group>
				<group name="06_soldiers">
					<float name="units_in_core" value="6" />
					<float name="units_in_left_flank" value="0" />
					<float name="units_in_right_flank" value="0" />
					<float name="units_in_scout" value="0" />
				</group>
				<group name="07_soldiers">
					<float name="units_in_core" value="7" />
					<float name="units_in_left_flank" value="0" />
					<float name="units_in_right_flank" value="0" />
					<float name="units_in_scout" value="0" />
				</group>
				<group name="08_soldiers">
					<float name="units_in_core" value="8" />
					<float name="units_in_left_flank" value="0" />
					<float name="units_in_right_flank" value="0" />
					<float name="units_in_scout" value="0" />
				</group>
				<group name="09_soldiers">
					<float name="units_in_core" value="9" />
					<float name="units_in_left_flank" value="0" />
					<float name="units_in_right_flank" value="0" />
					<float name="units_in_scout" value="0" />
				</group>
				<group name="10_soldiers">
					<float name="units_in_core" value="10" />
					<float name="units_in_left_flank" value="0" />
					<float name="units_in_right_flank" value="0" />
					<float name="units_in_scout" value="0" />
				</group>
			</group>
			<bool name="support_weapons_to_flanks" value="False" />
			<list name="formation_overrides">
			</list>
			<enum_table name="cover_formation_table">
				<instance_reference name="tp_defcover" value="squad_formations\default" />
				<instance_reference name="tp_defcover_narrow" value="squad_formations\default" />
				<instance_reference name="tp_garrison_cover" value="squad_formations\default" />
				<instance_reference name="tp_garrison_halftrack" value="squad_formations\default" />
				<instance_reference name="tp_heavy" value="squad_formations\default" />
				<instance_reference name="tp_light" value="squad_formations\default" />
				<instance_reference name="tp_negative" value="squad_formations\default" />
				<instance_reference name="tp_open" value="squad_formations\default" />
				<instance_reference name="tp_smoke" value="squad_formations\default" />
				<instance_reference name="tp_trench" value="squad_formations\default" />
				<instance_reference name="tp_water" value="squad_formations\default" />
				<instance_reference name="tp_z_bunker" value="squad_formations\default" />
				<instance_reference name="tp_z_emplacement" value="squad_formations\default" />
				<instance_reference name="tp_z_ice" value="squad_formations\default" />
				<instance_reference name="tp_z_snow" value="squad_formations\default" />
				<instance_reference name="tp_zz_deep_snow" value="squad_formations\default" />
				<instance_reference name="tp_zz_mud" value="squad_formations\default" />
				<instance_reference name="tp_zz_team_weapon_heavy" value="squad_formations\default" />
				<instance_reference name="tp_shot_absorber" value="squad_formations\default" />
			</enum_table>
			<enum_table name="moving_cover_formation_override_table">
				<instance_reference name="tp_defcover" value="" />
				<instance_reference name="tp_defcover_narrow" value="" />
				<instance_reference name="tp_garrison_cover" value="" />
				<instance_reference name="tp_garrison_halftrack" value="" />
				<instance_reference name="tp_heavy" value="" />
				<instance_reference name="tp_light" value="" />
				<instance_reference name="tp_negative" value="" />
				<instance_reference name="tp_open" value="" />
				<instance_reference name="tp_smoke" value="" />
				<instance_reference name="tp_trench" value="" />
				<instance_reference name="tp_water" value="" />
				<instance_reference name="tp_z_bunker" value="" />
				<instance_reference name="tp_z_emplacement" value="" />
				<instance_reference name="tp_z_ice" value="" />
				<instance_reference name="tp_z_snow" value="" />
				<instance_reference name="tp_zz_deep_snow" value="" />
				<instance_reference name="tp_zz_mud" value="" />
				<instance_reference name="tp_zz_team_weapon_heavy" value="" />
				<instance_reference name="tp_shot_absorber" value="" />
			</enum_table>
		</template_reference>
		<template_reference name="squadexts" value="sbpextensions\squad_item_slot_ext">
			<bool name="can_pick_up" value="False" />
			<float name="num_slots" value="1" />
		</template_reference>
		<template_reference name="squadexts" value="sbpextensions\squad_loadout_ext">
			<list name="unit_list">
				<group name="loadout_data">
					<float name="num" value="1" />
					<instance_reference name="type" value="ebps\races\orks\line_units\ork_gorkanaut" mod="a5fef7c6e07942ffb7483ef8065b8755" />
				</group>
			</list>
			<float name="squad_female_chance" value="0" />
		</template_reference>
		<template_reference name="squadexts" value="sbpextensions\squad_modifier_ext">
		</template_reference>
		<template_reference name="squadexts" value="sbpextensions\squad_requirement_ext">
			<list name="requirement_table" comment="Requirements to construct a Gorkanaut are as follows:&#xD;&#xA;1) You can only have a single gorkanaut on the battlefield at any given time&#xD;&#xA;2) You must have constructed at least 6 Waaagh! towers this game&#xD;&#xA;3) You must have selected the Gorkanaut from the forge (an army item that lives on the server grants the gorkanaut_enabled upgrade)">
				<template_reference name="required" value="requirements\required_squad">
					<enum name="reason" value="usage" />
					<locstring name="ui_name" value="11096598" />
					<float name="max_squad_cap" value="1" />
					<instance_reference name="squad_name" value="sbps\races\orks\line_units\ork_gorkanaut" mod="a5fef7c6e07942ffb7483ef8065b8755" />
				</template_reference>
				<template_reference name="required" value="requirements\required_player_upgrade">
					<enum name="reason" value="usage" />
					<locstring name="ui_name" value="11095091" />
					<bool name="is_present" value="True" />
					<int name="max_completed" value="1000" />
					<int name="min_completed" value="5" />
					<instance_reference name="upgrade_name" value="upgrade\races\orks\waaagh_tech_unlock" />
					<bool name="include_queued" value="False" />
				</template_reference>
				<template_reference name="required" value="requirements\required_player_upgrade">
					<enum name="reason" value="usage" />
					<locstring name="ui_name" value="0" />
					<bool name="is_present" value="True" />
					<int name="max_completed" value="100" />
					<int name="min_completed" value="1" />
					<instance_reference name="upgrade_name" value="upgrade\ork_salvage_armor" mod="a5fef7c6e07942ffb7483ef8065b8755" />
					<bool name="include_queued" value="False" />
				</template_reference>
				<template_reference name="required" value="requirements\required_any_in_list">
					<enum name="reason" value="usage" />
					<locstring name="ui_name" value="277" mod="a5fef7c6e07942ffb7483ef8065b8755" />
					<list name="requirements">
						<template_reference name="requirement" value="requirements\required_structure">
							<enum name="reason" value="usage" />
							<locstring name="ui_name" value="0" />
							<instance_reference name="structure_name" value="ebps\gameplay\economy\spa_addon_elite" mod="a5fef7c6e07942ffb7483ef8065b8755" />
							<int name="required_structure_count" value="1" />
							<bool name="check_team" value="True" />
							<bool name="require_construction_complete" value="True" />
						</template_reference>
						<template_reference name="requirement" value="requirements\required_structure">
							<enum name="reason" value="usage" />
							<locstring name="ui_name" value="0" />
							<instance_reference name="structure_name" value="ebps\gameplay\economy\ork_addon_elite" mod="a5fef7c6e07942ffb7483ef8065b8755" />
							<int name="required_structure_count" value="1" />
							<bool name="check_team" value="True" />
							<bool name="require_construction_complete" value="True" />
						</template_reference>
					</list>
				</template_reference>
				<template_reference name="required" value="requirements\required_structure">
					<enum name="reason" value="usage" />
					<locstring name="ui_name" value="290" mod="a5fef7c6e07942ffb7483ef8065b8755" />
					<instance_reference name="structure_name" value="ebps\races\chaos_campaign\line_units\big_trakk_minion" mod="a5fef7c6e07942ffb7483ef8065b8755" />
					<int name="required_structure_count" value="3" />
					<bool name="check_team" value="False" />
					<bool name="require_construction_complete" value="True" />
				</template_reference>
			</list>
		</template_reference>
		<template_reference name="squadexts" value="sbpextensions\squad_upgrade_apply_ext">
			<list name="upgrades">
			</list>
		</template_reference>
		<template_reference name="squadexts" value="sbpextensions\squad_upgrade_ext">
			<float name="number_of_slots" value="-1" />
			<list name="upgrades">
			</list>
			<int name="max_queue_size_override" value="-1" />
		</template_reference>
		<template_reference name="squadexts" value="sbpextensions\squad_action_apply_ext" comment="CLONING NOTE: The Gorkanaut has unique functionality on his squad_action_apply&#xD;&#xA;&#xD;&#xA;1) The gorkanaut writes gorkanaut_has_fist to its ledger, since this is used to detect if he has a fist or not for his rokkit fist ability.&#xD;&#xA;&#xD;&#xA;2) Checks to see if his fist is missing.  If it is disable his melee weapon, display in the UI and set his stance preference to RANGE.  &#xD;&#xA;&#xD;&#xA;3) Checks to see if he got his fist back, if he did, then change his weapon preference back to melee.  THIS DOES NOT SEEM TO WORK.  I tried using a piece of debug to see if it would re-trigger, but it doesn't even thought it was cloned from above - which was working.&#xD;&#xA;&#xD;&#xA;NOTE: Passives are visually enabled/disabled based on the presence of this ledger value.">
			<list name="actions">
				<template_reference name="action" value="action\sound_action">
					<sound name="play_event" value="t05mis_ork_gorkanaut_squad_spawn" />
					<uniqueid name="id" value="1073743243" />
					<sound name="stop_event" value="t05mis_ork_gorkanaut_squad_death" />
					<enum name="visibility_type" value="Global" />
				</template_reference>
			</list>
		</template_reference>
		<template_reference name="squadexts" value="sbpextensions\squad_combat_behaviour_ext">
			<float name="heavy_weapon_setup_delay" value="999" />
			<float name="reaction_delay_seconds" value="25" />
			<float name="reveal_self_attacker_time" value="0" />
			<bool name="reveal_self_attacker_time_use" value="False" />
			<file name="squad_ai_file" value="" />
			<file name="squad_ai_pinned_file" value="" />
			<file name="squad_ai_reaction_file" value="" />
			<file name="squad_ai_retaliation_file" value="" />
			<group name="suppression">
				<bool name="can_be_suppressed" value="False" />
				<float name="noncombat_delay" value="7" />
				<float name="noncombat_recover_multiplier" value="50" />
				<float name="pin_down_activate_threshold" value="0.6" />
				<float name="pin_down_recover_threshold" value="0.5" />
				<float name="recover_rate" value="0.008" />
				<float name="suppressed_activate_threshold" value="0.2" />
				<float name="suppressed_recover_threshold" value="0.15" />
				<list name="pin_down_activate_actions">
				</list>
				<list name="suppressed_activate_actions">
				</list>
				<enum_table name="cover_info">
					<template_reference name="tp_defcover" value="suppression_cover_info">
						<float name="recover_multiplier" value="1" />
					</template_reference>
					<template_reference name="tp_defcover_narrow" value="suppression_cover_info">
						<float name="recover_multiplier" value="1" />
					</template_reference>
					<template_reference name="tp_garrison_cover" value="suppression_cover_info">
						<float name="recover_multiplier" value="500" />
					</template_reference>
					<template_reference name="tp_garrison_halftrack" value="suppression_cover_info">
						<float name="recover_multiplier" value="1" />
					</template_reference>
					<template_reference name="tp_heavy" value="suppression_cover_info">
						<float name="recover_multiplier" value="5" />
					</template_reference>
					<template_reference name="tp_light" value="suppression_cover_info">
						<float name="recover_multiplier" value="2.5" />
					</template_reference>
					<template_reference name="tp_negative" value="suppression_cover_info">
						<float name="recover_multiplier" value="0.5" />
					</template_reference>
					<template_reference name="tp_open" value="suppression_cover_info">
						<float name="recover_multiplier" value="0.75" />
					</template_reference>
					<template_reference name="tp_smoke" value="suppression_cover_info">
						<float name="recover_multiplier" value="1" />
					</template_reference>
					<template_reference name="tp_trench" value="suppression_cover_info">
						<float name="recover_multiplier" value="1" />
					</template_reference>
					<template_reference name="tp_water" value="suppression_cover_info">
						<float name="recover_multiplier" value="1" />
					</template_reference>
					<template_reference name="tp_z_bunker" value="suppression_cover_info">
						<float name="recover_multiplier" value="1" />
					</template_reference>
					<template_reference name="tp_z_emplacement" value="suppression_cover_info">
						<float name="recover_multiplier" value="1" />
					</template_reference>
					<template_reference name="tp_z_ice" value="suppression_cover_info">
						<float name="recover_multiplier" value="1" />
					</template_reference>
					<template_reference name="tp_z_snow" value="suppression_cover_info">
						<float name="recover_multiplier" value="1" />
					</template_reference>
					<template_reference name="tp_zz_deep_snow" value="suppression_cover_info">
						<float name="recover_multiplier" value="1" />
					</template_reference>
					<template_reference name="tp_zz_mud" value="suppression_cover_info">
						<float name="recover_multiplier" value="1" />
					</template_reference>
					<template_reference name="tp_zz_team_weapon_heavy" value="suppression_cover_info">
						<float name="recover_multiplier" value="1" />
					</template_reference>
					<template_reference name="tp_shot_absorber" value="suppression_cover_info">
						<float name="recover_multiplier" value="1" />
					</template_reference>
				</enum_table>
			</group>
			<group name="pilfer">
				<bool name="can_pilfer" value="False" />
				<group name="weapon">
					<group name="heading">
						<float name="x" value="0" />
						<float name="y" value="0" />
						<float name="z" value="1" />
					</group>
					<float name="length" value="0" />
					<group name="origin">
						<float name="x" value="0" />
						<float name="y" value="0.5" />
						<float name="z" value="0" />
					</group>
					<enum name="type" value="default" />
					<instance_reference name="weapon" value="" />
				</group>
				<instance_reference name="remove_weapon" value="" />
			</group>
			<float name="reaction_combat_delay_seconds" value="30" />
			<file name="squad_ai_sniped_file" value="" />
			<template_reference name="can_recrew_abandoned_option" value="options\none">
			</template_reference>
			<template_reference name="charge_option" value="options\none">
			</template_reference>
			<bool name="disable_ranged_weapons_when_tied_up" value="True" />
			<int name="melee_tieup_attacking_priority" value="1" />
			<int name="melee_tieup_defending_priority" value="1" />
			<bool name="ranged_weapons_prefer_single_squad_target" value="False" />
			<bool name="accept_move_commands_while_combat" value="False" />
			<float name="reveal_defender_time" value="0" />
			<bool name="reveal_defender_time_use" value="False" />
			<instance_reference name="range_reticule" value="ui_reticule\ability_range_default_orks" />
		</template_reference>
		<template_reference name="squadexts" value="sbpextensions\squad_holdable_ext">
			<list name="modifier_table">
			</list>
		</template_reference>
		<template_reference name="squadexts" value="sbpextensions\squad_ability_ext">
			<list name="abilities">
				<instance_reference name="ability" value="abilities\races\orks\gorkanaut\ork_all_da_dakka_gorkanaut" />
				<instance_reference name="ability" value="abilities\races\orks\gorkanaut\ork_loot_scrap_gorkanaut" />
				<instance_reference name="ability" value="abilities\races\eldar\structures\eld_teleport_webway_portal_ork_tunnel" mod="a5fef7c6e07942ffb7483ef8065b8755" />
				<instance_reference name="ability" value="abilities\races\eldar\warp_spiders\eld_warp_rift" />
				<instance_reference name="ability" value="abilities\races\orks\gorkanaut\ork_rokkit_fist_rokk_gorkanaut" />
				<instance_reference name="ability" value="abilities\gameplay\reinforce_point_vehicle" />
				<instance_reference name="ability" value="abilities\races\orks\gorkanaut\ork_bomb_squigs_passive_gorkanaut" />
			</list>
			<bool name="allow_targeted_abilities_whilst_moving" value="False" />
			<int name="ui_combine_priority" value="16" />
		</template_reference>
		<template_reference name="squadexts" value="sbpextensions\squad_capture_strategic_point_ext">
			<float name="capture_distance" value="0" />
			<float name="capture_rate_multiplier" value="0" />
			<float name="revert_rate_multiplier" value="0" />
		</template_reference>
		<template_reference name="squadexts" value="sbpextensions\squad_population_ext">
			<float name="personnel_pop" value="8" />
		</template_reference>
		<template_reference name="squadexts" value="sbpextensions\squad_type_ext">
			<list name="squad_type_list">
			</list>
		</template_reference>
		<template_reference name="squadexts" value="sbpextensions\squad_health_ext">
			<float name="regeneration_per_second" value="0" />
			<list name="shields">
			</list>
			<list name="death_actions">
				<template_reference name="action" value="action\speech_action">
					<uniqueid name="id" value="1073743246" />
					<list name="argument_overrides">
						<template_reference name="argument_override" value="speech_argument_override">
							<enum name="argument_name" value="death_type" />
							<string name="value" value="squad" />
						</template_reference>
					</list>
					<template_reference name="speech_event" value="speech_event_squad_name">
						<enum name="speech_event_squad" value="death" />
					</template_reference>
				</template_reference>
			</list>
			<enum name="regenerated_entity_spawn_type_key" value="" />
		</template_reference>
		<template_reference name="squadexts" value="sbpextensions\squad_speech_ext">
			<string name="squad_speaker_code" value="gorkanaut" />
			<group name="squad_speech_parameters">
				<string name="squad_class_code" value="elite_super" />
				<string name="squad_name_code" value="unit" />
				<string name="squad_unit_code" value="ork_gorkanaut" />
			</group>
			<int name="importance" value="59" />
			<bool name="is_idle_battle_chatter_enabled" value="False" />
			<list name="squad_speaker_code_overrides">
			</list>
		</template_reference>
		<template_reference name="squadexts" value="sbpextensions\squad_item_ext">
		</template_reference>
		<template_reference name="squadexts" value="sbpextensions\squad_retreat_ext">
			<list name="retreat_building_types">
				<enum name="unit_type" value="hq" />
			</list>
			<list name="actions">
			</list>
			<list name="modifiers">
			</list>
			<bool name="withdraw_only" value="True" />
		</template_reference>
		<template_reference name="squadexts" value="sbpextensions\squad_audio_ext">
			<list name="rtpc_events">
				<template_reference name="rtpc_event" value="rtpc_event">
					<uniqueid name="pbgid" value="1073741863" />
					<float name="threshold" value="1" />
					<string name="event" value="t05mis_ork_gorkanaut_in_fov_increment" />
					<bool name="trigger_when_increasing" value="True" />
					<bool name="trigger_when_decreasing" value="True" />
					<enum name="rtpc" value="in_fov" />
				</template_reference>
				<template_reference name="rtpc_event" value="rtpc_event">
					<uniqueid name="pbgid" value="1073741864" />
					<float name="threshold" value="0" />
					<string name="event" value="t05mis_ork_gorkanaut_in_fov_decrement" />
					<bool name="trigger_when_increasing" value="True" />
					<bool name="trigger_when_decreasing" value="True" />
					<enum name="rtpc" value="in_fov" />
				</template_reference>
			</list>
			<list name="sound_banks">
				<enum name="sound_bank" value="media_memory_sfx_race_ork_elite_00_morkanaut_shared" />
				<enum name="sound_bank" value="structures_speech_gameplay_ork_elite_00_gorkanaut" />
				<enum name="sound_bank" value="media_memory_sfx_race_ork_elite_00_gorkanaut_generic" />
			</list>
			<template_reference name="kill_streak_option" value="options\sbpextensions\squad_audio_ext\kill_streak_option">
				<float name="max_seconds_between_kills" value="10" />
				<group name="kill_streak_thresholds">
					<int name="low" value="5" />
					<int name="medium" value="7" />
					<int name="high" value="9" />
					<int name="ultra" value="12" />
				</group>
			</template_reference>
			<enum name="death_event_type" value="" />
			<list name="sound_banks_overrides">
			</list>
			<bool name="in_fow_distance_to_enemy_rtpc_enabled" value="True" />
			<enum name="initial_spawn_event_type" value="" />
		</template_reference>
	</list>
	<uniqueid name="pbgid" value="1073741865" />
</instance>