<instance description="" template="sbps">
	<list name="extensions">
		<template_reference name="squadexts" value="sbpextensions\squad_blueprint_ext">
		</template_reference>
		<template_reference name="squadexts" value="sbpextensions\squad_ui_ext">
			<list name="race_list">
				<group name="race_data">
					<group name="info">
						<bool name="allow_spawner_production" value="False" />
						<locstring name="extra_text" value="11114272" />
						<locstring name="help_text" value="11114132" />
						<string name="hotkey_name" value="W" />
						<icon name="icon_name" value="Icons_orks_portraits_line_grot" />
						<bool name="minimap_team_only" value="False" />
						<icon name="minimap_texture" value="Icons_common_decorators_minimap_infantry" />
						<instance_reference name="modal_ability" value="" />
						<bool name="reveal_for_decryption" value="True" />
						<locstring name="screen_name" value="11084372" />
						<string name="selection_group" value="gretchin" />
						<int name="ui_priority" value="0" />
						<bool name="use_random_entity_speaker" value="False" />
						<icon name="portrait_name" value="Icons_orks_portraits_line_grot" />
						<float name="minimap_texture_scale" value="0.2" />
						<locstring name="brief_text" value="0" />
						<locstring name="screen_name_short" value="0" />
						<enum name="map_rotation_type_override" value="no_override" />
						<bool name="show_in_build_log" value="True" />
						<icon name="symbol_icon_name" value="Icons_common_decorators_orks_line_gretchin" />
						<enum name="ui_style" value="default" />
						<string name="cover_level_icon_postfix" value="" />
						<bool name="hide_ucs" value="False" />
						<enum name="decorator_visibility" value="visible" />
					</group>
					<instance_reference name="ext_key" value="" />
				</group>
			</list>
		</template_reference>
		<template_reference name="squadexts" value="sbpextensions\squad_combat_stance_ext">
			<enum name="default_stance" value="stand_ground" />
		</template_reference>
		<template_reference name="squadexts" value="sbpextensions\squad_formation_ext">
			<float name="combat_follower_cover_search_radius" value="2" />
			<float name="move_dest_cover_search_radius" value="3" />
			<group name="squad_distribution_table">
				<group name="01_soldiers">
					<float name="units_in_core" value="1" />
					<float name="units_in_left_flank" value="0" />
					<float name="units_in_right_flank" value="0" />
					<float name="units_in_scout" value="0" />
				</group>
				<group name="02_soldiers">
					<float name="units_in_core" value="2" />
					<float name="units_in_left_flank" value="0" />
					<float name="units_in_right_flank" value="0" />
					<float name="units_in_scout" value="0" />
				</group>
				<group name="03_soldiers">
					<float name="units_in_core" value="3" />
					<float name="units_in_left_flank" value="0" />
					<float name="units_in_right_flank" value="0" />
					<float name="units_in_scout" value="0" />
				</group>
				<group name="04_soldiers">
					<float name="units_in_core" value="4" />
					<float name="units_in_left_flank" value="0" />
					<float name="units_in_right_flank" value="0" />
					<float name="units_in_scout" value="0" />
				</group>
				<group name="05_soldiers">
					<float name="units_in_core" value="5" />
					<float name="units_in_left_flank" value="0" />
					<float name="units_in_right_flank" value="0" />
					<float name="units_in_scout" value="0" />
				</group>
				<group name="06_soldiers">
					<float name="units_in_core" value="6" />
					<float name="units_in_left_flank" value="0" />
					<float name="units_in_right_flank" value="0" />
					<float name="units_in_scout" value="0" />
				</group>
				<group name="07_soldiers">
					<float name="units_in_core" value="7" />
					<float name="units_in_left_flank" value="0" />
					<float name="units_in_right_flank" value="0" />
					<float name="units_in_scout" value="0" />
				</group>
				<group name="08_soldiers">
					<float name="units_in_core" value="8" />
					<float name="units_in_left_flank" value="0" />
					<float name="units_in_right_flank" value="0" />
					<float name="units_in_scout" value="0" />
				</group>
				<group name="09_soldiers">
					<float name="units_in_core" value="9" />
					<float name="units_in_left_flank" value="0" />
					<float name="units_in_right_flank" value="0" />
					<float name="units_in_scout" value="0" />
				</group>
				<group name="10_soldiers">
					<float name="units_in_core" value="10" />
					<float name="units_in_left_flank" value="0" />
					<float name="units_in_right_flank" value="0" />
					<float name="units_in_scout" value="0" />
				</group>
			</group>
			<bool name="support_weapons_to_flanks" value="False" />
			<list name="formation_overrides">
				<group name="formation_override_entry">
					<enum name="squad_formation_override" value="forge_idle" />
					<instance_reference name="formation" value="squad_formations\forge\ork_5man_circle" />
				</group>
				<group name="formation_override_entry">
					<enum name="squad_formation_override" value="forge_inspect" />
					<instance_reference name="formation" value="" />
				</group>
			</list>
			<enum_table name="cover_formation_table">
				<instance_reference name="tp_defcover" value="squad_formations\default" />
				<instance_reference name="tp_defcover_narrow" value="squad_formations\default" />
				<instance_reference name="tp_garrison_cover" value="squad_formations\default" />
				<instance_reference name="tp_garrison_halftrack" value="squad_formations\default" />
				<instance_reference name="tp_heavy" value="squad_formations\default" />
				<instance_reference name="tp_light" value="squad_formations\default" />
				<instance_reference name="tp_negative" value="squad_formations\default" />
				<instance_reference name="tp_open" value="squad_formations\default" />
				<instance_reference name="tp_smoke" value="squad_formations\default" />
				<instance_reference name="tp_trench" value="squad_formations\default" />
				<instance_reference name="tp_water" value="squad_formations\default" />
				<instance_reference name="tp_z_bunker" value="squad_formations\default" />
				<instance_reference name="tp_z_emplacement" value="squad_formations\default" />
				<instance_reference name="tp_z_ice" value="squad_formations\default" />
				<instance_reference name="tp_z_snow" value="squad_formations\default" />
				<instance_reference name="tp_zz_deep_snow" value="squad_formations\default" />
				<instance_reference name="tp_zz_mud" value="squad_formations\default" />
				<instance_reference name="tp_zz_team_weapon_heavy" value="squad_formations\default" />
				<instance_reference name="tp_shot_absorber" value="squad_formations\default" />
			</enum_table>
			<enum_table name="moving_cover_formation_override_table">
				<instance_reference name="tp_defcover" value="" />
				<instance_reference name="tp_defcover_narrow" value="" />
				<instance_reference name="tp_garrison_cover" value="" />
				<instance_reference name="tp_garrison_halftrack" value="" />
				<instance_reference name="tp_heavy" value="" />
				<instance_reference name="tp_light" value="" />
				<instance_reference name="tp_negative" value="" />
				<instance_reference name="tp_open" value="" />
				<instance_reference name="tp_smoke" value="" />
				<instance_reference name="tp_trench" value="" />
				<instance_reference name="tp_water" value="" />
				<instance_reference name="tp_z_bunker" value="" />
				<instance_reference name="tp_z_emplacement" value="" />
				<instance_reference name="tp_z_ice" value="" />
				<instance_reference name="tp_z_snow" value="" />
				<instance_reference name="tp_zz_deep_snow" value="" />
				<instance_reference name="tp_zz_mud" value="" />
				<instance_reference name="tp_zz_team_weapon_heavy" value="" />
				<instance_reference name="tp_shot_absorber" value="" />
			</enum_table>
		</template_reference>
		<template_reference name="squadexts" value="sbpextensions\squad_item_slot_ext">
			<bool name="can_pick_up" value="False" />
			<float name="num_slots" value="1" />
		</template_reference>
		<template_reference name="squadexts" value="sbpextensions\squad_loadout_ext">
			<list name="unit_list">
				<group name="loadout_data">
					<float name="num" value="5" />
					<instance_reference name="type" value="ebps\races\orks\line_units\ork_gretchin" mod="a5fef7c6e07942ffb7483ef8065b8755" />
				</group>
			</list>
			<float name="squad_female_chance" value="0" />
		</template_reference>
		<template_reference name="squadexts" value="sbpextensions\squad_modifier_ext">
		</template_reference>
		<template_reference name="squadexts" value="sbpextensions\squad_requirement_ext">
			<list name="requirement_table">
				<template_reference name="required" value="requirements\required_ledger">
					<locstring name="ui_name" value="0" />
					<enum name="reason" value="usage_and_display" />
					<string name="key" value="cheat_menu_open" />
					<float name="default_value" value="0" />
					<float name="compare_to_value" value="0" />
					<enum name="comparison" value="equal_to" />
					<enum name="ledger_type" value="player_ledger" />
					<float name="ui_max_value" value="0" />
					<float name="ui_min_value" value="0" />
					<string name="read_key_from_ledger_key" value="" />
				</template_reference>
				<template_reference name="required" value="requirements\required_squad">
					<enum name="reason" value="usage" />
					<locstring name="ui_name" value="11140437" />
					<float name="max_squad_cap" value="6" />
					<instance_reference name="squad_name" value="sbps\races\orks\line_units\ork_gretchin" mod="a5fef7c6e07942ffb7483ef8065b8755" />
				</template_reference>
			</list>
		</template_reference>
		<template_reference name="squadexts" value="sbpextensions\squad_upgrade_apply_ext">
			<list name="upgrades">
			</list>
		</template_reference>
		<template_reference name="squadexts" value="sbpextensions\squad_upgrade_ext">
			<float name="number_of_slots" value="-1" />
			<list name="upgrades">
			</list>
			<int name="max_queue_size_override" value="-1" />
		</template_reference>
		<template_reference name="squadexts" value="sbpextensions\squad_action_apply_ext">
			<list name="actions">
				<template_reference name="action" value="action\sound_action">
					<sound name="play_event" value="t05mis_ork_gretchin_squad_spawn" />
					<uniqueid name="id" value="1073744194" />
					<sound name="stop_event" value="" />
					<enum name="visibility_type" value="ExecuterIsOwnOrAlly" />
				</template_reference>
				<template_reference name="action" value="action\sound_action">
					<sound name="play_event" value="t05mis_ork_gretchin_squad_spawn" />
					<uniqueid name="id" value="1073744195" />
					<sound name="stop_event" value="" />
					<enum name="visibility_type" value="ExecuterIsEnemy" />
				</template_reference>
			</list>
		</template_reference>
		<template_reference name="squadexts" value="sbpextensions\squad_combat_behaviour_ext">
			<float name="heavy_weapon_setup_delay" value="999" />
			<float name="reaction_delay_seconds" value="25" />
			<float name="reveal_self_attacker_time" value="0" />
			<bool name="reveal_self_attacker_time_use" value="False" />
			<file name="squad_ai_file" value="" />
			<file name="squad_ai_pinned_file" value="" />
			<file name="squad_ai_reaction_file" value="" />
			<file name="squad_ai_retaliation_file" value="" />
			<group name="suppression">
				<bool name="can_be_suppressed" value="False" />
				<float name="noncombat_delay" value="7" />
				<float name="noncombat_recover_multiplier" value="50" />
				<float name="pin_down_activate_threshold" value="0.6" />
				<float name="pin_down_recover_threshold" value="0.5" />
				<float name="recover_rate" value="0.008" />
				<float name="suppressed_activate_threshold" value="0.2" />
				<float name="suppressed_recover_threshold" value="0.15" />
				<list name="pin_down_activate_actions">
				</list>
				<list name="suppressed_activate_actions">
				</list>
				<enum_table name="cover_info">
					<template_reference name="tp_defcover" value="suppression_cover_info">
						<float name="recover_multiplier" value="1" />
					</template_reference>
					<template_reference name="tp_defcover_narrow" value="suppression_cover_info">
						<float name="recover_multiplier" value="1" />
					</template_reference>
					<template_reference name="tp_garrison_cover" value="suppression_cover_info">
						<float name="recover_multiplier" value="500" />
					</template_reference>
					<template_reference name="tp_garrison_halftrack" value="suppression_cover_info">
						<float name="recover_multiplier" value="1" />
					</template_reference>
					<template_reference name="tp_heavy" value="suppression_cover_info">
						<float name="recover_multiplier" value="5" />
					</template_reference>
					<template_reference name="tp_light" value="suppression_cover_info">
						<float name="recover_multiplier" value="2.5" />
					</template_reference>
					<template_reference name="tp_negative" value="suppression_cover_info">
						<float name="recover_multiplier" value="0.5" />
					</template_reference>
					<template_reference name="tp_open" value="suppression_cover_info">
						<float name="recover_multiplier" value="0.75" />
					</template_reference>
					<template_reference name="tp_smoke" value="suppression_cover_info">
						<float name="recover_multiplier" value="1" />
					</template_reference>
					<template_reference name="tp_trench" value="suppression_cover_info">
						<float name="recover_multiplier" value="1" />
					</template_reference>
					<template_reference name="tp_water" value="suppression_cover_info">
						<float name="recover_multiplier" value="1" />
					</template_reference>
					<template_reference name="tp_z_bunker" value="suppression_cover_info">
						<float name="recover_multiplier" value="1" />
					</template_reference>
					<template_reference name="tp_z_emplacement" value="suppression_cover_info">
						<float name="recover_multiplier" value="1" />
					</template_reference>
					<template_reference name="tp_z_ice" value="suppression_cover_info">
						<float name="recover_multiplier" value="1" />
					</template_reference>
					<template_reference name="tp_z_snow" value="suppression_cover_info">
						<float name="recover_multiplier" value="1" />
					</template_reference>
					<template_reference name="tp_zz_deep_snow" value="suppression_cover_info">
						<float name="recover_multiplier" value="1" />
					</template_reference>
					<template_reference name="tp_zz_mud" value="suppression_cover_info">
						<float name="recover_multiplier" value="1" />
					</template_reference>
					<template_reference name="tp_zz_team_weapon_heavy" value="suppression_cover_info">
						<float name="recover_multiplier" value="1" />
					</template_reference>
					<template_reference name="tp_shot_absorber" value="suppression_cover_info">
						<float name="recover_multiplier" value="1" />
					</template_reference>
				</enum_table>
			</group>
			<group name="pilfer">
				<bool name="can_pilfer" value="False" />
				<group name="weapon">
					<group name="heading">
						<float name="x" value="0" />
						<float name="y" value="0" />
						<float name="z" value="1" />
					</group>
					<float name="length" value="0" />
					<group name="origin">
						<float name="x" value="0" />
						<float name="y" value="0.5" />
						<float name="z" value="0" />
					</group>
					<enum name="type" value="default" />
					<instance_reference name="weapon" value="" />
				</group>
				<instance_reference name="remove_weapon" value="" />
			</group>
			<float name="reaction_combat_delay_seconds" value="30" />
			<file name="squad_ai_sniped_file" value="" />
			<template_reference name="can_recrew_abandoned_option" value="options\none">
			</template_reference>
			<template_reference name="charge_option" value="options\none">
			</template_reference>
			<bool name="disable_ranged_weapons_when_tied_up" value="True" />
			<int name="melee_tieup_attacking_priority" value="0" />
			<int name="melee_tieup_defending_priority" value="0" />
			<bool name="ranged_weapons_prefer_single_squad_target" value="True" />
			<bool name="accept_move_commands_while_combat" value="False" />
			<float name="reveal_defender_time" value="0" />
			<bool name="reveal_defender_time_use" value="False" />
			<instance_reference name="range_reticule" value="ui_reticule\ability_range_default_orks" />
		</template_reference>
		<template_reference name="squadexts" value="sbpextensions\squad_holdable_ext">
			<list name="modifier_table">
			</list>
		</template_reference>
		<template_reference name="squadexts" value="sbpextensions\squad_ability_ext">
			<list name="abilities">
				<instance_reference name="ability" value="abilities\races\eldar\structures\eld_teleport_webway_portal_ork_tunnel" mod="a5fef7c6e07942ffb7483ef8065b8755" />
				<instance_reference name="ability" value="abilities\races\orks\gretchin\ork_repair_gretchin" mod="a5fef7c6e07942ffb7483ef8065b8755" />
				<instance_reference name="ability" value="abilities\races\orks\gretchin\ork_salvage_deff_dread_gretchin" />
				<instance_reference name="ability" value="abilities\races\orks\gretchin\ork_salvage_deffkopta_gretchin" />
				<instance_reference name="ability" value="abilities\races\orks\gretchin\ork_salvage_killa_kan_gretchin" />
				<instance_reference name="ability" value="abilities\races\orks\gretchin\ork_salvage_big_trakk_gretchin" />
				<instance_reference name="ability" value="abilities\races\orks\gretchin\ork_salvage_trukk_gretchin" />
				<instance_reference name="ability" value="abilities\races\orks\gretchin\ork_salvage_waaagh_tower_gretchin" />
				<instance_reference name="ability" value="abilities\races\eldar\warp_spiders\eld_warp_rift" />
				<instance_reference name="ability" value="abilities\races\orks\global\ork_detector_passive" mod="a5fef7c6e07942ffb7483ef8065b8755" />
				<instance_reference name="ability" value="abilities\races\orks\gretchin\ork_stealth_gretchin" />
				<instance_reference name="ability" value="abilities\races\orks\gretchin\ork_detect_area_gretchin" />
			</list>
			<bool name="allow_targeted_abilities_whilst_moving" value="False" />
			<int name="ui_combine_priority" value="60" />
		</template_reference>
		<template_reference name="squadexts" value="sbpextensions\squad_capture_strategic_point_ext">
			<float name="capture_distance" value="0" />
			<float name="capture_rate_multiplier" value="0" />
			<float name="revert_rate_multiplier" value="0" />
		</template_reference>
		<template_reference name="squadexts" value="sbpextensions\squad_population_ext">
			<float name="personnel_pop" value="0" />
		</template_reference>
		<template_reference name="squadexts" value="sbpextensions\squad_type_ext">
			<list name="squad_type_list">
			</list>
		</template_reference>
		<template_reference name="squadexts" value="sbpextensions\squad_engineer_ext">
			<float name="construction_rate_multiplier" value="1" />
			<list name="in_construction_actions">
				<template_reference name="action" value="action\apply_modifiers_action">
					<float name="duration" value="0" />
					<bool name="permanent" value="False" />
					<list name="modifiers">
						<template_reference name="modifier" value="modifiers\entity_modifier">
							<enum name="type" value="camouflage_enable" />
							<enum name="application_type" value="apply_to_entity" />
							<enum name="usage_type" value="enable" />
							<float name="value" value="-1" />
							<instance_reference name="tooltip" value="" />
							<bool name="exclusive" value="False" />
							<string name="modifier_id" value="" />
							<instance_reference name="target_type_name" value="" />
						</template_reference>
					</list>
					<uniqueid name="id" value="1073744196" />
				</template_reference>
			</list>
			<list name="construction_groups">
				<group name="construction_group">
					<instance_reference name="construction_menu" value="construction_menu\ork_construction_menu" mod="a5fef7c6e07942ffb7483ef8065b8755" />
					<list name="construction_items">
						<group name="construction_item">
							<instance_reference name="ebp" value="ebps\races\orks\structures\ork_boyz_hut" mod="a5fef7c6e07942ffb7483ef8065b8755" />
							<int name="ui_position" value="12" />
							<list name="on_construction_end_actions">
							</list>
						</group>
						<group name="construction_item">
							<instance_reference name="ebp" value="ebps\races\orks\structures\ork_dakka_hut" mod="a5fef7c6e07942ffb7483ef8065b8755" />
							<int name="ui_position" value="24" />
							<list name="on_construction_end_actions">
							</list>
						</group>
						<group name="construction_item">
							<instance_reference name="ebp" value="ebps\races\orks\structures\ork_mek_shop" mod="a5fef7c6e07942ffb7483ef8065b8755" />
							<int name="ui_position" value="23" />
							<list name="on_construction_end_actions">
							</list>
						</group>
						<group name="construction_item">
							<instance_reference name="ebp" value="ebps\races\orks\structures\ork_listening_post" mod="a5fef7c6e07942ffb7483ef8065b8755" />
							<int name="ui_position" value="13" />
							<list name="on_construction_end_actions">
							</list>
						</group>
						<group name="construction_item">
							<instance_reference name="ebp" value="ebps\races\orks\structures\ork_waaagh_tower" mod="a5fef7c6e07942ffb7483ef8065b8755" />
							<int name="ui_position" value="21" />
							<list name="on_construction_end_actions">
							</list>
						</group>
						<group name="construction_item">
							<instance_reference name="ebp" value="ebps\races\orks\structures\ork_pile_of_guns" mod="a5fef7c6e07942ffb7483ef8065b8755" />
							<int name="ui_position" value="22" />
							<list name="on_construction_end_actions">
							</list>
						</group>
						<group name="construction_item">
							<instance_reference name="ebp" value="ebps\races\orks\structures\ork_hq_annihilate" mod="a5fef7c6e07942ffb7483ef8065b8755" />
							<int name="ui_position" value="11" />
							<list name="on_construction_end_actions">
							</list>
						</group>
						<group name="construction_item">
							<instance_reference name="ebp" value="ebps\races\orks\structures\ork_bigshoota_turret" mod="a5fef7c6e07942ffb7483ef8065b8755" />
							<int name="ui_position" value="31" />
							<list name="on_construction_end_actions">
							</list>
						</group>
						<group name="construction_item">
							<instance_reference name="ebp" value="ebps\gameplay\economy\ork_addon_power_build" mod="a5fef7c6e07942ffb7483ef8065b8755" />
							<int name="ui_position" value="14" />
							<list name="on_construction_end_actions">
							</list>
						</group>
						<group name="construction_item">
							<instance_reference name="ebp" value="ebps\races\chaos_campaign\line_units\big_trakk_minion" mod="a5fef7c6e07942ffb7483ef8065b8755" />
							<int name="ui_position" value="32" />
							<list name="on_construction_end_actions">
							</list>
						</group>
						<group name="construction_item">
							<instance_reference name="ebp" value="ebps\environment\ork\ork_prefabs\gorgutz_gun\gorgutz_gun" mod="a5fef7c6e07942ffb7483ef8065b8755" />
							<int name="ui_position" value="33" />
							<list name="on_construction_end_actions">
							</list>
						</group>
					</list>
					<enum name="construction_type" value="tp_construction_base" />
				</group>
			</list>
		</template_reference>
		<template_reference name="squadexts" value="sbpextensions\squad_reinforce_ext">
			<group name="time_cost_percentage">
				<float name="cost_percentage" value="0.75" />
				<float name="time_percentage" value="1" />
				<float name="upgrade_cost_percentage" value="1" />
			</group>
			<group name="ui_info">
				<locstring name="extra_text" value="0" />
				<locstring name="help_text" value="11084942" />
				<string name="hotkey_name" value="R" />
				<icon name="icon_name" value="Icons_common_abilities_reinforce_point" />
				<string name="overlay_name" value="" />
				<bool name="reveal_for_decryption" value="False" />
				<locstring name="screen_name" value="11084946" />
				<int name="ui_position" value="14" />
			</group>
			<list name="paradrop_requirements">
			</list>
			<list name="on_reinforced_actions">
			</list>
			<enum name="spawn_type" value="ork_unit_reinforce" />
		</template_reference>
		<template_reference name="squadexts" value="sbpextensions\squad_health_ext">
			<float name="regeneration_per_second" value="1" />
			<list name="shields">
			</list>
			<list name="death_actions">
				<template_reference name="action" value="action\sound_action">
					<sound name="play_event" value="t05mis_ork_gretchin_squad_death" />
					<uniqueid name="id" value="1073744197" />
					<sound name="stop_event" value="" />
					<enum name="visibility_type" value="ExecuterIsOwnOrAlly" />
				</template_reference>
				<template_reference name="action" value="action\sound_action">
					<sound name="play_event" value="t05mis_ork_gretchin_squad_death" />
					<uniqueid name="id" value="1073744198" />
					<sound name="stop_event" value="" />
					<enum name="visibility_type" value="ExecuterIsEnemy" />
				</template_reference>
				<template_reference name="action" value="action\speech_action">
					<uniqueid name="id" value="1073744199" />
					<list name="argument_overrides">
						<template_reference name="argument_override" value="speech_argument_override">
							<enum name="argument_name" value="death_type" />
							<string name="value" value="squad" />
						</template_reference>
					</list>
					<template_reference name="speech_event" value="speech_event_squad_name">
						<enum name="speech_event_squad" value="death" />
					</template_reference>
				</template_reference>
			</list>
			<enum name="regenerated_entity_spawn_type_key" value="" />
		</template_reference>
		<template_reference name="squadexts" value="sbpextensions\squad_speech_ext">
			<string name="squad_speaker_code" value="gretchin" />
			<group name="squad_speech_parameters">
				<string name="squad_class_code" value="builder" />
				<string name="squad_name_code" value="unit" />
				<string name="squad_unit_code" value="ork_gretchin" />
			</group>
			<int name="importance" value="1" />
			<bool name="is_idle_battle_chatter_enabled" value="True" />
			<list name="squad_speaker_code_overrides">
			</list>
		</template_reference>
		<template_reference name="squadexts" value="sbpextensions\squad_audio_ext">
			<list name="rtpc_events">
				<template_reference name="rtpc_event" value="rtpc_event">
					<uniqueid name="pbgid" value="102240" />
					<float name="threshold" value="1" />
					<string name="event" value="t05mis_ork_gretchin_in_fov_increment" />
					<bool name="trigger_when_increasing" value="True" />
					<bool name="trigger_when_decreasing" value="True" />
					<enum name="rtpc" value="in_fov" />
				</template_reference>
				<template_reference name="rtpc_event" value="rtpc_event">
					<uniqueid name="pbgid" value="102241" />
					<float name="threshold" value="0" />
					<string name="event" value="t05mis_ork_gretchin_in_fov_decrement" />
					<bool name="trigger_when_increasing" value="True" />
					<bool name="trigger_when_decreasing" value="True" />
					<enum name="rtpc" value="in_fov" />
				</template_reference>
			</list>
			<list name="sound_banks">
			</list>
			<template_reference name="kill_streak_option" value="options\none">
			</template_reference>
			<enum name="death_event_type" value="" />
			<list name="sound_banks_overrides">
			</list>
			<bool name="in_fow_distance_to_enemy_rtpc_enabled" value="False" />
			<enum name="initial_spawn_event_type" value="" />
		</template_reference>
	</list>
	<uniqueid name="pbgid" value="89716" />
</instance>