<instance description="" template="ebps">
	<list name="extensions" comment="Gorkanaut Bugs:&#xD;&#xA;&#xD;&#xA;BUG 1: The Deffstorm Mega-shoota ability doesn’t work correctly.  The weapon scan action doesn’t seem to be able to correctly sweep an area, it jumps from the first point and then immediately skips to the last point and fires the remainder of the shots.  The higher the tracking value on the weapon, the less overall shots you get.&#xD;&#xA;&#xD;&#xA;BUG 2: The Gorkanaut occasionally fires their deffstorm mega-cannon without being triggered by the ability?  The hardpoint is set not to receive attack commands…&#xD;&#xA;&#xD;&#xA;BUG 3: For positional abilities that DON’T ignore shot blocking, they cannot fire on the shot blocking entity itself, since any position is technically shot blocked.  E.g. try and fire a rokkit fist at the power core.&#xD;&#xA;&#xD;&#xA;BUG 4: Can’t seem to change the weapon preference BACK to melee once he re-loots his fist.&#xD;&#xA;&#xD;&#xA;Improvement 1: A better knockback/stagger system for vehicles, how we're handling knocking units out his spawned blockers is not ideal (enabling knockback for half a second to deal knockback).">
		<template_reference name="exts" value="ebpextensions\entity_blueprint_ext">
			<file name="alternate_sua" value="armies\orks\troops\gorkanaut\armour\gorkanautarmour_standard_common\gorkanautarmour_standard_common" />
			<bool name="always_revealed_in_fow" value="False" />
			<file name="animator" value="" />
			<bool name="is_visible_in_game" value="True" />
			<int name="precise_size" value="-1" />
			<list name="additional_animator_blueprints">
			</list>
			<enum name="default_spawn_type" value="" />
			<list name="scenario_animator_blueprints">
			</list>
			<instance_reference name="unit_badge" value="" />
			<list name="animator_overrides">
			</list>
			<bool name="is_spawned_when_not_in_interactive_area" value="True" />
			<bool name="is_wreck" value="True" />
		</template_reference>
		<template_reference name="exts" value="ebpextensions\sim_entity_ext">
			<float name="rotate_snap" value="360" />
			<bool name="kill_paradrop" value="False" />
			<bool name="share_control_with_allies" value="False" />
			<enum name="transferable" value="None" />
		</template_reference>
		<template_reference name="exts" value="ebpextensions\ability_ext">
			<list name="abilities">
			</list>
		</template_reference>
		<template_reference name="exts" value="ebpextensions\action_apply_ext">
			<list name="actions">
				<template_reference name="action" value="action\animator_set_state">
					<bool name="apply_to_leader_only" value="False" />
					<string name="do_action_state_name" value="fake_wreck" />
					<bool name="retrigger" value="True" />
					<string name="state_machine_name" value="damage_state" />
					<string name="undo_action_state_name" value="" />
					<uniqueid name="id" value="1073745880" />
				</template_reference>
				<template_reference name="action" value="action\ledger_write_action">
					<uniqueid name="id" value="1073745881" />
					<string name="key" value="scrap_size" />
					<enum name="operator" value="set" />
					<float name="operand" value="4" />
					<bool name="persistent" value="False" />
					<string name="read_key_from_ledger_key" value="" />
				</template_reference>
				<template_reference name="action" value="action\animator_set_state">
					<bool name="apply_to_leader_only" value="False" />
					<string name="do_action_state_name" value="off" />
					<bool name="retrigger" value="True" />
					<string name="state_machine_name" value="movement_direction" />
					<string name="undo_action_state_name" value="" />
					<uniqueid name="id" value="1073745882" />
				</template_reference>
				<template_reference name="action" value="action\requirement_action">
					<bool name="check_self" value="False" />
					<bool name="validation_requires_requirements" value="False" />
					<bool name="validate_all_sub_actions" value="True" />
					<list name="requirement_table">
						<template_reference name="required" value="requirements\required_ledger">
							<locstring name="ui_name" value="0" />
							<enum name="reason" value="usage" />
							<string name="key" value="looted" />
							<float name="default_value" value="0" />
							<float name="compare_to_value" value="1" />
							<enum name="comparison" value="greater_than_or_equal_to" />
							<enum name="ledger_type" value="entity_ledger" />
							<float name="ui_max_value" value="0" />
							<float name="ui_min_value" value="0" />
							<string name="read_key_from_ledger_key" value="" />
						</template_reference>
					</list>
					<list name="action_table">
						<template_reference name="action" value="action\spawn_entity">
							<float name="duration" value="0" />
							<instance_reference name="entity_blueprint" value="ebps\races\orks\gameplay\ork_scrap_large" />
							<bool name="permanent" value="False" />
							<bool name="player_owned" value="False" />
							<uniqueid name="id" value="1073745883" />
							<template_reference name="spawn_attached_option" value="options\none">
							</template_reference>
							<list name="spawned_entity_actions">
								<template_reference name="actions" value="action\timed_action">
									<float name="duration" value="0.375" />
									<bool name="fire_and_forget" value="False" />
									<list name="subactions">
										<template_reference name="action" value="action\invulnerable_action">
											<uniqueid name="id" value="1073745884" />
											<float name="invulnerable_health_percentage" value="1" />
											<int name="invulnerable_entity_count" value="1" />
										</template_reference>
									</list>
									<uniqueid name="id" value="1073745885" />
								</template_reference>
							</list>
							<group name="offset">
								<float name="x" value="0" />
								<float name="y" value="0" />
								<float name="z" value="0" />
							</group>
							<bool name="offset_in_target_coord_system" value="False" />
							<bool name="spawn_at_target_height" value="False" />
							<bool name="force_construction" value="True" />
							<list name="target_requirements">
							</list>
						</template_reference>
						<template_reference name="action" value="action\make_dead">
							<bool name="ignore_invulnerability" value="True" />
							<bool name="destroy" value="False" />
							<list name="death_reaction_table">
							</list>
							<uniqueid name="id" value="1073745886" />
							<enum name="death_type" value="fatal" />
						</template_reference>
						<template_reference name="action" value="action\fire_and_forget_action">
							<uniqueid name="id" value="1073745887" />
							<list name="fire_and_forget_actions">
								<template_reference name="action" value="action\animator_set_action" comment="FX: this is the scrap impact from space.">
									<string name="action_name" value="fx_act_scrap_vehiclesized_downsize" />
									<bool name="allies_only" value="False" />
									<float name="duration" value="0" />
									<bool name="remove_on_parent_group_finish" value="True" />
									<bool name="is_terrain_only" value="False" />
									<uniqueid name="id" value="1073745888" />
								</template_reference>
							</list>
							<bool name="fire_if_any_can" value="False" />
						</template_reference>
					</list>
					<uniqueid name="id" value="1073745889" />
					<template_reference name="ui_help_text" value="tables\help_text_phrase">
						<int name="phrase_order" value="0" />
						<locstring name="phrase" value="0" />
					</template_reference>
					<template_reference name="behaviour_type" value="options\action\requirement_action\wait_until_requirements_pass_to_start_wait_again_when_requirements_fail">
					</template_reference>
				</template_reference>
				<template_reference name="action" value="action\requirement_action">
					<bool name="check_self" value="False" />
					<bool name="validation_requires_requirements" value="False" />
					<bool name="validate_all_sub_actions" value="False" />
					<list name="requirement_table">
						<template_reference name="required" value="requirements\required_ledger">
							<locstring name="ui_name" value="0" />
							<enum name="reason" value="usage" />
							<string name="key" value="salvage" />
							<float name="default_value" value="0" />
							<float name="compare_to_value" value="1" />
							<enum name="comparison" value="equal_to" />
							<enum name="ledger_type" value="entity_ledger" />
							<float name="ui_max_value" value="0" />
							<float name="ui_min_value" value="0" />
							<string name="read_key_from_ledger_key" value="" />
						</template_reference>
					</list>
					<list name="action_table">
						<template_reference name="action" value="action\make_dead">
							<bool name="ignore_invulnerability" value="False" />
							<bool name="destroy" value="True" />
							<list name="death_reaction_table">
							</list>
							<uniqueid name="id" value="1073745890" />
							<enum name="death_type" value="fatal" />
						</template_reference>
						<template_reference name="action" value="action\spawn_entity">
							<float name="duration" value="0" />
							<instance_reference name="entity_blueprint" value="ebps\races\orks\gameplay\ork_scrap_large" />
							<bool name="permanent" value="False" />
							<bool name="player_owned" value="False" />
							<uniqueid name="id" value="1073745891" />
							<template_reference name="spawn_attached_option" value="options\none">
							</template_reference>
							<list name="spawned_entity_actions">
							</list>
							<group name="offset">
								<float name="x" value="0" />
								<float name="y" value="0" />
								<float name="z" value="0" />
							</group>
							<bool name="offset_in_target_coord_system" value="False" />
							<bool name="spawn_at_target_height" value="False" />
							<bool name="force_construction" value="True" />
							<list name="target_requirements">
							</list>
						</template_reference>
						<template_reference name="action" value="action\fire_and_forget_action">
							<uniqueid name="id" value="1073745892" />
							<list name="fire_and_forget_actions">
								<template_reference name="action" value="action\animator_set_action" comment="FX: this is the scrap impact from space.">
									<string name="action_name" value="fx_act_ability_salvage_vehicle_sized_completed" />
									<bool name="allies_only" value="False" />
									<float name="duration" value="0" />
									<bool name="remove_on_parent_group_finish" value="True" />
									<bool name="is_terrain_only" value="False" />
									<uniqueid name="id" value="1073745893" />
								</template_reference>
							</list>
							<bool name="fire_if_any_can" value="False" />
						</template_reference>
					</list>
					<uniqueid name="id" value="1073745894" />
					<template_reference name="ui_help_text" value="tables\help_text_phrase">
						<int name="phrase_order" value="0" />
						<locstring name="phrase" value="0" />
					</template_reference>
					<template_reference name="behaviour_type" value="options\action\requirement_action\wait_until_requirements_pass_to_start_wait_again_when_requirements_fail">
					</template_reference>
				</template_reference>
				<template_reference name="action" value="action\requirement_action">
					<bool name="check_self" value="False" />
					<bool name="validation_requires_requirements" value="False" />
					<bool name="validate_all_sub_actions" value="False" />
					<list name="requirement_table">
						<template_reference name="required" value="requirements\required_ledger">
							<locstring name="ui_name" value="0" />
							<enum name="reason" value="usage" />
							<string name="key" value="salvage" />
							<float name="default_value" value="0" />
							<float name="compare_to_value" value="2" />
							<enum name="comparison" value="equal_to" />
							<enum name="ledger_type" value="entity_ledger" />
							<float name="ui_max_value" value="0" />
							<float name="ui_min_value" value="0" />
							<string name="read_key_from_ledger_key" value="" />
						</template_reference>
					</list>
					<list name="action_table">
						<template_reference name="action" value="action\make_dead">
							<bool name="ignore_invulnerability" value="False" />
							<bool name="destroy" value="False" />
							<list name="death_reaction_table">
							</list>
							<uniqueid name="id" value="1073745895" />
							<enum name="death_type" value="fatal" />
						</template_reference>
						<template_reference name="action" value="action\spawn_entity">
							<float name="duration" value="0" />
							<instance_reference name="entity_blueprint" value="ebps\races\orks\gameplay\ork_scrap_medium" />
							<bool name="permanent" value="False" />
							<bool name="player_owned" value="False" />
							<uniqueid name="id" value="1073745896" />
							<template_reference name="spawn_attached_option" value="options\none">
							</template_reference>
							<list name="spawned_entity_actions">
							</list>
							<group name="offset">
								<float name="x" value="0" />
								<float name="y" value="0" />
								<float name="z" value="0" />
							</group>
							<bool name="offset_in_target_coord_system" value="False" />
							<bool name="spawn_at_target_height" value="False" />
							<bool name="force_construction" value="True" />
							<list name="target_requirements">
							</list>
						</template_reference>
						<template_reference name="action" value="action\fire_and_forget_action">
							<uniqueid name="id" value="1073745897" />
							<list name="fire_and_forget_actions">
								<template_reference name="action" value="action\animator_set_action" comment="FX: this is the scrap impact from space.">
									<string name="action_name" value="fx_act_ability_salvage_vehicle_sized_completed" />
									<bool name="allies_only" value="False" />
									<float name="duration" value="0" />
									<bool name="remove_on_parent_group_finish" value="True" />
									<bool name="is_terrain_only" value="False" />
									<uniqueid name="id" value="1073745898" />
								</template_reference>
							</list>
							<bool name="fire_if_any_can" value="False" />
						</template_reference>
					</list>
					<uniqueid name="id" value="1073745899" />
					<template_reference name="ui_help_text" value="tables\help_text_phrase">
						<int name="phrase_order" value="0" />
						<locstring name="phrase" value="0" />
					</template_reference>
					<template_reference name="behaviour_type" value="options\action\requirement_action\wait_until_requirements_pass_to_start_wait_again_when_requirements_fail">
					</template_reference>
				</template_reference>
				<template_reference name="action" value="action\requirement_action" comment="Requirement to hide the decorator if scrap is a full health.">
					<bool name="check_self" value="False" />
					<bool name="validation_requires_requirements" value="False" />
					<bool name="validate_all_sub_actions" value="True" />
					<list name="requirement_table">
						<template_reference name="required" value="requirements\required_health">
							<float name="health_range_min_percentage" value="0.98" />
							<float name="health_range_max_percentage" value="1" />
							<locstring name="ui_name" value="0" />
							<enum name="reason" value="usage" />
							<bool name="include_shields" value="False" />
						</template_reference>
						<template_reference name="required" value="requirements\required_ledger">
							<locstring name="ui_name" value="0" />
							<enum name="reason" value="usage" />
							<string name="key" value="salvage_loot_active" />
							<float name="default_value" value="0" />
							<float name="compare_to_value" value="0" />
							<enum name="comparison" value="less_than_or_equal_to" />
							<enum name="ledger_type" value="entity_ledger" />
							<float name="ui_max_value" value="0" />
							<float name="ui_min_value" value="0" />
							<string name="read_key_from_ledger_key" value="" />
						</template_reference>
					</list>
					<list name="action_table">
						<template_reference name="action" value="action\ui_decorator_action">
							<icon name="symbol_icon" value="" />
							<uniqueid name="id" value="1073745900" />
							<string name="state_label" value="" />
							<bool name="hide" value="True" />
							<string name="cover_level_icon_suffix" value="" />
							<icon name="summer_portrait_icon" value="" />
							<icon name="winter_portrait_icon" value="" />
							<enum name="state_frame" value="none" />
						</template_reference>
					</list>
					<uniqueid name="id" value="1073745901" />
					<template_reference name="ui_help_text" value="tables\help_text_phrase">
						<int name="phrase_order" value="0" />
						<locstring name="phrase" value="0" />
					</template_reference>
					<template_reference name="behaviour_type" value="options\action\requirement_action\wait_until_requirements_pass_to_start_wait_again_when_requirements_fail">
					</template_reference>
				</template_reference>
				<template_reference name="action" value="action\offset_action" comment="Does knockback to all targets.  Wrapping in an offset action so we can line it up accurately to where the explosion appears to come from (the chest) when laying down.">
					<uniqueid name="id" value="1073747132" />
					<float name="offset_x" value="0" />
					<float name="offset_y" value="0" />
					<float name="offset_z" value="-7" />
					<list name="actions">
						<template_reference name="action" value="action\target">
							<template_reference name="area_info" value="options\area_info_options\circle_area_option">
								<float name="outer_radius" value="45" />
								<float name="inner_radius" value="0" />
								<bool name="is_two_dimensional" value="True" />
								<enum name="dynamic_radius_type" value="fixed" />
							</template_reference>
							<bool name="die_with_creator" value="True" />
							<bool name="do_recalc_targets" value="False" />
							<float name="duration" value="1.625" />
							<bool name="entity_targets" value="False" />
							<instance_reference name="entity_types_to_choose" value="" />
							<bool name="stationary" value="True" />
							<enum name="unit_type" value="" />
							<list name="subactions">
								<template_reference name="action" value="action\knockback_action">
									<uniqueid name="id" value="1073747133" />
									<float name="distance" value="10" />
									<float name="height" value="3" />
									<list name="on_start_actions">
									</list>
									<list name="on_end_actions">
									</list>
									<float name="getup_time_seconds" value="1" />
									<enum name="mode" value="default" />
									<float name="time_to_slide_seconds" value="-1" />
									<float name="aggression" value="0.5" />
									<float name="time_in_air_seconds" value="2" />
									<template_reference name="area_scatter_option" value="options\none">
									</template_reference>
									<bool name="interpolate" value="False" />
									<enum name="ignore_passability_check_type" value="none" />
								</template_reference>
								<template_reference name="action" value="action\damage">
									<float name="damage" value="1250" />
									<bool name="percentage" value="False" />
									<bool name="set" value="False" />
									<bool name="cause_criticals" value="True" />
									<enum name="crit_weapon_type" value="explosive" />
									<uniqueid name="id" value="1073747134" />
									<enum name="crit_direction" value="front" />
									<bool name="allow_overkill" value="True" />
									<enum name="damage_type" value="True Damage" />
									<bool name="ignore_shields" value="False" />
								</template_reference>
							</list>
							<uniqueid name="id" value="1073747135" />
							<bool name="any_subaction" value="True" />
							<bool name="finish_with_subactions" value="True" />
							<bool name="override_subactions_context" value="True" />
							<int name="max_target_count" value="0" />
							<bool name="ui_query" value="False" />
							<template_reference name="area_over_time_option" value="options\action\area_over_time_options\expand_option">
								<float name="time_seconds" value="1.25" />
							</template_reference>
							<bool name="apply_only_once_ever" value="True" />
							<list name="target_requirements">
							</list>
							<bool name="reset_target_count_every_tick" value="False" />
						</template_reference>
					</list>
					<bool name="clamp_to_direct_path" value="False" />
					<bool name="relative_offset" value="True" />
				</template_reference>
				<template_reference name="action" value="action\animator_set_variable">
					<string name="variable_name" value="scrap_size" />
					<uniqueid name="id" value="1073745902" />
					<template_reference name="set_variable_option" value="options\action\animator_set_variable\animator_read_ledger">
						<string name="progress_read_name" value="scrap_size" />
					</template_reference>
					<bool name="interpolate" value="False" />
				</template_reference>
				<template_reference name="action" value="action\timed_action">
					<float name="duration" value="0.125" />
					<bool name="fire_and_forget" value="True" />
					<list name="subactions">
						<template_reference name="action" value="action\reveal_entity_action">
							<uniqueid name="id" value="1073745903" />
						</template_reference>
					</list>
					<uniqueid name="id" value="1073745904" />
				</template_reference>
				<template_reference name="action" value="action\delay">
					<float name="delay" value="0.125" />
					<float name="delay_min" value="0" />
					<bool name="progress_bar" value="False" />
					<bool name="randomize" value="False" />
					<list name="delayed_actions">
						<template_reference name="action" value="action\offset_action" comment="Does knockback to all targets.  Wrapping in an offset action so we can line it up accurately to where the explosion appears to come from (the chest) when laying down.">
							<uniqueid name="id" value="1073745905" />
							<float name="offset_x" value="0" />
							<float name="offset_y" value="0" />
							<float name="offset_z" value="-14" />
							<list name="actions">
								<template_reference name="action" value="action\target">
									<template_reference name="area_info" value="options\area_info_options\circle_area_option">
										<float name="outer_radius" value="45" />
										<float name="inner_radius" value="0" />
										<bool name="is_two_dimensional" value="True" />
										<enum name="dynamic_radius_type" value="fixed" />
									</template_reference>
									<bool name="die_with_creator" value="True" />
									<bool name="do_recalc_targets" value="False" />
									<float name="duration" value="1.625" />
									<bool name="entity_targets" value="False" />
									<instance_reference name="entity_types_to_choose" value="" />
									<bool name="stationary" value="True" />
									<enum name="unit_type" value="" />
									<list name="subactions">
										<template_reference name="action" value="action\knockback_action">
											<uniqueid name="id" value="1073745906" />
											<float name="distance" value="3" />
											<float name="height" value="1" />
											<list name="on_start_actions">
											</list>
											<list name="on_end_actions">
											</list>
											<float name="getup_time_seconds" value="1" />
											<enum name="mode" value="default" />
											<float name="time_to_slide_seconds" value="-1" />
											<float name="aggression" value="0.5" />
											<float name="time_in_air_seconds" value="1" />
											<template_reference name="area_scatter_option" value="options\none">
											</template_reference>
											<bool name="interpolate" value="False" />
											<enum name="ignore_passability_check_type" value="none" />
										</template_reference>
									</list>
									<uniqueid name="id" value="1073745907" />
									<bool name="any_subaction" value="True" />
									<bool name="finish_with_subactions" value="True" />
									<bool name="override_subactions_context" value="True" />
									<int name="max_target_count" value="0" />
									<bool name="ui_query" value="False" />
									<template_reference name="area_over_time_option" value="options\action\area_over_time_options\expand_option">
										<float name="time_seconds" value="1.25" />
									</template_reference>
									<bool name="apply_only_once_ever" value="True" />
									<list name="target_requirements">
									</list>
									<bool name="reset_target_count_every_tick" value="False" />
								</template_reference>
							</list>
							<bool name="clamp_to_direct_path" value="False" />
							<bool name="relative_offset" value="True" />
						</template_reference>
					</list>
					<uniqueid name="id" value="1073745908" />
					<bool name="can_prevent_refund" value="True" />
				</template_reference>
			</list>
		</template_reference>
		<template_reference name="exts" value="ebpextensions\health_ext">
			<bool name="can_repair" value="False" />
			<bool name="cuttable" value="False" />
			<string name="death_event_name" value="Death" />
			<float name="death_seconds" value="0" />
			<bool name="delete_when_dead" value="True" />
			<bool name="force_attacker_memory" value="False" />
			<float name="hitpoints" value="1000" />
			<bool name="is_invincible" value="False" />
			<bool name="is_salvagable_wreck" value="False" />
			<instance_reference name="rebuilt_entity" value="" />
			<instance_reference name="rebuilt_squad" value="" />
			<bool name="rebuilt_use_wreck_owner" value="False" />
			<bool name="receive_weapon_cover_modifiers" value="False" />
			<float name="regeneration" value="0" />
			<bool name="regeneration_disabled" value="False" />
			<bool name="remove_from_pathfinding_on_death" value="True" />
			<bool name="reveal_to_all_on_death" value="False" />
			<bool name="ui_can_scuttle" value="False" />
			<list name="death_actions">
			</list>
			<float name="target_size" value="1" />
			<list name="criticals">
				<group name="critical_group">
					<float name="max_health_percentage" value="0" />
					<list name="critical_info">
						<group name="info">
							<float name="weight" value="100" />
							<enum_table name="applicable_weapons">
								<bool name="small_arms" value="True" />
								<bool name="flame" value="True" />
								<bool name="ballistic" value="True" />
								<bool name="explosive" value="True" />
								<bool name="taldeer_melee" value="True" />
								<bool name="cannon" value="True" />
								<bool name="always_gib" value="True" />
							</enum_table>
							<instance_reference name="critical" value="critical\default_death" />
							<enum_table name="applicable_hit_direction">
								<bool name="front" value="True" />
								<bool name="rear" value="True" />
								<bool name="left" value="True" />
								<bool name="right" value="True" />
							</enum_table>
							<enum name="apply_on" value="penetrate" />
						</group>
						<group name="info">
							<float name="weight" value="100" />
							<enum_table name="applicable_weapons">
								<bool name="small_arms" value="True" />
								<bool name="flame" value="True" />
								<bool name="ballistic" value="True" />
								<bool name="explosive" value="True" />
								<bool name="taldeer_melee" value="True" />
								<bool name="cannon" value="True" />
								<bool name="always_gib" value="True" />
							</enum_table>
							<instance_reference name="critical" value="critical\orbital_death" />
							<enum_table name="applicable_hit_direction">
								<bool name="front" value="True" />
								<bool name="rear" value="True" />
								<bool name="left" value="True" />
								<bool name="right" value="True" />
							</enum_table>
							<enum name="apply_on" value="penetrate" />
						</group>
					</list>
				</group>
			</list>
			<float name="weapon_priority" value="0" />
			<template_reference name="wreck_entity_option" value="options\none">
			</template_reference>
			<enum name="armor_type" value="Normal" />
			<template_reference name="armor_layout_option" value="options\ebpextensions\healthext\armor_layouts\armor_layout_uniform">
				<float name="armor" value="0" />
			</template_reference>
			<enum name="allegiance_override" value="none" />
			<list name="on_received_damage_actions">
			</list>
			<bool name="not_default_attackable" value="False" />
			<list name="self_destruct_actions">
			</list>
			<list name="rebuilt_entity_actions">
			</list>
		</template_reference>
		<template_reference name="exts" value="ebpextensions\hit_object_ext">
			<instance_reference name="hit_material" value="hit_material\hvyarmour" />
			<bool name="hit_non_neutral" value="False" />
			<float name="hit_percentage" value="1" />
			<bool name="pass_through" value="False" />
			<group name="projectile_pass_through">
				<bool name="tp_artillery" value="True" />
				<bool name="tp_collide" value="True" />
				<bool name="tp_vehicle_collide" value="True" />
			</group>
			<template_reference name="projectile_reflect_option" value="options\none">
			</template_reference>
		</template_reference>
		<template_reference name="exts" value="ebpextensions\line_of_sight_ext">
			<group name="blocking_box">
				<float name="x" value="0.01" />
				<float name="y" value="0.01" />
				<float name="z" value="0.01" />
			</group>
			<bool name="is_shot_blocking" value="False" />
			<bool name="use_blocking_box" value="False" />
			<enum name="does_block_line_of_sight" value="never" />
			<bool name="reveal_center_when_outside_is_visible" value="True" />
		</template_reference>
		<template_reference name="exts" value="ebpextensions\modifier_ext">
		</template_reference>
		<template_reference name="exts" value="ebpextensions\type_ext">
			<list name="unit_type_list">
				<enum name="unit_type" value="dow3_scrap" />
				<enum name="unit_type" value="dow3_scrap_huge" />
			</list>
			<enum name="weapon_targeting" value="automatic" />
			<bool name="intersection_testing" value="False" />
		</template_reference>
		<template_reference name="exts" value="ebpextensions\ui_ext">
			<bool name="ap_killed_kicker" value="True" />
			<bool name="ap_loss_kicker" value="True" />
			<float name="decorator_height" value="2" />
			<bool name="ghost_enable" value="True" />
			<locstring name="help_text" value="0" />
			<string name="hotkey_name" value="" />
			<icon name="icon_name" value="" />
			<enum name="kill_type" value="heavy_armour" />
			<colour name="minimap_color" value="*" />
			<bool name="minimap_enable" value="False" />
			<bool name="minimap_team_only" value="False" />
			<bool name="minimap_teamcolor" value="False" />
			<string name="overlay_name" value="" />
			<bool name="reveal_for_decryption" value="False" />
			<locstring name="screen_name" value="0" />
			<enum name="selection_name" value="" />
			<float name="selection_scale" value="1" />
			<enum name="selection_type" value="targettable" />
			<locstring name="tooltip_txt" value="0" />
			<int name="ui_priority" value="0" />
			<icon name="minimap_icon" value="" />
			<float name="minimap_icon_scale" value="1" />
			<icon name="portrait_icon" value="" />
			<locstring name="brief_text" value="0" />
			<string name="extra_text_deprecated" value="" />
			<locstring name="extra_text" value="0" />
			<locstring name="screen_name_short" value="0" />
			<bool name="show_in_build_log" value="True" />
			<bool name="show_entity_appearance" value="True" />
			<locstring name="screen_name_world" value="0" />
			<locstring name="help_text_world" value="0" />
			<locstring name="extra_text_world" value="0" />
			<enum name="map_rotation_type_override" value="no_override" />
			<icon name="symbol_icon_name" value="Icons_common_decorators_orks_elite_gorkanaut" />
			<enum name="occlusion_state" value="can_be_occluded" />
			<enum name="decorator_visibility" value="visible" />
			<bool name="skin_pack_override" value="False" />
			<string name="skin_summer" value="" />
			<string name="skin_winter" value="" />
			<enum name="targeting_and_bandbox_selection_priority" value="medium" />
			<enum name="selection_method" value="mesh" />
			<group name="terrain_info_display_offset">
				<float name="x" value="0" />
				<float name="y" value="0" />
			</group>
			<string name="decorator_ledger_key" value="" />
			<instance_reference name="decorator_ledger_bar_style" value="" />
			<enum name="selection_name_squad_override" value="" />
			<string name="selection_grouping_ledger_key" value="" />
			<float name="decorator_height_spatial_ability" value="-1" />
		</template_reference>
		<template_reference name="exts" value="ebpextensions\modifier_apply_ext">
			<list name="modifiers">
			</list>
		</template_reference>
		<template_reference name="exts" value="ebpextensions\upgrade_ext">
			<bool name="must_be_in_supply" value="False" />
			<float name="number_of_standard_slots" value="-1" />
			<list name="standard_upgrades">
			</list>
			<int name="max_queue_size_override" value="-1" />
		</template_reference>
		<template_reference name="exts" value="ebpextensions\site_ext">
			<float name="extra_build_test_footprint_x" value="0" />
			<bool name="require_all_cells_clear" value="False" />
			<bool name="snap_to_terrain" value="True" />
			<bool name="ignore_impass" value="True" />
			<bool name="lock_to_impass" value="True" />
			<float name="extra_build_test_footprint_z" value="0" />
			<float name="extra_build_test_footprint_offset_x" value="0" />
			<float name="extra_build_test_footprint_offset_z" value="0" />
		</template_reference>
		<template_reference name="exts" value="ebpextensions\crushee_ext">
			<list name="on_crushed_actions">
				<template_reference name="action" value="action\swap_executer_with_target_action">
					<uniqueid name="id" value="1073745909" />
					<list name="subactions">
						<template_reference name="action" value="action\spawn_entity">
							<float name="duration" value="1" />
							<instance_reference name="entity_blueprint" value="ebps\races\orks\gameplay\ork_scrap_large" />
							<bool name="permanent" value="True" />
							<bool name="player_owned" value="False" />
							<uniqueid name="id" value="1073745910" />
							<template_reference name="spawn_attached_option" value="options\none">
							</template_reference>
							<list name="spawned_entity_actions">
							</list>
							<group name="offset">
								<float name="x" value="0" />
								<float name="y" value="0" />
								<float name="z" value="0" />
							</group>
							<bool name="offset_in_target_coord_system" value="False" />
							<bool name="spawn_at_target_height" value="True" />
							<bool name="force_construction" value="True" />
							<list name="target_requirements">
							</list>
						</template_reference>
						<template_reference name="action" value="action\spawn_entity">
							<float name="duration" value="1" />
							<instance_reference name="entity_blueprint" value="ebps\races\orks\gameplay\ork_scrap_small" />
							<bool name="permanent" value="True" />
							<bool name="player_owned" value="False" />
							<uniqueid name="id" value="1073745911" />
							<template_reference name="spawn_attached_option" value="options\none">
							</template_reference>
							<list name="spawned_entity_actions">
							</list>
							<group name="offset">
								<float name="x" value="3" />
								<float name="y" value="0" />
								<float name="z" value="0" />
							</group>
							<bool name="offset_in_target_coord_system" value="False" />
							<bool name="spawn_at_target_height" value="True" />
							<bool name="force_construction" value="True" />
							<list name="target_requirements">
							</list>
						</template_reference>
					</list>
				</template_reference>
			</list>
			<enum name="min_crush_mode" value="crush_medium" />
		</template_reference>
	</list>
	<uniqueid name="pbgid" value="108278" />
</instance>