<instance description="" template="upgrade">
	<group name="upgrade_bag">
		<bool name="enable_in_hold" value="True" />
		<float name="global_max_limit" value="0" />
		<bool name="has_speech_code" value="True" />
		<float name="local_max_limit" value="1" />
		<enum name="owner_type" value="self" />
		<group name="time_cost">
			<enum_table name="cost">
				<float name="action" value="0" />
				<float name="command" value="0" />
				<float name="popcap" value="0" />
				<float name="power" value="15" />
				<float name="requisition" value="70" />
				<float name="drop_pods" value="0" />
				<float name="feat" value="0" />
				<float name="gamma" value="0" />
			</enum_table>
			<float name="time_seconds" value="4" />
		</group>
		<bool name="ui_event_cue" value="True" />
		<enum name="ui_production_group" value="command_panel" />
		<int name="ui_position" value="31" />
		<group name="ui_info">
			<locstring name="extra_text" value="60" mod="a5fef7c6e07942ffb7483ef8065b8755" />
			<locstring name="help_text" value="66" mod="a5fef7c6e07942ffb7483ef8065b8755" />
			<string name="hotkey_name" value="Z" />
			<icon name="icon_name" value="Icons_space_marines_portraits_line_predator_annihilator" />
			<bool name="reveal_for_decryption" value="False" />
			<locstring name="screen_name" value="69" mod="a5fef7c6e07942ffb7483ef8065b8755" />
			<locstring name="brief_text" value="0" />
			<locstring name="screen_name_short" value="0" />
			<enum name="ui_style" value="default" />
			<bool name="nests" value="False" />
		</group>
		<bool name="validate_actions" value="True" />
		<list name="actions">
			<template_reference name="action" value="action\swap_animator_action">
				<uniqueid name="id" value="1073743180" />
				<bool name="permanent" value="True" />
				<string name="animator" value="armies\space_marines\vehicles\predator\archetypes\predator_tank_ranged\predator_tank_ranged" />
				<list name="additional_animator_blueprints">
					<group name="animator_blueprint">
						<file name="animator" value="armies\space_marines\vehicles\predator\armour\predatorhull_standard_common\predatorhull_standard_common" />
						<list name="animator_overrides">
						</list>
					</group>
					<group name="animator_blueprint">
						<file name="animator" value="armies\space_marines\vehicles\predator\weapons_ranged\heavyboltersponson_standard_common_left\heavyboltersponson_standard_common_left" />
						<list name="animator_overrides">
						</list>
					</group>
					<group name="animator_blueprint">
						<file name="animator" value="armies\space_marines\vehicles\predator\weapons_ranged\heavyboltersponson_standard_common_right\heavyboltersponson_standard_common_right" />
						<list name="animator_overrides">
						</list>
					</group>
					<group name="animator_blueprint">
						<file name="animator" value="armies\space_marines\vehicles\predator\weapons_ranged\lascannonturret_standard_common\lascannonturret_standard_common" />
						<list name="animator_overrides">
						</list>
					</group>
				</list>
				<list name="animator_overrides">
				</list>
			</template_reference>
			<template_reference name="action" value="action\change_target_action">
				<list name="actions">
					<template_reference name="action" value="action\change_weapon">
						<float name="hardpoint" value="1" />
						<instance_reference name="weapon" value="weapon\space_marines\line_units\ranged\spa_lascannon_predator_annihilator" mod="a5fef7c6e07942ffb7483ef8065b8755" />
						<uniqueid name="id" value="1073743043" />
					</template_reference>
				</list>
				<enum name="change_target_type" value="entities" />
				<uniqueid name="id" value="1073743044" />
				<bool name="validate_sub_actions" value="False" />
			</template_reference>
		</list>
		<list name="requirements">
			<template_reference name="required" value="requirements\required_entity_upgrade">
				<enum name="reason" value="usage_and_display" />
				<locstring name="ui_name" value="0" />
				<bool name="is_present" value="False" />
				<instance_reference name="upgrade_name" value="upgrade\tank\spa_predator_annihilator_upgrade" mod="a5fef7c6e07942ffb7483ef8065b8755" />
				<bool name="include_queued" value="True" />
				<int name="min_completed" value="1" />
				<int name="max_completed" value="100" />
			</template_reference>
			<template_reference name="required" value="requirements\required_entity_upgrade">
				<enum name="reason" value="usage_and_display" />
				<locstring name="ui_name" value="0" />
				<bool name="is_present" value="False" />
				<instance_reference name="upgrade_name" value="upgrade\tank\spa_predator_ap_upgrade" mod="a5fef7c6e07942ffb7483ef8065b8755" />
				<bool name="include_queued" value="True" />
				<int name="min_completed" value="1" />
				<int name="max_completed" value="100" />
			</template_reference>
			<template_reference name="required" value="requirements\required_entity_upgrade">
				<enum name="reason" value="usage" />
				<locstring name="ui_name" value="274" mod="a5fef7c6e07942ffb7483ef8065b8755" />
				<bool name="is_present" value="False" />
				<instance_reference name="upgrade_name" value="upgrade\tank\spa_predator_turret_upgrade" mod="a5fef7c6e07942ffb7483ef8065b8755" />
				<bool name="include_queued" value="False" />
				<int name="min_completed" value="1" />
				<int name="max_completed" value="100" />
			</template_reference>
		</list>
		<icon name="ui_kicker_icon_name" value="" />
		<locstring name="ui_squad_name_override" value="96" mod="a5fef7c6e07942ffb7483ef8065b8755" />
		<locstring name="ui_squad_help_text_override" value="0" />
		<locstring name="ui_squad_extra_text_override" value="0" />
		<list name="ui_preview">
		</list>
		<string name="speech_code" value="gen" />
		<list name="on_cancel_actions">
		</list>
		<list name="on_begin_actions">
		</list>
		<icon name="ui_squad_portrait_icon_override" value="" />
	</group>
	<uniqueid name="pbgid" value="1073741834" />
</instance>