<instance description="" template="ebps">
	<list name="extensions">
		<template_reference name="exts" value="ebpextensions\entity_blueprint_ext">
			<file name="alternate_sua" value="armies\eldar\structures\bases\armour\hq_standard_common\hq_standard_common" />
			<bool name="always_revealed_in_fow" value="False" />
			<file name="animator" value="armies\eldar\structures\bases\archetypes\hq_standard_common\hq_standard_common" />
			<bool name="is_visible_in_game" value="True" />
			<int name="precise_size" value="-1" />
			<list name="additional_animator_blueprints">
				<group name="animator_blueprint">
					<file name="animator" value="armies\eldar\structures\bases\armour\hq_standard_common\hq_standard_common" />
					<list name="animator_overrides">
					</list>
				</group>
			</list>
			<enum name="default_spawn_type" value="eldar_teleport" />
			<list name="scenario_animator_blueprints">
			</list>
			<instance_reference name="unit_badge" value="" />
			<list name="animator_overrides">
			</list>
			<bool name="is_spawned_when_not_in_interactive_area" value="True" />
			<bool name="is_wreck" value="False" />
		</template_reference>
		<template_reference name="exts" value="ebpextensions\sim_entity_ext">
			<float name="rotate_snap" value="360" />
			<bool name="kill_paradrop" value="False" />
			<bool name="share_control_with_allies" value="False" />
			<enum name="transferable" value="None" />
		</template_reference>
		<template_reference name="exts" value="ebpextensions\health_ext">
			<bool name="can_repair" value="True" />
			<bool name="cuttable" value="False" />
			<string name="death_event_name" value="death" />
			<float name="death_seconds" value="4" />
			<bool name="delete_when_dead" value="True" />
			<bool name="force_attacker_memory" value="False" />
			<float name="hitpoints" value="4800" />
			<bool name="is_invincible" value="False" />
			<bool name="is_salvagable_wreck" value="False" />
			<instance_reference name="rebuilt_entity" value="" />
			<instance_reference name="rebuilt_squad" value="" />
			<bool name="rebuilt_use_wreck_owner" value="True" />
			<bool name="receive_weapon_cover_modifiers" value="False" />
			<float name="regeneration" value="0" />
			<bool name="regeneration_disabled" value="True" />
			<bool name="remove_from_pathfinding_on_death" value="False" />
			<bool name="reveal_to_all_on_death" value="False" />
			<bool name="ui_can_scuttle" value="False" />
			<list name="death_actions">
				<template_reference name="action" value="action\change_target_action">
					<list name="actions">
						<template_reference name="action" value="action\requirement_action">
							<bool name="check_self" value="False" />
							<bool name="validation_requires_requirements" value="False" />
							<bool name="validate_all_sub_actions" value="False" />
							<list name="requirement_table">
								<template_reference name="required" value="requirements\required_ledger">
									<locstring name="ui_name" value="0" />
									<enum name="reason" value="usage" />
									<string name="key" value="webway_portal" />
									<float name="default_value" value="0" />
									<float name="compare_to_value" value="1" />
									<enum name="comparison" value="greater_than_or_equal_to" />
									<enum name="ledger_type" value="entity_ledger" />
									<float name="ui_max_value" value="0" />
									<float name="ui_min_value" value="0" />
									<string name="read_key_from_ledger_key" value="" />
								</template_reference>
							</list>
							<list name="action_table">
								<template_reference name="action" value="action\timed_action">
									<float name="duration" value="6.125" />
									<bool name="fire_and_forget" value="True" />
									<list name="subactions">
										<template_reference name="action" value="action\filter_action">
											<bool name="apply_to_future_units" value="False" />
											<bool name="apply_to_source_player_only" value="True" />
											<list name="action_table">
												<template_reference name="action" value="action\animator_set_state">
													<bool name="apply_to_leader_only" value="False" />
													<string name="do_action_state_name" value="off" />
													<bool name="retrigger" value="False" />
													<string name="state_machine_name" value="webway_portal_state" />
													<string name="undo_action_state_name" value="" />
													<uniqueid name="id" value="1073749709" />
												</template_reference>
											</list>
											<list name="target_requirements">
												<template_reference name="required" value="requirements\required_unit_type">
													<enum name="reason" value="usage" />
													<locstring name="ui_name" value="0" />
													<enum name="unit_type" value="dow3_webway_portal_fx" />
													<template_reference name="qualify_option" value="options\none">
													</template_reference>
													<bool name="search_load_out" value="False" />
												</template_reference>
											</list>
											<bool name="target_squad" value="False" />
											<uniqueid name="id" value="1073749710" />
										</template_reference>
										<template_reference name="action" value="action\requirement_action">
											<bool name="check_self" value="False" />
											<bool name="validation_requires_requirements" value="False" />
											<bool name="validate_all_sub_actions" value="True" />
											<list name="requirement_table">
												<template_reference name="required" value="requirements\required_player_upgrade">
													<enum name="reason" value="usage" />
													<locstring name="ui_name" value="0" />
													<bool name="is_present" value="False" />
													<int name="max_completed" value="100" />
													<int name="min_completed" value="1" />
													<instance_reference name="upgrade_name" value="upgrade\gameplay\power_core_mode" />
													<bool name="include_queued" value="False" />
												</template_reference>
											</list>
											<list name="action_table">
												<template_reference name="action" value="action\filter_action">
													<bool name="apply_to_future_units" value="False" />
													<bool name="apply_to_source_player_only" value="True" />
													<list name="action_table">
														<template_reference name="action" value="action\animator_set_state">
															<bool name="apply_to_leader_only" value="False" />
															<string name="do_action_state_name" value="off" />
															<bool name="retrigger" value="False" />
															<string name="state_machine_name" value="webway_portal_state" />
															<string name="undo_action_state_name" value="" />
															<uniqueid name="id" value="1073749711" />
														</template_reference>
													</list>
													<list name="target_requirements">
														<template_reference name="required" value="requirements\required_unit_type">
															<enum name="reason" value="usage" />
															<locstring name="ui_name" value="0" />
															<enum name="unit_type" value="dow3_webway_portal_fx" />
															<template_reference name="qualify_option" value="options\none">
															</template_reference>
															<bool name="search_load_out" value="False" />
														</template_reference>
													</list>
													<bool name="target_squad" value="False" />
													<uniqueid name="id" value="1073749712" />
												</template_reference>
												<template_reference name="action" value="action\delay">
													<float name="delay" value="6" />
													<float name="delay_min" value="0" />
													<bool name="progress_bar" value="False" />
													<bool name="randomize" value="False" />
													<list name="delayed_actions">
														<template_reference name="action" value="action\ledger_write_action">
															<uniqueid name="id" value="1073749713" />
															<string name="key" value="disable_portal" />
															<enum name="operator" value="set" />
															<float name="operand" value="0" />
															<bool name="persistent" value="False" />
															<string name="read_key_from_ledger_key" value="" />
														</template_reference>
														<template_reference name="action" value="action\fire_and_forget_action">
															<uniqueid name="id" value="1073749714" />
															<list name="fire_and_forget_actions">
																<template_reference name="action" value="action\filter_action">
																	<bool name="apply_to_future_units" value="False" />
																	<bool name="apply_to_source_player_only" value="True" />
																	<list name="action_table">
																		<template_reference name="action" value="action\ledger_write_action">
																			<uniqueid name="id" value="1073749715" />
																			<string name="key" value="disable_portal" />
																			<enum name="operator" value="set" />
																			<float name="operand" value="0" />
																			<bool name="persistent" value="False" />
																			<string name="read_key_from_ledger_key" value="" />
																		</template_reference>
																	</list>
																	<list name="target_requirements">
																		<template_reference name="required" value="requirements\required_ledger">
																			<locstring name="ui_name" value="0" />
																			<enum name="reason" value="usage" />
																			<string name="key" value="disable_portal" />
																			<float name="default_value" value="0" />
																			<float name="compare_to_value" value="1" />
																			<enum name="comparison" value="greater_than_or_equal_to" />
																			<enum name="ledger_type" value="entity_ledger" />
																			<float name="ui_max_value" value="0" />
																			<float name="ui_min_value" value="0" />
																			<string name="read_key_from_ledger_key" value="" />
																		</template_reference>
																	</list>
																	<bool name="target_squad" value="False" />
																	<uniqueid name="id" value="1073749716" />
																</template_reference>
															</list>
															<bool name="fire_if_any_can" value="False" />
														</template_reference>
													</list>
													<uniqueid name="id" value="1073749717" />
													<bool name="can_prevent_refund" value="True" />
												</template_reference>
											</list>
											<uniqueid name="id" value="1073749718" />
											<template_reference name="ui_help_text" value="tables\help_text_phrase">
												<int name="phrase_order" value="0" />
												<locstring name="phrase" value="0" />
											</template_reference>
											<template_reference name="behaviour_type" value="options\action\requirement_action\check_only_when_this_starts">
											</template_reference>
										</template_reference>
										<template_reference name="action" value="action\player_target_action">
											<bool name="allies" value="False" />
											<bool name="enemies" value="False" />
											<bool name="neutral" value="False" />
											<bool name="self" value="True" />
											<list name="subactions">
												<template_reference name="action" value="action\ledger_write_action">
													<uniqueid name="id" value="1073749719" />
													<string name="key" value="disable_set_webway" />
													<enum name="operator" value="set" />
													<float name="operand" value="0" />
													<bool name="persistent" value="False" />
													<string name="read_key_from_ledger_key" value="" />
												</template_reference>
											</list>
											<uniqueid name="id" value="1073749720" />
											<bool name="player_target" value="True" />
										</template_reference>
										<template_reference name="action" value="action\filter_action">
											<bool name="apply_to_future_units" value="False" />
											<bool name="apply_to_source_player_only" value="True" />
											<list name="action_table">
												<template_reference name="action" value="action\ledger_write_action">
													<uniqueid name="id" value="1073749721" />
													<string name="key" value="webway_portal" />
													<enum name="operator" value="set" />
													<float name="operand" value="0" />
													<bool name="persistent" value="False" />
													<string name="read_key_from_ledger_key" value="" />
												</template_reference>
											</list>
											<list name="target_requirements">
												<template_reference name="required" value="requirements\required_ledger">
													<locstring name="ui_name" value="0" />
													<enum name="reason" value="usage" />
													<string name="key" value="webway_portal" />
													<float name="default_value" value="0" />
													<float name="compare_to_value" value="1" />
													<enum name="comparison" value="greater_than_or_equal_to" />
													<enum name="ledger_type" value="entity_ledger" />
													<float name="ui_max_value" value="0" />
													<float name="ui_min_value" value="0" />
													<string name="read_key_from_ledger_key" value="" />
												</template_reference>
											</list>
											<bool name="target_squad" value="False" />
											<uniqueid name="id" value="1073749722" />
										</template_reference>
										<template_reference name="action" value="action\ledger_write_action">
											<uniqueid name="id" value="1073749723" />
											<string name="key" value="disable_portal" />
											<enum name="operator" value="set" />
											<float name="operand" value="0" />
											<bool name="persistent" value="False" />
											<string name="read_key_from_ledger_key" value="" />
										</template_reference>
										<template_reference name="action" value="action\filter_action">
											<bool name="apply_to_future_units" value="False" />
											<bool name="apply_to_source_player_only" value="True" />
											<list name="action_table">
												<template_reference name="action" value="action\ledger_write_action">
													<uniqueid name="id" value="1073749724" />
													<string name="key" value="disable_portal" />
													<enum name="operator" value="set" />
													<float name="operand" value="0" />
													<bool name="persistent" value="False" />
													<string name="read_key_from_ledger_key" value="" />
												</template_reference>
											</list>
											<list name="target_requirements">
												<template_reference name="required" value="requirements\required_ledger">
													<locstring name="ui_name" value="0" />
													<enum name="reason" value="usage" />
													<string name="key" value="disable_portal" />
													<float name="default_value" value="0" />
													<float name="compare_to_value" value="1" />
													<enum name="comparison" value="greater_than_or_equal_to" />
													<enum name="ledger_type" value="entity_ledger" />
													<float name="ui_max_value" value="0" />
													<float name="ui_min_value" value="0" />
													<string name="read_key_from_ledger_key" value="" />
												</template_reference>
											</list>
											<bool name="target_squad" value="False" />
											<uniqueid name="id" value="1073749725" />
										</template_reference>
									</list>
									<uniqueid name="id" value="1073749726" />
								</template_reference>
							</list>
							<uniqueid name="id" value="1073749727" />
							<template_reference name="ui_help_text" value="tables\help_text_phrase">
								<int name="phrase_order" value="0" />
								<locstring name="phrase" value="0" />
							</template_reference>
							<template_reference name="behaviour_type" value="options\action\requirement_action\check_only_when_this_starts">
							</template_reference>
						</template_reference>
					</list>
					<enum name="change_target_type" value="self" />
					<uniqueid name="id" value="1073749728" />
					<bool name="validate_sub_actions" value="False" />
				</template_reference>
				<template_reference name="action" value="action\apply_modifiers_action">
					<float name="duration" value="0" />
					<bool name="permanent" value="False" />
					<list name="modifiers">
						<template_reference name="modifier" value="modifiers\entity_modifier">
							<enum name="type" value="cost_requisition_modifier" />
							<enum name="application_type" value="apply_to_entity" />
							<enum name="usage_type" value="addition" />
							<float name="value" value="-200" />
							<instance_reference name="tooltip" value="" />
							<bool name="exclusive" value="False" />
							<string name="modifier_id" value="" />
							<instance_reference name="target_type_name" value="ebps\races\eldar\structures\eld_hq_annihilate" mod="a5fef7c6e07942ffb7483ef8065b8755" />
						</template_reference>
						<template_reference name="modifier" value="modifiers\entity_modifier">
							<enum name="type" value="cost_power_modifier" />
							<enum name="application_type" value="apply_to_entity" />
							<enum name="usage_type" value="addition" />
							<float name="value" value="-200" />
							<instance_reference name="tooltip" value="" />
							<bool name="exclusive" value="False" />
							<string name="modifier_id" value="" />
							<instance_reference name="target_type_name" value="ebps\races\eldar\structures\eld_hq_annihilate" mod="a5fef7c6e07942ffb7483ef8065b8755" />
						</template_reference>
					</list>
					<uniqueid name="id" value="1073749729" />
				</template_reference>
			</list>
			<float name="target_size" value="5" />
			<list name="criticals">
				<group name="critical_group">
					<float name="max_health_percentage" value="0" />
					<list name="critical_info">
						<group name="info">
							<float name="weight" value="100" />
							<enum_table name="applicable_weapons">
								<bool name="small_arms" value="True" />
								<bool name="flame" value="True" />
								<bool name="ballistic" value="True" />
								<bool name="explosive" value="True" />
								<bool name="taldeer_melee" value="True" />
								<bool name="cannon" value="True" />
								<bool name="always_gib" value="True" />
							</enum_table>
							<instance_reference name="critical" value="critical\default_death" />
							<enum_table name="applicable_hit_direction">
								<bool name="front" value="True" />
								<bool name="rear" value="True" />
								<bool name="left" value="True" />
								<bool name="right" value="True" />
							</enum_table>
							<enum name="apply_on" value="penetrate" />
						</group>
					</list>
				</group>
			</list>
			<float name="weapon_priority" value="-80" />
			<template_reference name="wreck_entity_option" value="options\ebpextensions\healthext\wreck_table">
				<enum_table name="wreck_entities">
					<instance_reference name="default" value="ebps\races\eldar\wrecks\structures\eld_hq_wreck_annihilate" />
					<instance_reference name="brewup" value="" />
				</enum_table>
				<list name="spawn_wreck_requirements">
				</list>
				<bool name="keep_wreck_ownership" value="False" />
			</template_reference>
			<enum name="armor_type" value="Heavy" />
			<template_reference name="armor_layout_option" value="options\ebpextensions\healthext\armor_layouts\armor_layout_uniform">
				<float name="armor" value="225" />
			</template_reference>
			<enum name="allegiance_override" value="none" />
			<list name="on_received_damage_actions">
			</list>
			<bool name="not_default_attackable" value="False" />
			<list name="self_destruct_actions">
			</list>
			<list name="rebuilt_entity_actions">
			</list>
		</template_reference>
		<template_reference name="exts" value="ebpextensions\hit_object_ext">
			<instance_reference name="hit_material" value="hit_material\metal" />
			<bool name="hit_non_neutral" value="True" />
			<float name="hit_percentage" value="1" />
			<bool name="pass_through" value="False" />
			<group name="projectile_pass_through">
				<bool name="tp_artillery" value="True" />
				<bool name="tp_collide" value="False" />
				<bool name="tp_vehicle_collide" value="True" />
			</group>
			<template_reference name="projectile_reflect_option" value="options\none">
			</template_reference>
		</template_reference>
		<template_reference name="exts" value="ebpextensions\line_of_sight_ext">
			<group name="blocking_box">
				<float name="x" value="0.01" />
				<float name="y" value="0.01" />
				<float name="z" value="0.01" />
			</group>
			<bool name="is_shot_blocking" value="False" />
			<bool name="use_blocking_box" value="False" />
			<enum name="does_block_line_of_sight" value="never" />
			<bool name="reveal_center_when_outside_is_visible" value="True" />
		</template_reference>
		<template_reference name="exts" value="ebpextensions\modifier_ext">
		</template_reference>
		<template_reference name="exts" value="ebpextensions\site_ext">
			<float name="extra_build_test_footprint_x" value="2" />
			<bool name="require_all_cells_clear" value="True" />
			<bool name="snap_to_terrain" value="False" />
			<bool name="ignore_impass" value="False" />
			<bool name="lock_to_impass" value="True" />
			<float name="extra_build_test_footprint_z" value="2" />
			<float name="extra_build_test_footprint_offset_x" value="0" />
			<float name="extra_build_test_footprint_offset_z" value="0" />
		</template_reference>
		<template_reference name="exts" value="ebpextensions\type_ext">
			<list name="unit_type_list">
				<enum name="unit_type" value="annihilation_condition" />
				<enum name="unit_type" value="building" />
				<enum name="unit_type" value="hq" />
				<enum name="unit_type" value="hq_tab" />
				<enum name="unit_type" value="dow3_eldar_structure" />
				<enum name="unit_type" value="dow3_portal_building" />
				<enum name="unit_type" value="dow3_structure" />
				<enum name="unit_type" value="dow3_building_raider_doctrine" />
				<enum name="unit_type" value="dow3_scaling_structure" />
			</list>
			<enum name="weapon_targeting" value="automatic" />
			<bool name="intersection_testing" value="False" />
		</template_reference>
		<template_reference name="exts" value="ebpextensions\ability_ext">
			<list name="abilities">
				<instance_reference name="ability" value="abilities\races\eldar\hq\eld_mass_recall" />
				<instance_reference name="ability" value="abilities\races\eldar\hq\eld_cancel_recall" />
				<instance_reference name="ability" value="abilities\races\eldar\hq\eld_relocate_hq_building" mod="a5fef7c6e07942ffb7483ef8065b8755" />
				<instance_reference name="ability" value="abilities\gameplay\reinforce_point" mod="a5fef7c6e07942ffb7483ef8065b8755" />
				<instance_reference name="ability" value="abilities\gameplay\elite_healing_aura" mod="a5fef7c6e07942ffb7483ef8065b8755" />
			</list>
		</template_reference>
		<template_reference name="exts" value="ebpextensions\construction_ext">
			<bool name="automatic_fit_on_placement" value="True" />
			<bool name="can_set_facing" value="True" />
			<float name="cancel_refund_percentage" value="100" />
			<string name="construction_state_name" value="ability_construction_state" />
			<float name="construction_transition_time" value="1.36667" />
			<bool name="force_construction" value="False" />
			<float name="max_engineers" value="1" />
			<instance_reference name="on_construction_squad" value="" />
			<float name="orientation" value="0" />
			<enum name="placement_type" value="tp_structure" />
			<bool name="prefer_spots_on_side_with_leader" value="False" />
			<bool name="query_abilities_for_range_ui" value="False" />
			<bool name="query_construction_actions_for_range_ui" value="False" />
			<bool name="query_upgrade_actions_for_range_ui" value="False" />
			<bool name="random_rotation" value="False" />
			<float name="replace_ghost_distance" value="5" />
			<bool name="self_construct" value="False" />
			<list name="on_construction_actions">
			</list>
			<group name="field_placement_info">
				<instance_reference name="border_entity" value="" />
				<instance_reference name="replace_entity" value="" />
				<int name="replace_count" value="0" />
				<float name="replace_retry_distance" value="0" />
			</group>
			<instance_reference name="placement_valid" value="ui_rectangle\construction_placement_valid" />
			<instance_reference name="placement_invalid" value="ui_rectangle\construction_placement_invalid" />
			<instance_reference name="ui_range" value="ui_reticule\reinforcement_point" />
			<float name="ui_range_radius" value="20" />
			<instance_reference name="ui_setfacing" value="" />
			<bool name="query_weapon_for_range_ui" value="False" />
			<group name="placement_requirements">
				<bool name="must_be_in_line_of_sight" value="False" />
				<bool name="must_not_be_in_walkable_surfaces" value="False" />
				<bool name="must_be_on_strategic_point" value="False" />
				<list name="requirements">
				</list>
				<float name="spacing_distance" value="0" />
				<bool name="skip_impass_checks_and_ignore_immovable_entities" value="False" />
			</group>
			<bool name="squad_ignore_pathfinding" value="False" />
			<bool name="can_be_cancelled" value="True" />
			<template_reference name="construction_health_option" value="options\none">
			</template_reference>
			<list name="on_construction_terrain_bonuses">
			</list>
		</template_reference>
		<template_reference name="exts" value="ebpextensions\cost_ext">
			<group name="time_cost">
				<enum_table name="cost">
					<float name="action" value="0" />
					<float name="power" value="200" />
					<float name="requisition" value="560" />
					<float name="popcap" value="0" />
					<float name="command" value="0" />
					<float name="drop_pods" value="0" />
					<float name="feat" value="0" />
					<float name="gamma" value="0" />
				</enum_table>
				<float name="time_seconds" value="120" />
			</group>
		</template_reference>
		<template_reference name="exts" value="ebpextensions\impass_ext">
			<bool name="cant_build" value="True" />
			<group name="impass_simboxes">
				<bool name="default_simbox" value="True" />
				<list name="named_simboxes">
				</list>
			</group>
			<list name="block_path">
				<instance_reference name="path_type" value="pass_types\infantry" />
				<instance_reference name="path_type" value="pass_types\vehicle" />
				<instance_reference name="path_type" value="pass_types\skimmer" />
			</list>
		</template_reference>
		<template_reference name="exts" value="ebpextensions\sight_ext">
			<group name="detect_camouflage">
				<float name="tp_global" value="0" />
				<float name="tp_mine" value="0" />
				<float name="tp_unit" value="0" />
			</group>
			<bool name="extended_sight" value="True" />
			<float name="extended_sight_radius" value="400" />
			<float name="reveal_area_on_death_time" value="1.5" />
			<group name="sight_package">
				<float name="inner_height" value="3.5" />
				<float name="inner_radius" value="1" />
				<float name="outer_height" value="3.5" />
				<float name="outer_radius" value="55" />
				<float name="cone_angle" value="360" />
				<float name="cone_start_radius" value="0" />
			</group>
			<bool name="can_see_through_stealth_zones" value="False" />
			<list name="extended_sight_target_requirements">
			</list>
			<list name="specific_detector_actions">
			</list>
		</template_reference>
		<template_reference name="exts" value="ebpextensions\ui_ext">
			<bool name="ap_killed_kicker" value="True" />
			<bool name="ap_loss_kicker" value="True" />
			<float name="decorator_height" value="-1" />
			<string name="extra_text_deprecated" value="" />
			<bool name="ghost_enable" value="True" />
			<locstring name="help_text" value="11128992" />
			<string name="hotkey_name" value="F" />
			<icon name="icon_name" value="Icons_eldar_buildings_hq" />
			<enum name="kill_type" value="building" />
			<colour name="minimap_color" value="*" />
			<bool name="minimap_enable" value="True" />
			<bool name="minimap_team_only" value="False" />
			<bool name="minimap_teamcolor" value="True" />
			<string name="overlay_name" value="" />
			<bool name="reveal_for_decryption" value="False" />
			<locstring name="screen_name" value="11128993" />
			<enum name="selection_name" value="" />
			<float name="selection_scale" value="1" />
			<enum name="selection_type" value="single_entity_select" />
			<locstring name="tooltip_txt" value="0" />
			<int name="ui_priority" value="0" />
			<icon name="minimap_icon" value="Icons_common_decorators_eldar_structure_headquarters" />
			<float name="minimap_icon_scale" value="0.5" />
			<icon name="portrait_icon" value="Icons_eldar_buildings_hq" />
			<locstring name="brief_text" value="0" />
			<locstring name="extra_text" value="11128991" />
			<bool name="show_in_build_log" value="True" />
			<locstring name="screen_name_short" value="0" />
			<bool name="show_entity_appearance" value="True" />
			<locstring name="screen_name_world" value="0" />
			<locstring name="help_text_world" value="0" />
			<locstring name="extra_text_world" value="0" />
			<enum name="map_rotation_type_override" value="no_override" />
			<icon name="symbol_icon_name" value="Icons_common_decorators_eldar_structure_headquarters" />
			<enum name="occlusion_state" value="can_be_occluded" />
			<enum name="decorator_visibility" value="default" />
			<bool name="skin_pack_override" value="False" />
			<string name="skin_summer" value="" />
			<string name="skin_winter" value="" />
			<enum name="targeting_and_bandbox_selection_priority" value="lowest" />
			<enum name="selection_method" value="terrain_obb_mesh" />
			<group name="terrain_info_display_offset">
				<float name="x" value="0" />
				<float name="y" value="0" />
			</group>
			<string name="decorator_ledger_key" value="" />
			<instance_reference name="decorator_ledger_bar_style" value="" />
			<enum name="selection_name_squad_override" value="" />
			<string name="selection_grouping_ledger_key" value="" />
			<float name="decorator_height_spatial_ability" value="-1" />
		</template_reference>
		<template_reference name="exts" value="ebpextensions\combat_ext">
			<bool name="reject_attack_command" value="True" />
			<list name="hardpoints">
			</list>
			<int name="sight_hardpoint" value="-1" />
			<list name="kill_actions">
			</list>
			<bool name="can_be_knocked_back" value="False" />
			<group name="reckoning_blow">
				<list name="attack_table">
				</list>
				<list name="defend_table">
				</list>
			</group>
			<bool name="can_be_stunned" value="False" />
			<bool name="update_facing_during_melee_swings" value="True" />
			<bool name="can_be_levitated" value="False" />
			<template_reference name="weapon_handling_option" value="options\none">
			</template_reference>
			<bool name="allow_auto_target_in_stealth_zone" value="False" />
		</template_reference>
		<template_reference name="exts" value="ebpextensions\action_apply_ext">
			<list name="actions">
				<template_reference name="action" value="action\apply_modifiers_action">
					<float name="duration" value="0" />
					<bool name="permanent" value="False" />
					<list name="modifiers">
						<template_reference name="modifier" value="modifiers\entity_modifier">
							<enum name="type" value="cost_requisition_modifier" />
							<enum name="application_type" value="apply_to_entity" />
							<enum name="usage_type" value="addition" />
							<float name="value" value="200" />
							<instance_reference name="tooltip" value="" />
							<bool name="exclusive" value="False" />
							<string name="modifier_id" value="" />
							<instance_reference name="target_type_name" value="ebps\races\eldar\structures\eld_hq_annihilate" mod="a5fef7c6e07942ffb7483ef8065b8755" />
						</template_reference>
						<template_reference name="modifier" value="modifiers\entity_modifier">
							<enum name="type" value="cost_power_modifier" />
							<enum name="application_type" value="apply_to_entity" />
							<enum name="usage_type" value="addition" />
							<float name="value" value="200" />
							<instance_reference name="tooltip" value="" />
							<bool name="exclusive" value="False" />
							<string name="modifier_id" value="" />
							<instance_reference name="target_type_name" value="ebps\races\eldar\structures\eld_hq_annihilate" mod="a5fef7c6e07942ffb7483ef8065b8755" />
						</template_reference>
					</list>
					<uniqueid name="id" value="1073749770" />
				</template_reference>
				<template_reference name="action" value="action\requirement_action" comment="reveals when HQ destroyed">
					<bool name="check_self" value="False" />
					<bool name="validation_requires_requirements" value="False" />
					<bool name="validate_all_sub_actions" value="True" />
					<list name="requirement_table">
						<template_reference name="required" value="requirements\required_not">
							<enum name="reason" value="usage" />
							<locstring name="ui_name" value="0" />
							<list name="requirement_table">
								<template_reference name="required" value="requirements\required_structure">
									<enum name="reason" value="usage" />
									<locstring name="ui_name" value="0" />
									<instance_reference name="structure_name" value="ebps\races\eldar\structures\eld_hq_annihilate" mod="a5fef7c6e07942ffb7483ef8065b8755" />
									<int name="required_structure_count" value="1" />
									<bool name="check_team" value="False" />
									<bool name="require_construction_complete" value="True" />
								</template_reference>
							</list>
						</template_reference>
						<template_reference name="required" value="requirements\required_any_in_list">
							<enum name="reason" value="usage" />
							<locstring name="ui_name" value="0" />
							<list name="requirements">
								<template_reference name="requirement" value="requirements\required_win_condition_game_mode_type">
									<string name="game_mode_type" value="annihilation" />
								</template_reference>
								<template_reference name="requirement" value="requirements\required_win_condition_game_mode_type">
									<string name="game_mode_type" value="annihilation_with_turrets" />
								</template_reference>
							</list>
						</template_reference>
					</list>
					<list name="action_table">
						<template_reference name="action" value="action\reveal_entity_action">
							<uniqueid name="id" value="1073749771" />
						</template_reference>
					</list>
					<uniqueid name="id" value="1073749772" />
					<template_reference name="ui_help_text" value="tables\help_text_phrase">
						<int name="phrase_order" value="0" />
						<locstring name="phrase" value="0" />
					</template_reference>
					<template_reference name="behaviour_type" value="options\action\requirement_action\wait_until_requirements_pass_to_start_wait_again_when_requirements_fail">
					</template_reference>
				</template_reference>
				<template_reference name="action" value="action\requirement_action">
					<bool name="check_self" value="False" />
					<bool name="validation_requires_requirements" value="False" />
					<bool name="validate_all_sub_actions" value="True" />
					<list name="requirement_table">
						<template_reference name="required" value="requirements\required_player_upgrade">
							<enum name="reason" value="usage" />
							<locstring name="ui_name" value="0" />
							<bool name="is_present" value="True" />
							<int name="max_completed" value="100" />
							<int name="min_completed" value="1" />
							<instance_reference name="upgrade_name" value="upgrade\races\eldar\structures\hq\eld_hq_tier_2" mod="a5fef7c6e07942ffb7483ef8065b8755" />
							<bool name="include_queued" value="False" />
						</template_reference>
					</list>
					<list name="action_table">
						<template_reference name="action" value="action\animator_set_state">
							<bool name="apply_to_leader_only" value="False" />
							<string name="do_action_state_name" value="tier2" />
							<bool name="retrigger" value="False" />
							<string name="state_machine_name" value="upgrade_tiers" />
							<string name="undo_action_state_name" value="" />
							<uniqueid name="id" value="1073749773" />
						</template_reference>
					</list>
					<uniqueid name="id" value="1073749774" />
					<template_reference name="ui_help_text" value="tables\help_text_phrase">
						<int name="phrase_order" value="0" />
						<locstring name="phrase" value="0" />
					</template_reference>
					<template_reference name="behaviour_type" value="options\action\requirement_action\wait_until_requirements_pass_to_start_wait_again_when_requirements_fail">
					</template_reference>
				</template_reference>
				<template_reference name="action" value="action\requirement_action">
					<bool name="check_self" value="False" />
					<bool name="validation_requires_requirements" value="False" />
					<bool name="validate_all_sub_actions" value="True" />
					<list name="requirement_table">
						<template_reference name="required" value="requirements\required_player_upgrade">
							<enum name="reason" value="usage" />
							<locstring name="ui_name" value="0" />
							<bool name="is_present" value="True" />
							<int name="max_completed" value="100" />
							<int name="min_completed" value="1" />
							<instance_reference name="upgrade_name" value="upgrade\races\eldar\structures\hq\eld_hq_tier_3" mod="a5fef7c6e07942ffb7483ef8065b8755" />
							<bool name="include_queued" value="False" />
						</template_reference>
					</list>
					<list name="action_table">
						<template_reference name="action" value="action\animator_set_state">
							<bool name="apply_to_leader_only" value="False" />
							<string name="do_action_state_name" value="tier3" />
							<bool name="retrigger" value="False" />
							<string name="state_machine_name" value="upgrade_tiers" />
							<string name="undo_action_state_name" value="" />
							<uniqueid name="id" value="1073749775" />
						</template_reference>
					</list>
					<uniqueid name="id" value="1073749776" />
					<template_reference name="ui_help_text" value="tables\help_text_phrase">
						<int name="phrase_order" value="0" />
						<locstring name="phrase" value="0" />
					</template_reference>
					<template_reference name="behaviour_type" value="options\action\requirement_action\wait_until_requirements_pass_to_start_wait_again_when_requirements_fail">
					</template_reference>
				</template_reference>
				<template_reference name="action" value="action\requirement_action" comment="Modifier used to weaken structures while it is apart of a webway portal">
					<bool name="check_self" value="True" />
					<bool name="validation_requires_requirements" value="False" />
					<bool name="validate_all_sub_actions" value="True" />
					<list name="requirement_table">
						<template_reference name="required" value="requirements\required_ledger">
							<locstring name="ui_name" value="0" />
							<enum name="reason" value="usage" />
							<string name="key" value="webway_portal" />
							<float name="default_value" value="0" />
							<float name="compare_to_value" value="1" />
							<enum name="comparison" value="equal_to" />
							<enum name="ledger_type" value="entity_ledger" />
							<float name="ui_max_value" value="0" />
							<float name="ui_min_value" value="0" />
							<string name="read_key_from_ledger_key" value="" />
						</template_reference>
					</list>
					<list name="action_table">
						<template_reference name="action" value="action\apply_modifiers_action" comment="Modifier used to weaken structures while it is apart of a webway portal">
							<float name="duration" value="0" />
							<bool name="permanent" value="False" />
							<list name="modifiers">
								<template_reference name="modifier" value="modifiers\entity_modifier">
									<enum name="application_type" value="apply_to_entity" />
									<bool name="exclusive" value="False" />
									<string name="modifier_id" value="construction" />
									<enum name="usage_type" value="addition" />
									<float name="value" value="4" />
									<instance_reference name="tooltip" value="" />
									<enum name="type" value="received_damage_modifier" />
									<instance_reference name="target_type_name" value="" />
								</template_reference>
							</list>
							<uniqueid name="id" value="1073749777" />
						</template_reference>
						<template_reference name="action" value="action\ui_unit_modifier_action">
							<bool name="die_with_creator" value="False" />
							<template_reference name="ui_info" value="tables\ui_info">
								<locstring name="screen_name" value="0" />
								<locstring name="help_text" value="0" />
								<icon name="icon_name" value="Icons_common_states_defense_lowered" />
								<string name="hotkey_name" value="" />
							</template_reference>
							<uniqueid name="id" value="1073749778" />
						</template_reference>
					</list>
					<uniqueid name="id" value="1073749779" />
					<template_reference name="ui_help_text" value="tables\help_text_phrase">
						<int name="phrase_order" value="0" />
						<locstring name="phrase" value="0" />
					</template_reference>
					<template_reference name="behaviour_type" value="options\action\requirement_action\wait_until_requirements_pass_to_start_wait_again_when_requirements_fail">
					</template_reference>
				</template_reference>
				<template_reference name="action" value="action\requirement_action">
					<bool name="check_self" value="False" />
					<bool name="validation_requires_requirements" value="False" />
					<bool name="validate_all_sub_actions" value="False" />
					<list name="requirement_table">
						<template_reference name="required" value="requirements\required_ledger">
							<locstring name="ui_name" value="0" />
							<enum name="reason" value="usage" />
							<string name="key" value="webway_portal" />
							<float name="default_value" value="0" />
							<float name="compare_to_value" value="1" />
							<enum name="comparison" value="greater_than_or_equal_to" />
							<enum name="ledger_type" value="entity_ledger" />
							<float name="ui_max_value" value="0" />
							<float name="ui_min_value" value="0" />
							<string name="read_key_from_ledger_key" value="" />
						</template_reference>
						<template_reference name="required" value="requirements\required_ability_state">
							<enum name="reason" value="usage" />
							<locstring name="ui_name" value="0" />
							<bool name="is_active" value="True" />
							<instance_reference name="ability_name" value="abilities\races\eldar\hq\eld_relocate_hq_building" mod="a5fef7c6e07942ffb7483ef8065b8755" />
							<enum name="ability_active_prereq_owner_type" value="entity" />
						</template_reference>
					</list>
					<list name="action_table">
						<template_reference name="action" value="action\filter_action">
							<bool name="apply_to_future_units" value="False" />
							<bool name="apply_to_source_player_only" value="True" />
							<list name="action_table">
								<template_reference name="action" value="action\animator_set_state">
									<bool name="apply_to_leader_only" value="False" />
									<string name="do_action_state_name" value="off" />
									<bool name="retrigger" value="False" />
									<string name="state_machine_name" value="webway_portal_state" />
									<string name="undo_action_state_name" value="" />
									<uniqueid name="id" value="1073749780" />
								</template_reference>
							</list>
							<list name="target_requirements">
								<template_reference name="required" value="requirements\required_unit_type">
									<enum name="reason" value="usage" />
									<locstring name="ui_name" value="0" />
									<enum name="unit_type" value="dow3_webway_portal_fx" />
									<template_reference name="qualify_option" value="options\none">
									</template_reference>
									<bool name="search_load_out" value="False" />
								</template_reference>
							</list>
							<bool name="target_squad" value="False" />
							<uniqueid name="id" value="1073749781" />
						</template_reference>
						<template_reference name="action" value="action\ledger_write_action">
							<uniqueid name="id" value="1073749782" />
							<string name="key" value="portal_waiting" />
							<enum name="operator" value="set" />
							<float name="operand" value="1" />
							<bool name="persistent" value="False" />
							<string name="read_key_from_ledger_key" value="" />
						</template_reference>
					</list>
					<uniqueid name="id" value="1073749783" />
					<template_reference name="ui_help_text" value="tables\help_text_phrase">
						<int name="phrase_order" value="0" />
						<locstring name="phrase" value="0" />
					</template_reference>
					<template_reference name="behaviour_type" value="options\action\requirement_action\wait_until_requirements_pass_to_start_wait_again_when_requirements_fail">
					</template_reference>
				</template_reference>
				<template_reference name="action" value="action\requirement_action">
					<bool name="check_self" value="False" />
					<bool name="validation_requires_requirements" value="False" />
					<bool name="validate_all_sub_actions" value="False" />
					<list name="requirement_table">
						<template_reference name="required" value="requirements\required_ledger">
							<locstring name="ui_name" value="0" />
							<enum name="reason" value="usage" />
							<string name="key" value="portal_waiting" />
							<float name="default_value" value="0" />
							<float name="compare_to_value" value="1" />
							<enum name="comparison" value="greater_than_or_equal_to" />
							<enum name="ledger_type" value="entity_ledger" />
							<float name="ui_max_value" value="0" />
							<float name="ui_min_value" value="0" />
							<string name="read_key_from_ledger_key" value="" />
						</template_reference>
						<template_reference name="required" value="requirements\required_ability_state">
							<enum name="reason" value="usage" />
							<locstring name="ui_name" value="0" />
							<bool name="is_active" value="False" />
							<instance_reference name="ability_name" value="abilities\races\eldar\hq\eld_relocate_hq_building" mod="a5fef7c6e07942ffb7483ef8065b8755" />
							<enum name="ability_active_prereq_owner_type" value="entity" />
						</template_reference>
					</list>
					<list name="action_table">
						<template_reference name="action" value="action\filter_action">
							<bool name="apply_to_future_units" value="False" />
							<bool name="apply_to_source_player_only" value="True" />
							<list name="action_table">
								<template_reference name="action" value="action\animator_set_state">
									<bool name="apply_to_leader_only" value="False" />
									<string name="do_action_state_name" value="on" />
									<bool name="retrigger" value="False" />
									<string name="state_machine_name" value="webway_portal_state" />
									<string name="undo_action_state_name" value="" />
									<uniqueid name="id" value="1073749784" />
								</template_reference>
							</list>
							<list name="target_requirements">
								<template_reference name="required" value="requirements\required_unit_type">
									<enum name="reason" value="usage" />
									<locstring name="ui_name" value="0" />
									<enum name="unit_type" value="dow3_webway_portal_fx" />
									<template_reference name="qualify_option" value="options\none">
									</template_reference>
									<bool name="search_load_out" value="False" />
								</template_reference>
							</list>
							<bool name="target_squad" value="False" />
							<uniqueid name="id" value="1073749785" />
						</template_reference>
						<template_reference name="action" value="action\ledger_write_action">
							<uniqueid name="id" value="1073749786" />
							<string name="key" value="portal_waiting" />
							<enum name="operator" value="set" />
							<float name="operand" value="0" />
							<bool name="persistent" value="False" />
							<string name="read_key_from_ledger_key" value="" />
						</template_reference>
					</list>
					<uniqueid name="id" value="1073749787" />
					<template_reference name="ui_help_text" value="tables\help_text_phrase">
						<int name="phrase_order" value="0" />
						<locstring name="phrase" value="0" />
					</template_reference>
					<template_reference name="behaviour_type" value="options\action\requirement_action\wait_until_requirements_pass_to_start_wait_again_when_requirements_fail">
					</template_reference>
				</template_reference>
				<template_reference name="action" value="action\requirement_action" comment="CAMPAIGN Used for enabiling off-screen death animations ">
					<bool name="check_self" value="False" />
					<bool name="validation_requires_requirements" value="False" />
					<bool name="validate_all_sub_actions" value="True" />
					<list name="requirement_table">
						<template_reference name="required" value="requirements\required_player_upgrade">
							<enum name="reason" value="usage" />
							<locstring name="ui_name" value="0" />
							<bool name="is_present" value="False" />
							<int name="max_completed" value="100" />
							<int name="min_completed" value="1" />
							<instance_reference name="upgrade_name" value="upgrade\gameplay\power_core_mode" />
							<bool name="include_queued" value="False" />
						</template_reference>
					</list>
					<list name="action_table">
						<template_reference name="action" value="action\animator_set_state">
							<bool name="apply_to_leader_only" value="False" />
							<string name="do_action_state_name" value="true" />
							<bool name="retrigger" value="False" />
							<string name="state_machine_name" value="forceupdate_state" />
							<string name="undo_action_state_name" value="" />
							<uniqueid name="id" value="1073749788" />
						</template_reference>
					</list>
					<uniqueid name="id" value="1073749789" />
					<template_reference name="ui_help_text" value="tables\help_text_phrase">
						<int name="phrase_order" value="0" />
						<locstring name="phrase" value="0" />
					</template_reference>
					<template_reference name="behaviour_type" value="options\action\requirement_action\check_only_when_this_starts">
					</template_reference>
				</template_reference>
				<template_reference name="action" value="action\requirement_action" comment="Checks to see if the building is in stealth cover.">
					<bool name="check_self" value="False" />
					<bool name="validation_requires_requirements" value="False" />
					<bool name="validate_all_sub_actions" value="False" />
					<list name="requirement_table">
						<template_reference name="required" value="requirements\required_in_stealth_zone">
							<locstring name="ui_name" value="0" />
							<enum name="reason" value="usage" />
							<bool name="require_no_detected_enemies" value="False" />
							<enum name="squad_check_behaviour" value="require_all_entities" />
						</template_reference>
					</list>
					<list name="action_table">
						<template_reference name="action" value="action\ui_unit_modifier_action">
							<bool name="die_with_creator" value="False" />
							<template_reference name="ui_info" value="tables\ui_info">
								<locstring name="screen_name" value="0" />
								<locstring name="help_text" value="0" />
								<icon name="icon_name" value="Icons_common_states_stealth_cover" />
								<string name="hotkey_name" value="" />
							</template_reference>
							<uniqueid name="id" value="1073749790" />
						</template_reference>
					</list>
					<uniqueid name="id" value="1073749791" />
					<template_reference name="ui_help_text" value="tables\help_text_phrase">
						<int name="phrase_order" value="0" />
						<locstring name="phrase" value="0" />
					</template_reference>
					<template_reference name="behaviour_type" value="options\action\requirement_action\wait_until_requirements_pass_to_start_wait_again_when_requirements_fail">
					</template_reference>
				</template_reference>
				<template_reference name="action" value="action\requirement_action">
					<bool name="check_self" value="False" />
					<bool name="validation_requires_requirements" value="False" />
					<bool name="validate_all_sub_actions" value="False" />
					<list name="requirement_table">
						<template_reference name="required" value="requirements\required_any_in_list">
							<enum name="reason" value="usage" />
							<locstring name="ui_name" value="0" />
							<list name="requirements">
								<template_reference name="requirement" value="requirements\required_ledger">
									<locstring name="ui_name" value="0" />
									<enum name="reason" value="usage" />
									<string name="key" value="instant_spawn" />
									<float name="default_value" value="0" />
									<float name="compare_to_value" value="1" />
									<enum name="comparison" value="greater_than_or_equal_to" />
									<enum name="ledger_type" value="entity_ledger" />
									<float name="ui_max_value" value="0" />
									<float name="ui_min_value" value="0" />
									<string name="read_key_from_ledger_key" value="" />
								</template_reference>
								<template_reference name="requirement" value="requirements\required_constructionstate">
									<enum name="reason" value="usage" />
									<locstring name="ui_name" value="0" />
									<bool name="do_construction_completion_check" value="True" />
								</template_reference>
							</list>
						</template_reference>
					</list>
					<list name="action_table">
						<template_reference name="action" value="action\target">
							<template_reference name="area_info" value="options\area_info_options\ledger_linked_option">
								<string name="key" value="parent" />
							</template_reference>
							<bool name="die_with_creator" value="True" />
							<bool name="do_recalc_targets" value="False" />
							<float name="duration" value="0" />
							<bool name="entity_targets" value="False" />
							<instance_reference name="entity_types_to_choose" value="" />
							<bool name="stationary" value="False" />
							<enum name="unit_type" value="dow3_listening_post" />
							<list name="subactions">
								<template_reference name="action" value="action\apply_modifiers_action">
									<float name="duration" value="0" />
									<bool name="permanent" value="False" />
									<list name="modifiers">
										<template_reference name="modifier" value="modifiers\entity_modifier">
											<enum name="application_type" value="apply_to_entity" />
											<bool name="exclusive" value="False" />
											<string name="modifier_id" value="" />
											<enum name="usage_type" value="addition" />
											<float name="value" value="0.125" />
											<instance_reference name="tooltip" value="" />
											<enum name="type" value="resource_per_tick_requisition_modifier" />
											<instance_reference name="target_type_name" value="" />
										</template_reference>
									</list>
									<uniqueid name="id" value="1073749792" />
								</template_reference>
							</list>
							<uniqueid name="id" value="1073749793" />
							<bool name="any_subaction" value="False" />
							<bool name="finish_with_subactions" value="False" />
							<bool name="override_subactions_context" value="True" />
							<int name="max_target_count" value="1" />
							<bool name="ui_query" value="False" />
							<template_reference name="area_over_time_option" value="options\none">
							</template_reference>
							<bool name="apply_only_once_ever" value="False" />
							<list name="target_requirements">
							</list>
							<bool name="reset_target_count_every_tick" value="False" />
						</template_reference>
						<template_reference name="action" value="action\no_action">
							<uniqueid name="id" value="1073749794" />
							<template_reference name="ui_help_text" value="options\none">
							</template_reference>
						</template_reference>
					</list>
					<uniqueid name="id" value="1073749795" />
					<template_reference name="ui_help_text" value="tables\help_text_phrase">
						<int name="phrase_order" value="0" />
						<locstring name="phrase" value="0" />
					</template_reference>
					<template_reference name="behaviour_type" value="options\action\requirement_action\wait_until_requirements_pass_to_start_wait_again_when_requirements_fail">
					</template_reference>
				</template_reference>
			</list>
		</template_reference>
		<template_reference name="exts" value="ebpextensions\modifier_apply_ext">
			<list name="modifiers">
			</list>
		</template_reference>
		<template_reference name="exts" value="ebpextensions\spawner_ext">
			<bool name="must_be_in_supply" value="False" />
			<float name="reinforce_radius" value="12" />
			<list name="spawn_items">
				<group name="spawn_item">
					<int name="ui_position" value="12" />
					<instance_reference name="entity" value="" />
					<instance_reference name="squad" value="sbps\races\eldar\line_units\eld_bonesinger" mod="a5fef7c6e07942ffb7483ef8065b8755" />
					<bool name="spawn_at_map_entry_point" value="False" />
				</group>
				<group name="spawn_item">
					<int name="ui_position" value="11" />
					<instance_reference name="entity" value="" />
					<instance_reference name="squad" value="sbps\races\eldar\line_units\eld_dire_avengers" mod="a5fef7c6e07942ffb7483ef8065b8755" />
					<bool name="spawn_at_map_entry_point" value="False" />
				</group>
			</list>
			<list name="bonus_xp_from_hold_list">
			</list>
			<list name="reinforce_requirements">
			</list>
			<bool name="spawn_to_hold_try_first" value="False" />
			<list name="queue_requirements">
			</list>
			<bool name="can_rally" value="True" />
			<template_reference name="animated_spawn_option" value="options\ebpextensions\spawnerext\animated_spawn_option">
				<bool name="animated_spawning" value="False" />
				<bool name="animated_production" value="True" />
				<float name="animated_spawning_seconds" value="1" />
				<string name="sync_marker_vehicle_base" value="target_vehicle" />
				<string name="sync_marker_infantry_base" value="target_human" />
				<string name="spawn_state_key" value="unit_produced_state" />
				<string name="production_state_key" value="production_state" />
				<string name="target_key" value="target" />
				<string name="position_marker_key" value="marker_name" />
				<string name="spawner_state_key" value="unit_produced_state" />
				<string name="state_on_key" value="on" />
				<string name="state_off_key" value="off" />
				<list name="animated_spawn_actions">
				</list>
			</template_reference>
			<int name="max_queue_size_override" value="-1" />
		</template_reference>
		<template_reference name="exts" value="ebpextensions\supply_ext">
			<bool name="default_on" value="True" />
		</template_reference>
		<template_reference name="exts" value="ebpextensions\upgrade_ext">
			<bool name="must_be_in_supply" value="False" />
			<float name="number_of_standard_slots" value="-1" />
			<list name="standard_upgrades">
				<instance_reference name="upgrade" value="upgrade\races\eldar\structures\hq\eld_hq_tier_3" mod="a5fef7c6e07942ffb7483ef8065b8755" />
			</list>
			<int name="max_queue_size_override" value="-1" />
		</template_reference>
		<template_reference name="exts" value="ebpextensions\requirement_ext">
			<list name="requirement_table">
				<template_reference name="required" value="requirements\required_player_upgrade">
					<enum name="reason" value="usage_and_display" />
					<locstring name="ui_name" value="0" />
					<bool name="is_present" value="True" />
					<int name="max_completed" value="100" />
					<int name="min_completed" value="1" />
					<instance_reference name="upgrade_name" value="upgrade\gameplay\annihilate_mode" />
					<bool name="include_queued" value="False" />
				</template_reference>
			</list>
		</template_reference>
		<template_reference name="exts" value="ebpextensions\speech_ext">
			<string name="speaker_code" value="" />
			<group name="speech_parameters">
				<string name="class_code" value="structure" />
				<string name="name_code" value="object" />
				<string name="unit_code" value="eld_hq" />
			</group>
			<int name="importance" value="1" />
			<list name="speaker_code_overrides">
			</list>
		</template_reference>
		<template_reference name="exts" value="ebpextensions\camouflage_ext">
			<float name="attack_priority" value="3.402823E+38" />
			<enum name="camouflage_type" value="tp_unit" />
			<bool name="chain_revealer" value="True" />
			<float name="detection_radius" value="1" />
			<bool name="must_be_fully_constructed" value="False" />
			<bool name="permanently_activated" value="False" />
			<float name="combat_reset_time" value="10" />
			<float name="first_strike_shots" value="1" />
			<float name="revert_max" value="10" />
			<float name="revert_multiplier" value="1" />
			<float name="revert_time" value="5" />
			<float name="revert_time_on_detection" value="10" />
			<list name="camouflage_actions">
			</list>
			<list name="first_strike_actions">
			</list>
			<enum name="camouflaged_combat_stance" value="attack" />
		</template_reference>
		<template_reference name="exts" value="ebpextensions\marker_ext">
		</template_reference>
	</list>
	<uniqueid name="pbgid" value="95081" />
</instance>