<instance description="Infantry research building." template="ebps">
	<list name="extensions">
		<template_reference name="exts" value="ebpextensions\entity_blueprint_ext">
			<file name="alternate_sua" value="armies\eldar\structures\bases\armour\armoury_standard_common\armoury_standard_common" />
			<bool name="always_revealed_in_fow" value="False" />
			<file name="animator" value="armies\eldar\structures\bases\archetypes\armoury_standard_common\armoury_standard_common" />
			<bool name="is_visible_in_game" value="True" />
			<int name="precise_size" value="-1" />
			<list name="additional_animator_blueprints">
				<group name="animator_blueprint">
					<file name="animator" value="armies\eldar\structures\bases\armour\armoury_standard_common\armoury_standard_common" />
					<list name="animator_overrides">
					</list>
				</group>
			</list>
			<enum name="default_spawn_type" value="" />
			<list name="scenario_animator_blueprints">
			</list>
			<instance_reference name="unit_badge" value="" />
			<list name="animator_overrides">
			</list>
			<bool name="is_spawned_when_not_in_interactive_area" value="True" />
			<bool name="is_wreck" value="False" />
		</template_reference>
		<template_reference name="exts" value="ebpextensions\sim_entity_ext">
			<float name="rotate_snap" value="360" />
			<bool name="kill_paradrop" value="False" />
			<bool name="share_control_with_allies" value="False" />
			<enum name="transferable" value="None" />
		</template_reference>
		<template_reference name="exts" value="ebpextensions\health_ext">
			<bool name="can_repair" value="True" />
			<bool name="cuttable" value="False" />
			<string name="death_event_name" value="death" />
			<float name="death_seconds" value="2.75" />
			<bool name="delete_when_dead" value="True" />
			<bool name="force_attacker_memory" value="False" />
			<float name="hitpoints" value="1250" />
			<bool name="is_invincible" value="False" />
			<bool name="is_salvagable_wreck" value="False" />
			<instance_reference name="rebuilt_entity" value="" />
			<instance_reference name="rebuilt_squad" value="" />
			<bool name="rebuilt_use_wreck_owner" value="True" />
			<bool name="receive_weapon_cover_modifiers" value="False" />
			<float name="regeneration" value="0" />
			<bool name="regeneration_disabled" value="True" />
			<bool name="remove_from_pathfinding_on_death" value="False" />
			<bool name="reveal_to_all_on_death" value="False" />
			<bool name="ui_can_scuttle" value="False" />
			<list name="death_actions">
				<template_reference name="action" value="action\change_target_action">
					<list name="actions">
						<template_reference name="action" value="action\requirement_action">
							<bool name="check_self" value="True" />
							<bool name="validation_requires_requirements" value="False" />
							<bool name="validate_all_sub_actions" value="True" />
							<list name="requirement_table">
								<template_reference name="required" value="requirements\required_ledger">
									<locstring name="ui_name" value="0" />
									<enum name="reason" value="usage" />
									<string name="key" value="webway_portal" />
									<float name="default_value" value="0" />
									<float name="compare_to_value" value="1" />
									<enum name="comparison" value="greater_than_or_equal_to" />
									<enum name="ledger_type" value="self_ledger" />
									<float name="ui_max_value" value="0" />
									<float name="ui_min_value" value="0" />
									<string name="read_key_from_ledger_key" value="" />
								</template_reference>
							</list>
							<list name="action_table">
								<template_reference name="action" value="action\fire_and_forget_action">
									<uniqueid name="id" value="1073748389" />
									<list name="fire_and_forget_actions">
										<template_reference name="action" value="action\filter_action">
											<bool name="apply_to_future_units" value="False" />
											<bool name="apply_to_source_player_only" value="True" />
											<list name="action_table">
												<template_reference name="action" value="action\ledger_write_action">
													<uniqueid name="id" value="1073748390" />
													<string name="key" value="webway_portal" />
													<enum name="operator" value="set" />
													<float name="operand" value="0" />
													<bool name="persistent" value="False" />
													<string name="read_key_from_ledger_key" value="" />
												</template_reference>
											</list>
											<list name="target_requirements">
												<template_reference name="required" value="requirements\required_ledger">
													<locstring name="ui_name" value="0" />
													<enum name="reason" value="usage" />
													<string name="key" value="webway_portal" />
													<float name="default_value" value="0" />
													<float name="compare_to_value" value="1" />
													<enum name="comparison" value="greater_than_or_equal_to" />
													<enum name="ledger_type" value="entity_ledger" />
													<float name="ui_max_value" value="0" />
													<float name="ui_min_value" value="0" />
													<string name="read_key_from_ledger_key" value="" />
												</template_reference>
											</list>
											<bool name="target_squad" value="False" />
											<uniqueid name="id" value="1073748391" />
										</template_reference>
										<template_reference name="action" value="action\filter_action">
											<bool name="apply_to_future_units" value="False" />
											<bool name="apply_to_source_player_only" value="True" />
											<list name="action_table">
												<template_reference name="action" value="action\make_dead">
													<bool name="ignore_invulnerability" value="False" />
													<bool name="destroy" value="False" />
													<list name="death_reaction_table">
													</list>
													<uniqueid name="id" value="1073748392" />
													<enum name="death_type" value="fatal" />
												</template_reference>
											</list>
											<list name="target_requirements">
												<template_reference name="required" value="requirements\required_unit_type">
													<enum name="reason" value="usage" />
													<locstring name="ui_name" value="0" />
													<enum name="unit_type" value="dow3_webway_portal_fx" />
													<template_reference name="qualify_option" value="options\none">
													</template_reference>
													<bool name="search_load_out" value="False" />
												</template_reference>
											</list>
											<bool name="target_squad" value="False" />
											<uniqueid name="id" value="1073748393" />
										</template_reference>
									</list>
									<bool name="fire_if_any_can" value="False" />
								</template_reference>
							</list>
							<uniqueid name="id" value="1073748394" />
							<template_reference name="ui_help_text" value="tables\help_text_phrase">
								<int name="phrase_order" value="0" />
								<locstring name="phrase" value="0" />
							</template_reference>
							<template_reference name="behaviour_type" value="options\action\requirement_action\check_only_when_this_starts">
							</template_reference>
						</template_reference>
					</list>
					<enum name="change_target_type" value="self" />
					<uniqueid name="id" value="1073748395" />
					<bool name="validate_sub_actions" value="False" />
				</template_reference>
			</list>
			<float name="target_size" value="5" />
			<list name="criticals">
				<group name="critical_group">
					<float name="max_health_percentage" value="0" />
					<list name="critical_info">
						<group name="info">
							<float name="weight" value="100" />
							<enum_table name="applicable_weapons">
								<bool name="small_arms" value="True" />
								<bool name="flame" value="True" />
								<bool name="ballistic" value="True" />
								<bool name="explosive" value="True" />
								<bool name="taldeer_melee" value="True" />
								<bool name="cannon" value="True" />
								<bool name="always_gib" value="True" />
							</enum_table>
							<instance_reference name="critical" value="critical\default_death" />
							<enum_table name="applicable_hit_direction">
								<bool name="front" value="True" />
								<bool name="rear" value="True" />
								<bool name="left" value="True" />
								<bool name="right" value="True" />
							</enum_table>
							<enum name="apply_on" value="penetrate" />
						</group>
					</list>
				</group>
			</list>
			<float name="weapon_priority" value="-80" />
			<template_reference name="wreck_entity_option" value="options\ebpextensions\healthext\wreck_table">
				<enum_table name="wreck_entities">
					<instance_reference name="default" value="ebps\races\eldar\wrecks\structures\eld_soul_shrine_wreck" />
					<instance_reference name="brewup" value="" />
				</enum_table>
				<list name="spawn_wreck_requirements">
				</list>
				<bool name="keep_wreck_ownership" value="False" />
			</template_reference>
			<enum name="armor_type" value="Heavy" />
			<template_reference name="armor_layout_option" value="options\ebpextensions\healthext\armor_layouts\armor_layout_uniform">
				<float name="armor" value="200" />
			</template_reference>
			<enum name="allegiance_override" value="none" />
			<list name="on_received_damage_actions">
			</list>
			<bool name="not_default_attackable" value="False" />
			<list name="self_destruct_actions">
			</list>
			<list name="rebuilt_entity_actions">
			</list>
		</template_reference>
		<template_reference name="exts" value="ebpextensions\hit_object_ext">
			<instance_reference name="hit_material" value="hit_material\metal" />
			<bool name="hit_non_neutral" value="True" />
			<float name="hit_percentage" value="1" />
			<bool name="pass_through" value="False" />
			<group name="projectile_pass_through">
				<bool name="tp_artillery" value="True" />
				<bool name="tp_collide" value="False" />
				<bool name="tp_vehicle_collide" value="True" />
			</group>
			<template_reference name="projectile_reflect_option" value="options\none">
			</template_reference>
		</template_reference>
		<template_reference name="exts" value="ebpextensions\line_of_sight_ext">
			<group name="blocking_box">
				<float name="x" value="0.01" />
				<float name="y" value="0.01" />
				<float name="z" value="0.01" />
			</group>
			<bool name="is_shot_blocking" value="False" />
			<bool name="use_blocking_box" value="False" />
			<enum name="does_block_line_of_sight" value="never" />
			<bool name="reveal_center_when_outside_is_visible" value="True" />
		</template_reference>
		<template_reference name="exts" value="ebpextensions\modifier_ext">
		</template_reference>
		<template_reference name="exts" value="ebpextensions\site_ext">
			<float name="extra_build_test_footprint_x" value="2" />
			<bool name="require_all_cells_clear" value="True" />
			<bool name="snap_to_terrain" value="False" />
			<bool name="ignore_impass" value="False" />
			<bool name="lock_to_impass" value="True" />
			<float name="extra_build_test_footprint_z" value="2" />
			<float name="extra_build_test_footprint_offset_x" value="0" />
			<float name="extra_build_test_footprint_offset_z" value="0" />
		</template_reference>
		<template_reference name="exts" value="ebpextensions\type_ext">
			<list name="unit_type_list">
				<enum name="unit_type" value="building" />
				<enum name="unit_type" value="elite_production" />
				<enum name="unit_type" value="soul_shrine_tab" />
				<enum name="unit_type" value="dow3_structure" />
				<enum name="unit_type" value="dow3_building_raider_doctrine" />
				<enum name="unit_type" value="annihilation_condition" />
				<enum name="unit_type" value="dow3_scaling_structure" />
			</list>
			<enum name="weapon_targeting" value="automatic" />
			<bool name="intersection_testing" value="False" />
		</template_reference>
		<template_reference name="exts" value="ebpextensions\ability_ext">
			<list name="abilities">
				<instance_reference name="ability" value="abilities\races\eldar\soul_shrine\eld_relocate_soul_shrine" />
			</list>
		</template_reference>
		<template_reference name="exts" value="ebpextensions\construction_ext">
			<bool name="automatic_fit_on_placement" value="True" />
			<bool name="can_set_facing" value="True" />
			<float name="cancel_refund_percentage" value="100" />
			<string name="construction_state_name" value="ability_construction_state" />
			<float name="construction_transition_time" value="0" />
			<bool name="force_construction" value="False" />
			<float name="max_engineers" value="1" />
			<instance_reference name="on_construction_squad" value="" />
			<float name="orientation" value="0" />
			<enum name="placement_type" value="tp_structure" />
			<bool name="prefer_spots_on_side_with_leader" value="False" />
			<bool name="query_abilities_for_range_ui" value="True" />
			<bool name="query_construction_actions_for_range_ui" value="True" />
			<bool name="query_upgrade_actions_for_range_ui" value="True" />
			<bool name="random_rotation" value="False" />
			<float name="replace_ghost_distance" value="0" />
			<bool name="self_construct" value="False" />
			<list name="on_construction_actions">
			</list>
			<group name="field_placement_info">
				<instance_reference name="border_entity" value="" />
				<instance_reference name="replace_entity" value="" />
				<int name="replace_count" value="0" />
				<float name="replace_retry_distance" value="0" />
			</group>
			<instance_reference name="placement_valid" value="ui_rectangle\construction_placement_valid" />
			<instance_reference name="placement_invalid" value="ui_rectangle\construction_placement_invalid" />
			<instance_reference name="ui_range" value="" />
			<float name="ui_range_radius" value="30" />
			<instance_reference name="ui_setfacing" value="" />
			<bool name="query_weapon_for_range_ui" value="True" />
			<group name="placement_requirements">
				<bool name="must_be_in_line_of_sight" value="False" />
				<bool name="must_not_be_in_walkable_surfaces" value="False" />
				<bool name="must_be_on_strategic_point" value="False" />
				<list name="requirements" comment="Comment: This exists to prevent you from building directly ontop of the resource nodes.  If the player is allowed to then it prevents you from building the add-ons but it still costs you money.">
					<template_reference name="requirement" value="requirements\required_not">
						<enum name="reason" value="usage" />
						<locstring name="ui_name" value="0" />
						<list name="requirement_table">
							<template_reference name="required" value="requirements\required_near_entity">
								<enum name="reason" value="usage" />
								<locstring name="ui_name" value="0" />
								<list name="near_entity_requirement">
									<template_reference name="required" value="requirements\required_unit_type">
										<enum name="reason" value="usage" />
										<locstring name="ui_name" value="0" />
										<enum name="unit_type" value="resource_node" />
										<template_reference name="qualify_option" value="options\none">
										</template_reference>
										<bool name="search_load_out" value="False" />
									</template_reference>
								</list>
								<template_reference name="area_option" value="options\area_info_options\circle_area_option">
									<float name="outer_radius" value="10" />
									<float name="inner_radius" value="0" />
									<bool name="is_two_dimensional" value="False" />
									<enum name="dynamic_radius_type" value="fixed" />
								</template_reference>
								<enum name="nearby_collision_filter" value="all" />
							</template_reference>
						</list>
					</template_reference>
					<template_reference name="requirement" value="requirements\required_not">
						<enum name="reason" value="usage" />
						<locstring name="ui_name" value="0" />
						<list name="requirement_table">
							<template_reference name="required" value="requirements\required_near_entity">
								<enum name="reason" value="usage" />
								<locstring name="ui_name" value="0" />
								<list name="near_entity_requirement">
									<template_reference name="required" value="requirements\required_unit_type">
										<enum name="reason" value="usage" />
										<locstring name="ui_name" value="0" />
										<enum name="unit_type" value="dow3_heavy_cover" />
										<template_reference name="qualify_option" value="options\none">
										</template_reference>
										<bool name="search_load_out" value="False" />
									</template_reference>
								</list>
								<template_reference name="area_option" value="options\area_info_options\circle_area_option">
									<float name="outer_radius" value="4" />
									<float name="inner_radius" value="0" />
									<bool name="is_two_dimensional" value="False" />
									<enum name="dynamic_radius_type" value="fixed" />
								</template_reference>
								<enum name="nearby_collision_filter" value="all" />
							</template_reference>
						</list>
					</template_reference>
				</list>
				<float name="spacing_distance" value="0" />
				<bool name="skip_impass_checks_and_ignore_immovable_entities" value="False" />
			</group>
			<bool name="squad_ignore_pathfinding" value="False" />
			<bool name="can_be_cancelled" value="True" />
			<template_reference name="construction_health_option" value="options\none">
			</template_reference>
			<list name="on_construction_terrain_bonuses">
			</list>
		</template_reference>
		<template_reference name="exts" value="ebpextensions\cost_ext">
			<group name="time_cost">
				<enum_table name="cost">
					<float name="action" value="0" />
					<float name="power" value="190" />
					<float name="requisition" value="190" />
					<float name="popcap" value="0" />
					<float name="command" value="0" />
					<float name="drop_pods" value="0" />
					<float name="feat" value="0" />
					<float name="gamma" value="0" />
				</enum_table>
				<float name="time_seconds" value="75" />
			</group>
		</template_reference>
		<template_reference name="exts" value="ebpextensions\impass_ext">
			<bool name="cant_build" value="True" />
			<group name="impass_simboxes">
				<bool name="default_simbox" value="True" />
				<list name="named_simboxes">
				</list>
			</group>
			<list name="block_path">
				<instance_reference name="path_type" value="pass_types\infantry" />
				<instance_reference name="path_type" value="pass_types\vehicle" />
				<instance_reference name="path_type" value="pass_types\skimmer" />
			</list>
		</template_reference>
		<template_reference name="exts" value="ebpextensions\sight_ext">
			<group name="detect_camouflage">
				<float name="tp_global" value="0" />
				<float name="tp_mine" value="0" />
				<float name="tp_unit" value="0" />
			</group>
			<bool name="extended_sight" value="True" />
			<float name="extended_sight_radius" value="400" />
			<float name="reveal_area_on_death_time" value="1.5" />
			<group name="sight_package">
				<float name="inner_height" value="3.5" />
				<float name="inner_radius" value="1" />
				<float name="outer_height" value="3.5" />
				<float name="outer_radius" value="55" />
				<float name="cone_angle" value="360" />
				<float name="cone_start_radius" value="0" />
			</group>
			<bool name="can_see_through_stealth_zones" value="False" />
			<list name="extended_sight_target_requirements">
			</list>
			<list name="specific_detector_actions">
			</list>
		</template_reference>
		<template_reference name="exts" value="ebpextensions\ui_ext">
			<bool name="ap_killed_kicker" value="True" />
			<bool name="ap_loss_kicker" value="True" />
			<float name="decorator_height" value="-1" />
			<string name="extra_text_deprecated" value="" />
			<bool name="ghost_enable" value="True" />
			<locstring name="help_text" value="11129015" />
			<string name="hotkey_name" value="E" />
			<icon name="icon_name" value="Icons_eldar_buildings_soul_shrine" />
			<enum name="kill_type" value="building" />
			<colour name="minimap_color" value="*" />
			<bool name="minimap_enable" value="True" />
			<bool name="minimap_team_only" value="False" />
			<bool name="minimap_teamcolor" value="True" />
			<string name="overlay_name" value="" />
			<bool name="reveal_for_decryption" value="False" />
			<locstring name="screen_name" value="11129013" />
			<enum name="selection_name" value="" />
			<float name="selection_scale" value="1" />
			<enum name="selection_type" value="single_entity_select" />
			<locstring name="tooltip_txt" value="0" />
			<int name="ui_priority" value="0" />
			<icon name="minimap_icon" value="Icons_common_decorators_eldar_structure_soul_shrine" />
			<float name="minimap_icon_scale" value="0.5" />
			<icon name="portrait_icon" value="Icons_eldar_buildings_soul_shrine" />
			<locstring name="brief_text" value="0" />
			<locstring name="extra_text" value="11129014" />
			<bool name="show_in_build_log" value="True" />
			<locstring name="screen_name_short" value="0" />
			<bool name="show_entity_appearance" value="True" />
			<locstring name="screen_name_world" value="0" />
			<locstring name="help_text_world" value="0" />
			<locstring name="extra_text_world" value="0" />
			<enum name="map_rotation_type_override" value="no_override" />
			<icon name="symbol_icon_name" value="Icons_common_decorators_eldar_structure_soul_shrine" />
			<enum name="occlusion_state" value="can_be_occluded" />
			<enum name="decorator_visibility" value="default" />
			<bool name="skin_pack_override" value="False" />
			<string name="skin_summer" value="" />
			<string name="skin_winter" value="" />
			<enum name="targeting_and_bandbox_selection_priority" value="lowest" />
			<enum name="selection_method" value="terrain_obb_mesh" />
			<group name="terrain_info_display_offset">
				<float name="x" value="0" />
				<float name="y" value="0" />
			</group>
			<string name="decorator_ledger_key" value="" />
			<instance_reference name="decorator_ledger_bar_style" value="" />
			<enum name="selection_name_squad_override" value="" />
			<string name="selection_grouping_ledger_key" value="" />
			<float name="decorator_height_spatial_ability" value="-1" />
		</template_reference>
		<template_reference name="exts" value="ebpextensions\combat_ext">
			<bool name="reject_attack_command" value="True" />
			<list name="hardpoints">
			</list>
			<int name="sight_hardpoint" value="-1" />
			<list name="kill_actions">
			</list>
			<bool name="can_be_knocked_back" value="False" />
			<group name="reckoning_blow">
				<list name="attack_table">
				</list>
				<list name="defend_table">
				</list>
			</group>
			<bool name="can_be_stunned" value="False" />
			<bool name="update_facing_during_melee_swings" value="True" />
			<bool name="can_be_levitated" value="False" />
			<template_reference name="weapon_handling_option" value="options\none">
			</template_reference>
			<bool name="allow_auto_target_in_stealth_zone" value="False" />
		</template_reference>
		<template_reference name="exts" value="ebpextensions\action_apply_ext">
			<list name="actions">
				<template_reference name="action" value="action\requirement_action" comment="reveals when HQ destroyed">
					<bool name="check_self" value="False" />
					<bool name="validation_requires_requirements" value="False" />
					<bool name="validate_all_sub_actions" value="True" />
					<list name="requirement_table">
						<template_reference name="required" value="requirements\required_not">
							<enum name="reason" value="usage" />
							<locstring name="ui_name" value="0" />
							<list name="requirement_table">
								<template_reference name="required" value="requirements\required_structure">
									<enum name="reason" value="usage" />
									<locstring name="ui_name" value="0" />
									<instance_reference name="structure_name" value="ebps\races\eldar\structures\eld_hq_annihilate" mod="a5fef7c6e07942ffb7483ef8065b8755" />
									<int name="required_structure_count" value="1" />
									<bool name="check_team" value="False" />
									<bool name="require_construction_complete" value="True" />
								</template_reference>
							</list>
						</template_reference>
						<template_reference name="required" value="requirements\required_any_in_list">
							<enum name="reason" value="usage" />
							<locstring name="ui_name" value="0" />
							<list name="requirements">
								<template_reference name="requirement" value="requirements\required_win_condition_game_mode_type">
									<string name="game_mode_type" value="annihilation" />
								</template_reference>
								<template_reference name="requirement" value="requirements\required_win_condition_game_mode_type">
									<string name="game_mode_type" value="annihilation_with_turrets" />
								</template_reference>
							</list>
						</template_reference>
					</list>
					<list name="action_table">
						<template_reference name="action" value="action\reveal_entity_action">
							<uniqueid name="id" value="1073748396" />
						</template_reference>
					</list>
					<uniqueid name="id" value="1073748397" />
					<template_reference name="ui_help_text" value="tables\help_text_phrase">
						<int name="phrase_order" value="0" />
						<locstring name="phrase" value="0" />
					</template_reference>
					<template_reference name="behaviour_type" value="options\action\requirement_action\wait_until_requirements_pass_to_start_wait_again_when_requirements_fail">
					</template_reference>
				</template_reference>
				<template_reference name="action" value="action\requirement_action" comment="Modifier used to weaken structures while being constructed, there is another modifier on construction complete to negate this modifier.">
					<bool name="check_self" value="False" />
					<bool name="validation_requires_requirements" value="False" />
					<bool name="validate_all_sub_actions" value="False" />
					<list name="requirement_table">
						<template_reference name="required" value="requirements\required_not">
							<enum name="reason" value="usage" />
							<locstring name="ui_name" value="0" />
							<list name="requirement_table">
								<template_reference name="required" value="requirements\required_constructionstate">
									<enum name="reason" value="usage" />
									<locstring name="ui_name" value="0" />
									<bool name="do_construction_completion_check" value="True" />
								</template_reference>
							</list>
						</template_reference>
					</list>
					<list name="action_table">
						<template_reference name="action" value="action\apply_modifiers_action" comment="Modifier to negate the received damage modifer applied on spawn.">
							<float name="duration" value="0" />
							<bool name="permanent" value="False" />
							<list name="modifiers">
								<template_reference name="modifier" value="modifiers\entity_modifier">
									<enum name="application_type" value="apply_to_entity" />
									<bool name="exclusive" value="False" />
									<string name="modifier_id" value="construction" />
									<enum name="usage_type" value="addition" />
									<float name="value" value="4" />
									<instance_reference name="tooltip" value="" />
									<enum name="type" value="received_damage_modifier" />
									<instance_reference name="target_type_name" value="" />
								</template_reference>
							</list>
							<uniqueid name="id" value="1073748398" />
						</template_reference>
						<template_reference name="action" value="action\ui_unit_modifier_action">
							<bool name="die_with_creator" value="True" />
							<template_reference name="ui_info" value="tables\ui_info">
								<locstring name="screen_name" value="11129402" />
								<locstring name="help_text" value="11130779" />
								<icon name="icon_name" value="Icons_common_states_defense_lowered" />
								<string name="hotkey_name" value="" />
							</template_reference>
							<uniqueid name="id" value="1073748399" />
						</template_reference>
					</list>
					<uniqueid name="id" value="1073748400" />
					<template_reference name="ui_help_text" value="tables\help_text_phrase">
						<int name="phrase_order" value="0" />
						<locstring name="phrase" value="0" />
					</template_reference>
					<template_reference name="behaviour_type" value="options\action\requirement_action\check_once_to_start_stop_when_requirements_fail">
					</template_reference>
				</template_reference>
				<template_reference name="action" value="action\requirement_action" comment="Checks to see if the building is in stealth cover.">
					<bool name="check_self" value="False" />
					<bool name="validation_requires_requirements" value="False" />
					<bool name="validate_all_sub_actions" value="False" />
					<list name="requirement_table">
						<template_reference name="required" value="requirements\required_in_stealth_zone">
							<locstring name="ui_name" value="0" />
							<enum name="reason" value="usage" />
							<bool name="require_no_detected_enemies" value="False" />
							<enum name="squad_check_behaviour" value="require_all_entities" />
						</template_reference>
					</list>
					<list name="action_table">
						<template_reference name="action" value="action\ui_unit_modifier_action">
							<bool name="die_with_creator" value="False" />
							<template_reference name="ui_info" value="tables\ui_info">
								<locstring name="screen_name" value="11106243" />
								<locstring name="help_text" value="11106242" />
								<icon name="icon_name" value="Icons_common_states_stealth_cover" />
								<string name="hotkey_name" value="" />
							</template_reference>
							<uniqueid name="id" value="1073748401" />
						</template_reference>
					</list>
					<uniqueid name="id" value="1073748402" />
					<template_reference name="ui_help_text" value="tables\help_text_phrase">
						<int name="phrase_order" value="0" />
						<locstring name="phrase" value="0" />
					</template_reference>
					<template_reference name="behaviour_type" value="options\action\requirement_action\wait_until_requirements_pass_to_start_wait_again_when_requirements_fail">
					</template_reference>
				</template_reference>
			</list>
		</template_reference>
		<template_reference name="exts" value="ebpextensions\modifier_apply_ext">
			<list name="modifiers">
			</list>
		</template_reference>
		<template_reference name="exts" value="ebpextensions\upgrade_ext">
			<bool name="must_be_in_supply" value="False" />
			<float name="number_of_standard_slots" value="-1" />
			<list name="standard_upgrades">
				<instance_reference name="upgrade" value="upgrade\races\eldar\structures\armory\eld_infantry_damage_1" mod="a5fef7c6e07942ffb7483ef8065b8755" />
				<instance_reference name="upgrade" value="upgrade\races\eldar\structures\armory\eld_infantry_damage_2" mod="a5fef7c6e07942ffb7483ef8065b8755" />
				<instance_reference name="upgrade" value="upgrade\races\eldar\structures\armory\eld_infantry_damage_3" mod="a5fef7c6e07942ffb7483ef8065b8755" />
				<instance_reference name="upgrade" value="upgrade\races\eldar\structures\armory\eld_infantry_shields_1" mod="a5fef7c6e07942ffb7483ef8065b8755" />
				<instance_reference name="upgrade" value="upgrade\races\eldar\structures\armory\eld_infantry_shields_2" mod="a5fef7c6e07942ffb7483ef8065b8755" />
				<instance_reference name="upgrade" value="upgrade\races\eldar\structures\armory\eld_infantry_shields_3" mod="a5fef7c6e07942ffb7483ef8065b8755" />
				<instance_reference name="upgrade" value="upgrade\races\eldar\structures\armory\eld_shield_regen_upgrade" mod="a5fef7c6e07942ffb7483ef8065b8755" />
				<instance_reference name="upgrade" value="upgrade\races\eldar\structures\armory\eld_banshee_exarchs" mod="a5fef7c6e07942ffb7483ef8065b8755" />
				<instance_reference name="upgrade" value="upgrade\races\eldar\structures\armory\eld_vehicle_damage_1" mod="a5fef7c6e07942ffb7483ef8065b8755" />
				<instance_reference name="upgrade" value="upgrade\races\eldar\structures\armory\eld_vehicle_damage_2" mod="a5fef7c6e07942ffb7483ef8065b8755" />
				<instance_reference name="upgrade" value="upgrade\races\eldar\structures\armory\eld_vehicle_damage_3" mod="a5fef7c6e07942ffb7483ef8065b8755" />
				<instance_reference name="upgrade" value="upgrade\races\eldar\structures\armory\eld_vehicle_shields_1" mod="a5fef7c6e07942ffb7483ef8065b8755" />
				<instance_reference name="upgrade" value="upgrade\races\eldar\structures\armory\eld_vehicle_shields_2" mod="a5fef7c6e07942ffb7483ef8065b8755" />
				<instance_reference name="upgrade" value="upgrade\races\eldar\structures\armory\eld_vehicle_shields_3" mod="a5fef7c6e07942ffb7483ef8065b8755" />
				<instance_reference name="upgrade" value="upgrade\races\eldar\structures\armory\eld_rangers_beacon_unlock" mod="a5fef7c6e07942ffb7483ef8065b8755" />
				<instance_reference name="upgrade" value="upgrade\races\eldar\structures\armory\eld_webway_reinforce" mod="a5fef7c6e07942ffb7483ef8065b8755" />
				<instance_reference name="upgrade" value="upgrade\races\eldar\structures\armory\eld_soul_recall_upgrade" mod="a5fef7c6e07942ffb7483ef8065b8755" />
				<instance_reference name="upgrade" value="upgrade\races\eldar\structures\armory\eld_soul_recall_regen_upgrade" mod="a5fef7c6e07942ffb7483ef8065b8755" />
			</list>
			<int name="max_queue_size_override" value="-1" />
		</template_reference>
		<template_reference name="exts" value="ebpextensions\requirement_ext">
			<list name="requirement_table">
			</list>
		</template_reference>
		<template_reference name="exts" value="ebpextensions\speech_ext">
			<string name="speaker_code" value="" />
			<group name="speech_parameters">
				<string name="class_code" value="structure" />
				<string name="name_code" value="object" />
				<string name="unit_code" value="eld_soul_shrine" />
			</group>
			<int name="importance" value="1" />
			<list name="speaker_code_overrides">
			</list>
		</template_reference>
		<template_reference name="exts" value="ebpextensions\camouflage_ext">
			<float name="attack_priority" value="3.402823E+38" />
			<enum name="camouflage_type" value="tp_unit" />
			<bool name="chain_revealer" value="True" />
			<float name="detection_radius" value="1" />
			<bool name="must_be_fully_constructed" value="False" />
			<bool name="permanently_activated" value="False" />
			<float name="combat_reset_time" value="10" />
			<float name="first_strike_shots" value="1" />
			<float name="revert_max" value="10" />
			<float name="revert_multiplier" value="1" />
			<float name="revert_time" value="5" />
			<float name="revert_time_on_detection" value="10" />
			<list name="camouflage_actions">
			</list>
			<list name="first_strike_actions">
			</list>
			<enum name="camouflaged_combat_stance" value="attack" />
		</template_reference>
		<template_reference name="exts" value="ebpextensions\marker_ext">
		</template_reference>
	</list>
	<uniqueid name="pbgid" value="97910" />
</instance>