<instance description="Fires the Stormboy like a missile instead of an arcing bomb.  Deals damage and stun based on distance travelled." template="abilities">
	<group name="ability_bag" comment="This ability works as follows:&#xD;&#xA;1) Fires a projectile that looks like a stormboy&#xD;&#xA;2) The entity firing the projectile is killed&#xD;&#xA;3) The projectile increments a ledger every tick which increases its damage and stun&#xD;&#xA;&#xD;&#xA;-- NOTE I want to fix this ability to be more like it was intended - to be good vs. hard targets and not just a blanket AoE.  There are two bugs that prevent this from happening on the projectile when I change it to be like the Killa Kan (travel in a straight line, explode on objects)&#xD;&#xA;&#xD;&#xA;Bug: If the unit kills itself, the projectile does not obey collision anymore&#xD;&#xA;Bug: Occasionally projectiles travel on forever.&#xD;&#xA;&#xD;&#xA;">
		<group name="action_list">
			<list name="end_self_actions">
				<template_reference name="action" value="action\change_target_action">
					<list name="actions">
						<template_reference name="action" value="action\ledger_write_action">
							<uniqueid name="id" value="1073746227" />
							<string name="key" value="stormboy_has_loot" />
							<enum name="operator" value="set" />
							<float name="operand" value="0" />
							<bool name="persistent" value="False" />
							<string name="read_key_from_ledger_key" value="" />
						</template_reference>
					</list>
					<enum name="change_target_type" value="squad" />
					<uniqueid name="id" value="1073746228" />
					<bool name="validate_sub_actions" value="False" />
				</template_reference>
			</list>
			<list name="end_target_actions">
			</list>
			<list name="start_self_actions">
			</list>
			<list name="start_target_actions">
				<template_reference name="action" value="action\use_accessory_weapon">
					<instance_reference name="accessory_weapon_item" value="slot_item\races\orks\elite_units\stormboyz\ork_suicide_bomma_missile_stormboy" mod="a5fef7c6e07942ffb7483ef8065b8755" />
					<instance_reference name="decrement_accessory_item" value="" />
					<bool name="entity_target_only" value="False" />
					<bool name="force_squad_to_target" value="False" />
					<bool name="no_decrement" value="True" />
					<float name="number_of_shots" value="1" />
					<uniqueid name="id" value="1073746229" />
					<bool name="target_override_direction_times_max_range" value="True" />
					<bool name="reset_weapon_rotation_before_ability_starts" value="True" />
					<list name="target_requirements">
					</list>
					<float name="fake_minimap_preview_width" value="0" />
				</template_reference>
				<template_reference name="action" value="action\speech_warning_action">
					<uniqueid name="id" value="1073746230" />
					<enum name="warning_type" value="grenade" />
					<float name="distance" value="10" />
				</template_reference>
			</list>
			<list name="abort_target_actions">
			</list>
			<list name="abort_self_actions">
				<template_reference name="action" value="action\animator_set_state">
					<bool name="apply_to_leader_only" value="False" />
					<string name="do_action_state_name" value="off" />
					<bool name="retrigger" value="False" />
					<string name="state_machine_name" value="ability_instant_id" />
					<string name="undo_action_state_name" value="" />
					<uniqueid name="id" value="1073746231" />
				</template_reference>
				<template_reference name="action" value="action\animator_set_state">
					<bool name="apply_to_leader_only" value="False" />
					<string name="do_action_state_name" value="off" />
					<bool name="retrigger" value="False" />
					<string name="state_machine_name" value="ability_instant_state" />
					<string name="undo_action_state_name" value="" />
					<uniqueid name="id" value="1073746232" />
				</template_reference>
			</list>
			<bool name="wait_until_abort_and_end_actions_finish" value="False" />
		</group>
		<enum name="activation" value="targeted" />
		<bool name="can_target_in_fow" value="True" />
		<float name="caster_close_in_distance" value="0" />
		<bool name="casters_can_evacuate" value="False" />
		<enum_table name="cost_to_player">
			<float name="action" value="0" />
			<float name="power" value="0" />
			<float name="requisition" value="0" />
			<float name="popcap" value="0" />
			<float name="command" value="0" />
			<float name="drop_pods" value="0" />
			<float name="feat" value="0" />
			<float name="gamma" value="0" />
		</enum_table>
		<string name="cursor_ghost_blueprint" value="" />
		<float name="cursor_ghost_blueprint_angle" value="0" />
		<bool name="disable_combat" value="False" />
		<bool name="disable_when_active" value="False" />
		<bool name="enable_in_building" value="False" />
		<bool name="enable_in_vehicle" value="False" />
		<bool name="engage_combat" value="False" />
		<float name="entity_busy_time" value="0" />
		<float name="facing_angle" value="1" />
		<bool name="facing_ignore" value="False" />
		<float name="final_close_in_distance" value="0" />
		<bool name="fire_and_forget" value="False" />
		<bool name="garrison_target" value="False" />
		<bool name="initial_recharge" value="False" />
		<bool name="move_back" value="False" />
		<float name="move_back_distance" value="10" />
		<float name="range" value="500" />
		<bool name="range_ignore" value="True" />
		<float name="recharge_time" value="30" />
		<bool name="refundable" value="True" />
		<bool name="require_no_shot_block" value="False" />
		<enum name="shared_timer" value="generic_ability_shared_timer" />
		<bool name="shared_timer_player_wide" value="False" />
		<enum name="squad_caster" value="one_entity" />
		<enum name="target" value="tp_position" />
		<float name="toggled_recharge_time_off" value="0" />
		<float name="toggled_recharge_time_on" value="0" />
		<group name="ui_cursor">
			<string name="cursor_bad" value="modal_ability_cancel" />
			<string name="cursor_good" value="modal_attack" />
			<string name="cursor_nonmodal_good" value="" />
		</group>
		<group name="ui_info">
			<locstring name="extra_text" value="11128201" />
			<locstring name="help_text" value="11128202" />
			<string name="hotkey_name" value="W" />
			<icon name="icon_name" value="Icons_orks_abilities_suicide_bomma_stormboy" />
			<string name="overlay_name" value="" />
			<bool name="reveal_for_decryption" value="False" />
			<locstring name="screen_name" value="11128203" />
			<icon name="icon_alternate_name" value="" />
			<locstring name="brief_text" value="0" />
			<locstring name="help_text_alternate" value="0" />
			<locstring name="screen_name_alternate" value="0" />
			<locstring name="screen_name_short" value="0" />
			<enum name="ui_style" value="default" />
			<list name="nested_ui_info_source">
			</list>
			<list name="effect_attributes">
				<instance_reference name="ability_effect" value="ui_ability_effect\ability_effect_damage_true" />
				<instance_reference name="ability_effect" value="ui_ability_effect\ability_effect_stun" />
				<instance_reference name="ability_effect" value="ui_ability_effect\ability_effect_area_circle" />
				<instance_reference name="ability_effect" value="ui_ability_effect\ability_effect_collides" />
				<instance_reference name="ability_effect" value="ui_ability_effect\ability_effect_reduced_objective_damage" />
			</list>
			<string name="info_video_url" value="" />
		</group>
		<locstring name="ui_usage_txt" value="0" />
		<bool name="validate_actions" value="False" />
		<list name="global_self_actions">
		</list>
		<list name="requirements">
			<template_reference name="required" value="requirements\required_ledger">
				<locstring name="ui_name" value="0" />
				<enum name="reason" value="usage_and_display" />
				<string name="key" value="stormboy_has_loot" />
				<float name="default_value" value="0" />
				<float name="compare_to_value" value="1" />
				<enum name="comparison" value="equal_to" />
				<enum name="ledger_type" value="squad_ledger" />
				<float name="ui_max_value" value="0" />
				<float name="ui_min_value" value="0" />
				<string name="read_key_from_ledger_key" value="" />
			</template_reference>
		</list>
		<enum name="ability_super" value="tp_none" />
		<int name="ui_position" value="12" />
		<bool name="ui_mini_map_capture" value="True" />
		<bool name="facing_ignore_during_active" value="False" />
		<instance_reference name="ui_range" value="" />
		<instance_reference name="ui_reticule" value="ui_reticule\directional\ork_stormboy_suicide_bomma" />
		<float name="ui_reticule_radius_min" value="0" />
		<float name="ui_reticule_radius_max" value="1" />
		<enum name="pending_ability_out_of_range_behaviour" value="chase" />
		<enum name="ui_ability_group" value="group_primary" />
		<string name="ui_targetable_sm_key" value="" />
		<string name="ui_targetable_on_key" value="ui/animator_highlight_valid" />
		<string name="ui_targetable_off_key" value="ui/animator_highlight_off" />
		<enum name="ui_targetable_receiver" value="query_action" />
		<enum name="ui_combine_type" value="intersection" />
		<enum_table name="ui_modal_highlight">
			<bool name="world_sector" value="False" />
			<bool name="map_sector" value="False" />
			<bool name="map_sector_hq_link_extender" value="False" />
		</enum_table>
		<enum name="ui_group_cast_type" value="multi" />
		<list name="requirements_target">
		</list>
		<template_reference name="targeted_ability_option" value="options\abilities\targeted_ability_option">
			<bool name="persist_targeted_ability" value="False" />
			<bool name="post_ability_out_of_range_stop" value="False" />
			<bool name="range_ignore_target_far_position" value="False" />
			<template_reference name="quick_cast_option" value="options\abilities\quick_cast\self_option">
				<bool name="offset_by_heading_times_max_ability_range" value="False" />
			</template_reference>
			<template_reference name="multi_target_option" value="options\none">
			</template_reference>
			<list name="target_selected_actions">
			</list>
		</template_reference>
		<enum name="ui_direction_requirement" value="direction_to_target" />
		<instance_reference name="cursor_ghost_ebp" value="" />
		<bool name="can_cast_whilst_constructing" value="False" />
		<list name="requirements_self_recharge">
		</list>
		<bool name="can_cast_outside_active_battle_field" value="False" />
		<enum_table name="cost_to_squad">
			<float name="action" value="0" />
			<float name="power" value="0" />
			<float name="requisition" value="0" />
			<float name="popcap" value="0" />
			<float name="command" value="0" />
			<float name="drop_pods" value="0" />
			<float name="feat" value="0" />
			<float name="gamma" value="0" />
		</enum_table>
		<bool name="ability_super_event_cue" value="False" />
		<enum name="ui_progress_bar_type" value="auto_bar" />
		<group name="ability_tier">
			<list name="tiers">
				<group name="tier">
					<list name="on_ability_activate_action_list">
					</list>
					<list name="passive_action_list">
					</list>
					<list name="self_requirements">
						<template_reference name="required" value="requirements\required_ledger">
							<locstring name="ui_name" value="0" />
							<enum name="reason" value="usage_and_display" />
							<string name="key" value="stormboy_has_loot" />
							<float name="default_value" value="0" />
							<float name="compare_to_value" value="1" />
							<enum name="comparison" value="equal_to" />
							<enum name="ledger_type" value="squad_ledger" />
							<float name="ui_max_value" value="1" />
							<float name="ui_min_value" value="0" />
							<string name="read_key_from_ledger_key" value="" />
						</template_reference>
					</list>
				</group>
			</list>
			<bool name="exclusive_tier_action" value="False" />
			<list name="passive_action_list">
			</list>
		</group>
		<enum name="ui_ability_issue_type" value="Normal" />
		<string name="speech_code" value="stormboy_suicidebomma" />
		<template_reference name="channeling" value="options\abilities\channeling_option" comment="Originally it didn't have any channeling (which is to say it had a frame or so of channeling), but I added this so I could set this to be not interruptible. This makes it so that at least if you DO lose the upgrade, you also get a stormboy out of it.">
			<float name="channeling_time_second" value="0" />
			<list name="channeling_stop_self_requirement">
			</list>
			<list name="channeling_stop_target_requirement">
			</list>
			<bool name="can_be_cancelled" value="False" />
		</template_reference>
		<bool name="can_be_interrupted" value="True" />
		<template_reference name="casting_option" value="options\abilities\casting_ability_option">
			<float name="cast_time" value="0.125" />
			<bool name="keep_casting_actions_when_channeling" value="True" />
			<list name="self_actions">
				<template_reference name="action" value="action\animator_set_state">
					<bool name="apply_to_leader_only" value="False" />
					<string name="do_action_state_name" value="w" />
					<bool name="retrigger" value="False" />
					<string name="state_machine_name" value="ability_instant_id" />
					<string name="undo_action_state_name" value="" />
					<uniqueid name="id" value="1073746233" />
				</template_reference>
				<template_reference name="action" value="action\animator_set_state">
					<bool name="apply_to_leader_only" value="False" />
					<string name="do_action_state_name" value="wind_up_alt" />
					<bool name="retrigger" value="False" />
					<string name="state_machine_name" value="ability_instant_state" />
					<string name="undo_action_state_name" value="" />
					<uniqueid name="id" value="1073746234" />
				</template_reference>
			</list>
			<list name="target_actions">
			</list>
			<bool name="issue_stop_order" value="False" />
			<group name="casting_stop_requirement_overrides">
				<bool name="enable_overrides" value="False" />
				<list name="stop_self_requirements">
				</list>
				<list name="stop_target_requirements">
				</list>
			</group>
			<list name="abort_self_actions">
				<template_reference name="action" value="action\animator_set_state">
					<bool name="apply_to_leader_only" value="False" />
					<string name="do_action_state_name" value="off" />
					<bool name="retrigger" value="False" />
					<string name="state_machine_name" value="ability_instant_id" />
					<string name="undo_action_state_name" value="" />
					<uniqueid name="id" value="1073746235" />
				</template_reference>
				<template_reference name="action" value="action\animator_set_state">
					<bool name="apply_to_leader_only" value="False" />
					<string name="do_action_state_name" value="off" />
					<bool name="retrigger" value="False" />
					<string name="state_machine_name" value="ability_instant_state" />
					<string name="undo_action_state_name" value="" />
					<uniqueid name="id" value="1073746236" />
				</template_reference>
			</list>
			<list name="abort_target_actions">
			</list>
		</template_reference>
		<template_reference name="proxy_range_option" value="options\none">
		</template_reference>
		<instance_reference name="ability_category" value="" />
		<bool name="always_refund_cost_if_failed" value="False" />
		<instance_reference name="ui_menu" value="" />
		<int name="ui_combine_priority" value="0" />
		<bool name="ui_ignore_hide_spatial_abilities_option" value="False" />
	</group>
	<uniqueid name="pbgid" value="105499" />
</instance>