<instance description="A passive ability that informs the user that this Morkanaut is a reinforcement point, also displays radius." template="abilities">
	<group name="ability_bag" comment="This ability provides no actual function, is just used to display what is happening to the user.">
		<group name="action_list">
			<list name="end_self_actions">
			</list>
			<list name="end_target_actions">
			</list>
			<list name="start_self_actions">
			</list>
			<list name="start_target_actions">
			</list>
			<list name="abort_target_actions">
			</list>
			<list name="abort_self_actions">
			</list>
			<bool name="wait_until_abort_and_end_actions_finish" value="False" />
		</group>
		<enum name="activation" value="always_on" />
		<bool name="can_target_in_fow" value="False" />
		<float name="caster_close_in_distance" value="2" />
		<bool name="casters_can_evacuate" value="False" />
		<string name="cursor_ghost_blueprint" value="" />
		<float name="cursor_ghost_blueprint_angle" value="0" />
		<bool name="disable_combat" value="False" />
		<bool name="disable_when_active" value="False" />
		<bool name="enable_in_building" value="False" />
		<bool name="enable_in_vehicle" value="False" />
		<bool name="engage_combat" value="False" />
		<float name="entity_busy_time" value="0" />
		<float name="facing_angle" value="5" />
		<bool name="facing_ignore" value="True" />
		<float name="final_close_in_distance" value="0" />
		<bool name="fire_and_forget" value="False" />
		<bool name="garrison_target" value="False" />
		<bool name="initial_recharge" value="False" />
		<bool name="move_back" value="False" />
		<float name="move_back_distance" value="10" />
		<float name="range" value="20" />
		<bool name="range_ignore" value="True" />
		<float name="recharge_time" value="0" />
		<bool name="refundable" value="False" />
		<bool name="require_no_shot_block" value="False" />
		<enum name="shared_timer" value="" />
		<bool name="shared_timer_player_wide" value="False" />
		<enum name="squad_caster" value="one_entity" />
		<enum name="target" value="tp_squad" />
		<float name="toggled_recharge_time_off" value="0" />
		<float name="toggled_recharge_time_on" value="0" />
		<group name="ui_cursor">
			<string name="cursor_bad" value="modal_ability_cancel" />
			<string name="cursor_good" value="modal_ability" />
			<string name="cursor_nonmodal_good" value="" />
		</group>
		<group name="ui_info">
			<locstring name="extra_text" value="11128297" />
			<locstring name="help_text" value="11128298" />
			<string name="hotkey_name" value="" />
			<icon name="icon_name" value="Icons_common_abilities_reinforce_point" />
			<string name="overlay_name" value="" />
			<bool name="reveal_for_decryption" value="False" />
			<locstring name="screen_name" value="11128296" />
			<icon name="icon_alternate_name" value="" />
			<locstring name="brief_text" value="0" />
			<locstring name="help_text_alternate" value="0" />
			<locstring name="screen_name_alternate" value="0" />
			<locstring name="screen_name_short" value="0" />
			<enum name="ui_style" value="default" />
			<list name="nested_ui_info_source">
			</list>
			<list name="effect_attributes">
				<instance_reference name="ability_effect" value="ui_ability_effect\ability_effect_area_circle" />
				<instance_reference name="ability_effect" value="ui_ability_effect\ability_effect_reinforcement" />
			</list>
			<string name="info_video_url" value="" />
		</group>
		<locstring name="ui_usage_txt" value="0" />
		<bool name="validate_actions" value="False" />
		<list name="global_self_actions">
		</list>
		<list name="requirements">
			<template_reference name="required" value="requirements\required_constructionstate">
				<enum name="reason" value="usage" />
				<locstring name="ui_name" value="0" />
				<bool name="do_construction_completion_check" value="True" />
			</template_reference>
			<template_reference name="required" value="requirements\required_not">
				<enum name="reason" value="usage" />
				<locstring name="ui_name" value="11130443" />
				<list name="requirement_table">
					<template_reference name="required" value="requirements\required_player_upgrade">
						<enum name="reason" value="usage" />
						<locstring name="ui_name" value="0" />
						<bool name="is_present" value="False" />
						<int name="max_completed" value="100" />
						<int name="min_completed" value="1" />
						<instance_reference name="upgrade_name" value="upgrade\races\orks\army_upgrades\trukk_reinforce" />
						<bool name="include_queued" value="False" />
					</template_reference>
					<template_reference name="required" value="requirements\required_unit_type">
						<enum name="reason" value="usage" />
						<locstring name="ui_name" value="0" />
						<enum name="unit_type" value="dow3_trukk" />
						<template_reference name="qualify_option" value="options\none">
						</template_reference>
						<bool name="search_load_out" value="False" />
					</template_reference>
				</list>
			</template_reference>
			<template_reference name="required" value="requirements\required_not">
				<enum name="reason" value="usage_and_display" />
				<locstring name="ui_name" value="0" />
				<list name="requirement_table">
					<template_reference name="required" value="requirements\required_player_upgrade">
						<enum name="reason" value="usage" />
						<locstring name="ui_name" value="0" />
						<bool name="is_present" value="False" />
						<int name="max_completed" value="100" />
						<int name="min_completed" value="1" />
						<instance_reference name="upgrade_name" value="upgrade\races\eldar\structures\armory\eld_webway_reinforce" mod="a5fef7c6e07942ffb7483ef8065b8755" />
						<bool name="include_queued" value="False" />
					</template_reference>
					<template_reference name="required" value="requirements\required_unit_type">
						<enum name="reason" value="usage" />
						<locstring name="ui_name" value="0" />
						<enum name="unit_type" value="dow3_eld_webway" />
						<template_reference name="qualify_option" value="options\none">
						</template_reference>
						<bool name="search_load_out" value="False" />
					</template_reference>
				</list>
			</template_reference>
		</list>
		<enum name="ability_super" value="tp_none" />
		<int name="ui_position" value="34" />
		<bool name="ui_mini_map_capture" value="False" />
		<bool name="facing_ignore_during_active" value="True" />
		<instance_reference name="ui_range" value="" />
		<instance_reference name="ui_reticule" value="" />
		<float name="ui_reticule_radius_min" value="1" />
		<float name="ui_reticule_radius_max" value="1" />
		<enum name="pending_ability_out_of_range_behaviour" value="chase" />
		<enum name="ui_ability_group" value="group_primary" />
		<string name="ui_targetable_sm_key" value="" />
		<string name="ui_targetable_on_key" value="" />
		<string name="ui_targetable_off_key" value="" />
		<enum name="ui_targetable_receiver" value="local" />
		<enum name="ui_combine_type" value="intersection" />
		<enum_table name="ui_modal_highlight">
			<bool name="world_sector" value="False" />
			<bool name="map_sector" value="False" />
			<bool name="map_sector_hq_link_extender" value="False" />
		</enum_table>
		<enum name="ui_group_cast_type" value="single" />
		<list name="requirements_target">
		</list>
		<template_reference name="targeted_ability_option" value="options\none">
		</template_reference>
		<enum name="ui_direction_requirement" value="nondirectional" />
		<instance_reference name="cursor_ghost_ebp" value="" />
		<bool name="can_cast_whilst_constructing" value="False" />
		<list name="requirements_self_recharge">
		</list>
		<bool name="can_cast_outside_active_battle_field" value="False" />
		<enum_table name="cost_to_player">
			<float name="action" value="0" />
			<float name="power" value="0" />
			<float name="requisition" value="0" />
			<float name="popcap" value="0" />
			<float name="command" value="0" />
			<float name="drop_pods" value="0" />
			<float name="feat" value="0" />
			<float name="gamma" value="0" />
		</enum_table>
		<enum_table name="cost_to_squad">
			<float name="action" value="0" />
			<float name="power" value="0" />
			<float name="requisition" value="0" />
			<float name="popcap" value="0" />
			<float name="command" value="0" />
			<float name="drop_pods" value="0" />
			<float name="feat" value="0" />
			<float name="gamma" value="0" />
		</enum_table>
		<bool name="ability_super_event_cue" value="False" />
		<enum name="ui_progress_bar_type" value="auto_bar" />
		<group name="ability_tier">
			<list name="tiers">
			</list>
			<bool name="exclusive_tier_action" value="False" />
			<list name="passive_action_list">
				<template_reference name="action" value="action\requirement_action">
					<bool name="check_self" value="False" />
					<bool name="validation_requires_requirements" value="False" />
					<bool name="validate_all_sub_actions" value="False" />
					<list name="requirement_table">
						<template_reference name="required" value="requirements\required_constructionstate">
							<enum name="reason" value="usage" />
							<locstring name="ui_name" value="0" />
							<bool name="do_construction_completion_check" value="True" />
						</template_reference>
						<template_reference name="required" value="requirements\required_not">
							<enum name="reason" value="usage" />
							<locstring name="ui_name" value="0" />
							<list name="requirement_table">
								<template_reference name="required" value="requirements\required_player_upgrade">
									<enum name="reason" value="usage" />
									<locstring name="ui_name" value="0" />
									<bool name="is_present" value="False" />
									<int name="max_completed" value="100" />
									<int name="min_completed" value="1" />
									<instance_reference name="upgrade_name" value="upgrade\races\orks\army_upgrades\trukk_reinforce" />
									<bool name="include_queued" value="False" />
								</template_reference>
								<template_reference name="required" value="requirements\required_unit_type">
									<enum name="reason" value="usage" />
									<locstring name="ui_name" value="0" />
									<enum name="unit_type" value="dow3_trukk" />
									<template_reference name="qualify_option" value="options\none">
									</template_reference>
									<bool name="search_load_out" value="False" />
								</template_reference>
							</list>
						</template_reference>
						<template_reference name="required" value="requirements\required_not">
							<enum name="reason" value="usage" />
							<locstring name="ui_name" value="0" />
							<list name="requirement_table">
								<template_reference name="required" value="requirements\required_player_upgrade">
									<enum name="reason" value="usage" />
									<locstring name="ui_name" value="0" />
									<bool name="is_present" value="False" />
									<int name="max_completed" value="100" />
									<int name="min_completed" value="1" />
									<instance_reference name="upgrade_name" value="upgrade\races\eldar\structures\armory\eld_webway_reinforce" mod="a5fef7c6e07942ffb7483ef8065b8755" />
									<bool name="include_queued" value="False" />
								</template_reference>
								<template_reference name="required" value="requirements\required_unit_type">
									<enum name="reason" value="usage" />
									<locstring name="ui_name" value="0" />
									<enum name="unit_type" value="dow3_eld_webway" />
									<template_reference name="qualify_option" value="options\none">
									</template_reference>
									<bool name="search_load_out" value="False" />
								</template_reference>
							</list>
						</template_reference>
					</list>
					<list name="action_table">
						<template_reference name="action" value="action\ui_unit_modifier_action">
							<bool name="die_with_creator" value="False" />
							<template_reference name="ui_info" value="tables\ui_info">
								<locstring name="screen_name" value="11129367" />
								<locstring name="help_text" value="11129366" />
								<icon name="icon_name" value="Icons_common_states_reinforce_point" />
								<string name="hotkey_name" value="" />
							</template_reference>
							<uniqueid name="id" value="1073746587" />
						</template_reference>
					</list>
					<uniqueid name="id" value="1073746588" />
					<template_reference name="ui_help_text" value="tables\help_text_phrase">
						<int name="phrase_order" value="0" />
						<locstring name="phrase" value="0" />
					</template_reference>
					<template_reference name="behaviour_type" value="options\action\requirement_action\wait_until_requirements_pass_to_start_wait_again_when_requirements_fail">
					</template_reference>
				</template_reference>
			</list>
		</group>
		<enum name="ui_ability_issue_type" value="Normal" />
		<string name="speech_code" value="" />
		<template_reference name="channeling" value="options\abilities\channeling_option">
			<float name="channeling_time_second" value="2.3" />
			<list name="channeling_stop_self_requirement">
			</list>
			<list name="channeling_stop_target_requirement">
			</list>
			<bool name="can_be_cancelled" value="False" />
		</template_reference>
		<bool name="can_be_interrupted" value="False" />
		<template_reference name="casting_option" value="options\none">
		</template_reference>
		<template_reference name="proxy_range_option" value="options\none">
		</template_reference>
		<instance_reference name="ability_category" value="" />
		<bool name="always_refund_cost_if_failed" value="False" />
		<instance_reference name="ui_menu" value="" />
		<int name="ui_combine_priority" value="0" />
		<bool name="ui_ignore_hide_spatial_abilities_option" value="False" />
	</group>
	<uniqueid name="pbgid" value="105127" />
</instance>